feature,mean_importance,std_importance,n_models,level
Coriobacteriia,0.5434,0.582,3,class
Erysipelotrichia,0.3516,0.3053,3,class
Verrucomicrobiia,0.1808,0.1823,3,class
Clostridia,0.1751,0.2465,3,class
Actinomycetes,0.1705,0.1763,3,class
Negativicutes,0.1674,0.1911,3,class
Opitutia,0.1617,0.2686,3,class
Caldilineae,0.1325,0.1991,3,class
Bacilli,0.1294,0.1237,3,class
Cytophagia,0.1258,0.1892,3,class
Bacteroidia,0.1244,0.1248,3,class
Myxococcia,0.1213,0.1922,3,class
Chlamydiia,0.1085,0.1752,3,class
Synergistia,0.0955,0.1429,3,class
Gammaproteobacteria,0.0946,0.07,3,class
Fusobacteriia,0.094,0.1524,3,class
Mollicutes,0.0931,0.1349,3,class
Tissierellia,0.0857,0.1288,3,class
Epsilonproteobacteria,0.0805,0.1296,3,class
Betaproteobacteria,0.0802,0.067,3,class
Alphaproteobacteria,0.0688,0.1059,3,class
Dehalococcoidia,0.0623,0.0822,3,class
Desulfovibrionia,0.06,0.0929,3,class
Flavobacteriia,0.0461,0.035,3,class
