feature,mean_importance,std_importance,n_models,level
Coriobacteriia,0.5434,0.582,3,class
Actinomycetota,0.5119,0.4064,3,phylum
Erysipelotrichia,0.3516,0.3053,3,class
Actinomycetales,0.2811,0.2005,3,order
Bacillota,0.2682,0.3137,3,phylum
Pseudomonadota,0.2659,0.2008,3,phylum
Eggerthellales,0.2555,0.2693,3,order
Verrucomicrobiota,0.2542,0.1967,3,phylum
Bacteroidota,0.2499,0.2495,3,phylum
Myxococcota,0.2468,0.3508,3,phylum
Coriobacteriales,0.2154,0.2902,3,order
Actinomycetaceae,0.214,0.151,3,family
Verrucomicrobiia,0.1808,0.1823,3,class
Eggerthellaceae,0.1778,0.1857,3,family
Clostridia,0.1751,0.2465,3,class
Actinomycetes,0.1705,0.1763,3,class
Negativicutes,0.1674,0.1911,3,class
Erysipelotrichales,0.1662,0.1637,3,order
Schaalia,0.1658,0.12,3,genus
Opitutia,0.1617,0.2686,3,class
Lachnospirales,0.1572,0.202,3,order
Coriobacteriaceae,0.1478,0.2016,3,family
Puniceicoccales,0.1467,0.2431,3,order
Caldilineaceae,0.145,0.2308,3,family
Verrucomicrobiales,0.1438,0.1249,3,order
Lachnospira,0.1375,0.2205,3,genus
[Clostridium] symbiosum,0.1353,0.1544,3,species
Burkholderiaceae,0.1351,0.2234,3,family
Parvularculales,0.1335,0.218,3,order
Caldilineae,0.1325,0.1991,3,class
Anaerotignaceae,0.1321,0.2139,3,family
Anaerobutyricum hallii,0.1316,0.0825,3,species
Bacilli,0.1294,0.1237,3,class
Bifidobacteriales,0.1289,0.1739,3,order
Lachnospiraceae,0.1285,0.1716,3,family
Caldilineales,0.1261,0.1869,3,order
Cytophagia,0.1258,0.1892,3,class
Bifidobacteriaceae,0.1255,0.1779,3,family
Collinsella,0.1249,0.1284,3,genus
Rikenellaceae,0.1242,0.1768,3,family
Enterobacteriaceae,0.1203,0.1716,3,family
Oscillibacter hominis,0.1203,0.1831,3,species
Planctomycetota,0.1166,0.1911,3,phylum
Anaerotignum,0.116,0.1987,3,genus
Campylobacterota,0.1159,0.171,3,phylum
Akkermansia,0.1149,0.0924,3,genus
Fusobacteriota,0.1147,0.167,3,phylum
Enterococcus,0.1001,0.117,3,genus
Chlamydiota,0.0997,0.1426,3,phylum
Intestinibacter,0.0992,0.1616,3,genus
Alistipes ihumii,0.0991,0.1385,3,species
Phocaeicola salanitronis,0.0991,0.1199,3,species
Anaerobutyricum,0.0975,0.1244,3,genus
Akkermansia muciniphila,0.0966,0.0592,3,species
Desulfovibrio,0.0958,0.1553,3,genus
Flavonifractor plautii,0.0929,0.1481,3,species
Enterococcus faecalis,0.0899,0.0862,3,species
Blautia luti,0.0897,0.1389,3,species
Barnesiella,0.0886,0.1469,3,genus
Bacteroides fragilis,0.0854,0.1315,3,species
