feature,mean_importance,std_importance,n_models,level
Actinomycetaceae,0.214,0.151,3,family
Eggerthellaceae,0.1778,0.1857,3,family
Coriobacteriaceae,0.1478,0.2016,3,family
Caldilineaceae,0.145,0.2308,3,family
Burkholderiaceae,0.1351,0.2234,3,family
Anaerotignaceae,0.1321,0.2139,3,family
Lachnospiraceae,0.1285,0.1716,3,family
Bifidobacteriaceae,0.1255,0.1779,3,family
Rikenellaceae,0.1242,0.1768,3,family
Enterobacteriaceae,0.1203,0.1716,3,family
Akkermansiaceae,0.1182,0.0894,3,family
Vibrionaceae,0.1151,0.1978,3,family
Acidaminococcaceae,0.1057,0.0724,3,family
Streptococcaceae,0.1,0.1086,3,family
Turicibacteraceae,0.0971,0.1535,3,family
Lactobacillaceae,0.0939,0.1338,3,family
Erysipelotrichaceae,0.0931,0.1296,3,family
Desulfovibrionaceae,0.0907,0.1497,3,family
Peptococcaceae,0.0904,0.1482,3,family
Muribaculaceae,0.0866,0.1454,3,family
Enterococcaceae,0.0845,0.0984,3,family
Selenomonadaceae,0.0837,0.1268,3,family
Monoglobaceae,0.0824,0.1412,3,family
Coraliomargaritaceae,0.0787,0.1282,3,family
Peptostreptococcaceae,0.0752,0.0871,3,family
Coprobacillaceae,0.0735,0.0507,3,family
Fusobacteriaceae,0.0728,0.118,3,family
Synergistaceae,0.0721,0.1209,3,family
Butyricicoccaceae,0.0713,0.0947,3,family
Bacteroidaceae,0.0695,0.0874,3,family
Barnesiellaceae,0.0691,0.1074,3,family
Atopobiaceae,0.0677,0.1134,3,family
Cellulosilyticaceae,0.0669,0.1074,3,family
Odoribacteraceae,0.0656,0.0825,3,family
Parvularculaceae,0.0651,0.109,3,family
Anaerovoracaceae,0.0622,0.0813,3,family
Yersiniaceae,0.0604,0.0924,3,family
Bacillaceae,0.0582,0.0793,3,family
Christensenellaceae,0.0576,0.0858,3,family
Staphylococcaceae,0.0541,0.0889,3,family
Prevotellaceae,0.0539,0.0707,3,family
Pseudomonadaceae,0.0534,0.0858,3,family
Oscillospiraceae,0.053,0.0786,3,family
Veillonellaceae,0.053,0.0731,3,family
Tannerellaceae,0.0503,0.0715,3,family
Cytophagaceae,0.0445,0.0693,3,family
Acutalibacteraceae,0.0441,0.0588,3,family
Peptoniphilaceae,0.0435,0.0693,3,family
Eubacteriaceae,0.0415,0.0319,3,family
Aristaeellaceae,0.041,0.0519,3,family
Clostridiaceae,0.0408,0.0532,3,family
Anoxybacillaceae,0.037,0.0617,3,family
Carnobacteriaceae,0.0366,0.0622,3,family
Symbiobacteriaceae,0.0364,0.0602,3,family
Dehalococcoidaceae,0.0363,0.0542,3,family
Gemellaceae,0.0304,0.0494,3,family
Flavobacteriaceae,0.0266,0.034,3,family
Oxalobacteraceae,0.0263,0.0439,3,family
Pasteurellaceae,0.0252,0.0298,3,family
Minwuiaceae,0.0251,0.0414,3,family
Sutterellaceae,0.0183,0.004,3,family
