feature,mean_importance,std_importance,n_models,level
Schaalia,0.1658,0.12,3,genus
Lachnospira,0.1375,0.2205,3,genus
Collinsella,0.1249,0.1284,3,genus
Anaerotignum,0.116,0.1987,3,genus
Akkermansia,0.1149,0.0924,3,genus
Enterococcus,0.1001,0.117,3,genus
Intestinibacter,0.0992,0.1616,3,genus
Anaerobutyricum,0.0975,0.1244,3,genus
Desulfovibrio,0.0958,0.1553,3,genus
Barnesiella,0.0886,0.1469,3,genus
Mediterraneibacter,0.0871,0.1336,3,genus
Lachnoclostridium,0.0862,0.0892,3,genus
Thomasclavelia,0.0818,0.1251,3,genus
Blautia,0.0788,0.0883,3,genus
Oscillibacter,0.0783,0.1096,3,genus
Parabacteroides,0.0772,0.1215,3,genus
Spirosoma,0.0752,0.1268,3,genus
Odoribacter,0.0699,0.1062,3,genus
Alistipes,0.0682,0.1067,3,genus
Lachnoanaerobaculum,0.0661,0.0941,3,genus
Faecalibacillus,0.0661,0.0809,3,genus
Bacteroides,0.0658,0.0987,3,genus
Veillonella,0.0656,0.1096,3,genus
Monoglobus,0.0636,0.1095,3,genus
Lawsonibacter,0.0617,0.0512,3,genus
Butyricimonas,0.0606,0.0975,3,genus
Faecalibacterium,0.0602,0.0894,3,genus
Allobaculum,0.0599,0.0912,3,genus
Clostridioides,0.0597,0.0748,3,genus
Marvinbryantia,0.0595,0.0715,3,genus
Phascolarctobacterium,0.0595,0.0422,3,genus
Anaerostipes,0.0585,0.0768,3,genus
Lactobacillus,0.0585,0.1004,3,genus
Prevotella,0.0578,0.0855,3,genus
Bacillus,0.0576,0.0959,3,genus
Duodenibacillus,0.0574,0.0937,3,genus
Solibaculum,0.057,0.0567,3,genus
Flavonifractor,0.0551,0.0832,3,genus
Bifidobacterium,0.0549,0.0862,3,genus
Mogibacterium,0.0548,0.0919,3,genus
Acetivibrio,0.0548,0.0938,3,genus
Megamonas,0.0535,0.082,3,genus
Paraprevotella,0.052,0.0764,3,genus
Dialister,0.0518,0.0813,3,genus
Lacrimispora,0.0509,0.0705,3,genus
Anaeropeptidivorans,0.0508,0.0867,3,genus
Agathobacter,0.0505,0.0857,3,genus
Klebsiella,0.0504,0.0741,3,genus
Chakrabartyella,0.05,0.0798,3,genus
Emergencia,0.0496,0.0768,3,genus
Desulforamulus,0.0482,0.083,3,genus
Aminipila,0.0453,0.0707,3,genus
Streptococcus,0.0452,0.0411,3,genus
Candidatus Epulonipiscium,0.045,0.0714,3,genus
Clostridium,0.0448,0.07,3,genus
Ruthenibacterium,0.042,0.0684,3,genus
Paludihabitans,0.0417,0.0612,3,genus
Haemophilus,0.0414,0.0655,3,genus
Gordonibacter,0.041,0.0674,3,genus
Parvularcula,0.0407,0.0654,3,genus
Pusillibacter,0.04,0.0588,3,genus
Acidaminococcus,0.0395,0.0673,3,genus
Anaerotruncus,0.0389,0.0544,3,genus
Enterocloster,0.0385,0.055,3,genus
Escherichia,0.0373,0.0617,3,genus
Turicimonas,0.0373,0.0532,3,genus
Yersinia,0.0368,0.0626,3,genus
Dorea,0.0365,0.033,3,genus
Anaerocolumna,0.0364,0.06,3,genus
Phocaeicola,0.0364,0.0421,3,genus
Eubacterium,0.0358,0.0391,3,genus
Actinomyces,0.0352,0.0554,3,genus
Subdoligranulum,0.0351,0.0535,3,genus
Coraliomargarita,0.035,0.0583,3,genus
Eggerthella,0.0345,0.0573,3,genus
Sellimonas,0.0341,0.0488,3,genus
Hungatella,0.034,0.0551,3,genus
Christensenella,0.0327,0.0427,3,genus
Roseburia,0.0327,0.0349,3,genus
Holdemania,0.0322,0.0524,3,genus
Turicibacter,0.0314,0.0537,3,genus
Anaeromicropila,0.0312,0.048,3,genus
Vescimonas,0.0312,0.0392,3,genus
Massilistercora,0.0301,0.0493,3,genus
Terrisporobacter,0.0297,0.0505,3,genus
Megasphaera,0.0282,0.0464,3,genus
Longicatena,0.0279,0.0463,3,genus
Intestinimonas,0.0278,0.0433,3,genus
Granulicatella,0.0278,0.0475,3,genus
Cellulosilyticum,0.0275,0.0404,3,genus
Simiaoa,0.0264,0.0389,3,genus
Romboutsia,0.0238,0.0411,3,genus
Aristaeella,0.0237,0.034,3,genus
Claveliimonas,0.0229,0.0297,3,genus
Stomatobaculum,0.0211,0.0354,3,genus
Adlercreutzia,0.0182,0.0295,3,genus
Ligilactobacillus,0.0172,0.0274,3,genus
Tyzzerella,0.0158,0.0229,3,genus
Acutalibacter,0.0118,0.0182,3,genus
Ruminococcus,0.0088,0.0063,3,genus
