feature,mean_importance,std_importance,n_models,level
Actinomycetales,0.2811,0.2005,3,order
Eggerthellales,0.2555,0.2693,3,order
Coriobacteriales,0.2154,0.2902,3,order
Erysipelotrichales,0.1662,0.1637,3,order
Lachnospirales,0.1572,0.202,3,order
Puniceicoccales,0.1467,0.2431,3,order
Verrucomicrobiales,0.1438,0.1249,3,order
Parvularculales,0.1335,0.218,3,order
Bifidobacteriales,0.1289,0.1739,3,order
Caldilineales,0.1261,0.1869,3,order
Vibrionales,0.1192,0.1997,3,order
Myxococcales,0.1002,0.1685,3,order
Bacteroidales,0.0994,0.0972,3,order
Peptostreptococcales,0.0946,0.0979,3,order
Acidaminococcales,0.0943,0.0518,3,order
Cytophagales,0.0933,0.1498,3,order
Lactobacillales,0.0886,0.0888,3,order
Monoglobales,0.0845,0.1414,3,order
Selenomonadales,0.0844,0.1271,3,order
Parachlamydiales,0.0838,0.1427,3,order
Enterobacterales,0.0775,0.0922,3,order
Fusobacteriales,0.0703,0.1151,3,order
Pseudomonadales,0.0691,0.1122,3,order
Tissierellales,0.0659,0.1069,3,order
Desulfovibrionales,0.0657,0.1089,3,order
Synergistales,0.0645,0.1002,3,order
Dehalococcoidales,0.0618,0.0968,3,order
Eubacteriales,0.058,0.0467,3,order
Veillonellales,0.0566,0.0646,3,order
Rhodospirillales,0.0555,0.0948,3,order
Pasteurellales,0.0552,0.0796,3,order
Bacillales,0.0502,0.0548,3,order
Christensenellales,0.0463,0.0583,3,order
Burkholderiales,0.0435,0.0154,3,order
Chromatiales,0.0401,0.0649,3,order
Campylobacterales,0.0399,0.065,3,order
Flavobacteriales,0.0384,0.0338,3,order
Minwuiales,0.038,0.0583,3,order
Micrococcales,0.0334,0.0556,3,order
