feature,mean_importance,std_importance,n_models,level
Actinomycetota,0.5119,0.4064,3,phylum
Bacillota,0.2682,0.3137,3,phylum
Pseudomonadota,0.2659,0.2008,3,phylum
Verrucomicrobiota,0.2542,0.1967,3,phylum
Bacteroidota,0.2499,0.2495,3,phylum
Myxococcota,0.2468,0.3508,3,phylum
Planctomycetota,0.1166,0.1911,3,phylum
Campylobacterota,0.1159,0.171,3,phylum
Fusobacteriota,0.1147,0.167,3,phylum
Chlamydiota,0.0997,0.1426,3,phylum
Synergistota,0.0983,0.1032,3,phylum
Chloroflexota,0.0906,0.0984,3,phylum
Thermodesulfobacteriota,0.0671,0.0809,3,phylum
Mycoplasmatota,0.0607,0.0526,3,phylum
