feature,mean_importance,std_importance,n_models,level
[Clostridium] symbiosum,0.1353,0.1544,3,species
Anaerobutyricum hallii,0.1316,0.0825,3,species
Oscillibacter hominis,0.1203,0.1831,3,species
Phocaeicola salanitronis,0.0991,0.1199,3,species
Alistipes ihumii,0.0991,0.1385,3,species
Akkermansia muciniphila,0.0966,0.0592,3,species
Flavonifractor plautii,0.0929,0.1481,3,species
Enterococcus faecalis,0.0899,0.0862,3,species
Blautia luti,0.0897,0.1389,3,species
Bacteroides fragilis,0.0854,0.1315,3,species
Duodenibacillus massiliensis,0.0852,0.1355,3,species
Coprococcus catus,0.0844,0.1265,3,species
Lachnospira eligens,0.0821,0.1204,3,species
Butyricimonas faecihominis,0.0805,0.1226,3,species
Faecalibacillus intestinalis,0.0737,0.1131,3,species
Bacteroides zhangwenhongii,0.0734,0.1185,3,species
[Ruminococcus] torques,0.0733,0.1116,3,species
Veillonella rogosae,0.0681,0.1142,3,species
Mediterraneibacter gnavus,0.0673,0.1048,3,species
Clostridium sp. C45,0.0671,0.0676,3,species
Acetivibrio clariflavus,0.0668,0.1021,3,species
Allobaculum mucilyticum,0.0663,0.1032,3,species
Lacrimispora sp. JR3,0.0651,0.0886,3,species
Blautia obeum,0.0639,0.0644,3,species
Phascolarctobacterium faecium,0.0633,0.0446,3,species
Clostridioides difficile,0.0617,0.0734,3,species
Clostridium thermosuccinogenes,0.0608,0.1033,3,species
Eubacterium ventriosum,0.0573,0.0927,3,species
Bacteroides salyersiae,0.0568,0.0959,3,species
Mediterraneibacter glycyrrhizinilyticus,0.0566,0.092,3,species
Bacteroides caccae,0.056,0.077,3,species
Paraprevotella clara,0.0557,0.0836,3,species
Dorea longicatena,0.0538,0.0695,3,species
Intestinibacter bartlettii,0.0533,0.0802,3,species
Emergencia sp. JLR.KK010,0.0521,0.0855,3,species
Alistipes onderdonkii,0.052,0.069,3,species
Ruminococcus bicirculans (ex Wegman et al. 2014),0.0517,0.0798,3,species
Blautia sp. SC05B48,0.0511,0.0843,3,species
Marvinbryantia formatexigens,0.0509,0.0693,3,species
Streptococcus thermophilus,0.0506,0.0737,3,species
Anaerotruncus colihominis,0.0505,0.0717,3,species
Parabacteroides distasonis,0.0487,0.0793,3,species
Faecalibacterium prausnitzii,0.0486,0.0648,3,species
Anaeropeptidivorans aminofermentans,0.0477,0.0804,3,species
Spirosoma endbachense,0.0471,0.0797,3,species
Haemophilus parainfluenzae,0.047,0.0704,3,species
Bifidobacterium longum,0.0468,0.068,3,species
[Clostridium] colinum,0.0467,0.0779,3,species
Gordonibacter urolithinfaciens,0.0467,0.0806,3,species
Veillonella parvula,0.0464,0.0738,3,species
Parvularcula sp. IMCC14364,0.045,0.0638,3,species
[Clostridium] scindens,0.0445,0.0705,3,species
Vescimonas fastidiosa,0.0434,0.0468,3,species
Bacteroides eggerthii,0.043,0.0674,3,species
Lawsonibacter asaccharolyticus,0.0426,0.029,3,species
Barnesiella viscericola,0.0422,0.0652,3,species
Chakrabartyella piscis,0.0421,0.0669,3,species
Solibaculum mannosilyticum,0.0399,0.0402,3,species
Coprococcus comes,0.0398,0.0541,3,species
Ruminococcus albus,0.0383,0.059,3,species
Paludicola sp. MB14-C6,0.0382,0.0549,3,species
Thomasclavelia spiroformis,0.0377,0.0588,3,species
Eubacterium ramulus,0.0371,0.0369,3,species
Coraliomargarita akajimensis,0.036,0.0612,3,species
Monoglobus pectinilyticus,0.0357,0.0613,3,species
Bacteroides uniformis,0.0354,0.0485,3,species
Agathobacter rectalis,0.0348,0.0579,3,species
Hungatella hathewayi,0.0346,0.0515,3,species
Alistipes communis,0.0341,0.0459,3,species
Holdemania massiliensis,0.0337,0.0511,3,species
Granulicatella adiacens,0.0331,0.0546,3,species
Anaerostipes hadrus,0.0331,0.0381,3,species
Blautia argi,0.0329,0.0551,3,species
Ruminococcus champanellensis,0.0325,0.0478,3,species
Blautia hydrogenotrophica,0.0321,0.0482,3,species
Vescimonas coprocola,0.0301,0.0427,3,species
Massilistercora timonensis,0.0295,0.0472,3,species
Faecalibacterium taiwanense,0.0286,0.0388,3,species
Bacteroides sp. MSB163,0.0273,0.038,3,species
Clostridium perfringens,0.0267,0.0436,3,species
Intestinimonas butyriciproducens,0.0266,0.0425,3,species
Sellimonas intestinalis,0.0262,0.0439,3,species
Roseburia sp. 499,0.0257,0.0432,3,species
Phocaeicola dorei,0.0256,0.0371,3,species
Dorea formicigenerans,0.0249,0.0309,3,species
Anaerostipes sp. PC18,0.0247,0.0408,3,species
Romboutsia sp. 13368,0.0238,0.0411,3,species
Sellimonas catena,0.0234,0.0356,3,species
Longicatena caecimuris,0.0225,0.0376,3,species
Terrisporobacter petrolearius,0.0223,0.0369,3,species
Acutalibacter muris,0.0217,0.0331,3,species
Simiaoa sunii,0.0216,0.0308,3,species
Solobacterium moorei,0.0187,0.0311,3,species
Phocaeicola vulgatus,0.0185,0.0093,3,species
[Ruminococcus] lactaris,0.0175,0.0262,3,species
Adlercreutzia equolifaciens,0.0173,0.0298,3,species
Claveliimonas bilis,0.0154,0.0176,3,species
Pusillibacter faecalis,0.0149,0.0138,3,species
Ruthenibacterium lactatiformans,0.0109,0.0148,3,species
Roseburia intestinalis,0.0071,0.0114,3,species
