"taxon","effect_size","p_value","p_value_bh","comparison","level","significance","direction"
"Bacteroidia",0.84861172044463,1.42081283335468e-06,1.53587224028424e-05,"03_diabetic_2_vs_02_obesity_1","class","Highly Significant (p < 0.01)","No Change"
"Flavobacteriia",-0.0994838551783785,0.832507098465017,0.994114000490798,"03_diabetic_2_vs_02_obesity_1","class","Not Significant","No Change"
"Betaproteobacteria",0.145139194593218,0.674439420212115,0.979449120115522,"03_diabetic_2_vs_02_obesity_1","class","Not Significant","No Change"
"Gammaproteobacteria",0.194531627914566,0.592694976002348,0.959424122725287,"03_diabetic_2_vs_02_obesity_1","class","Not Significant","No Change"
"Verrucomicrobiia",-0.203434708788785,0.170758224969497,0.534758540958094,"03_diabetic_2_vs_02_obesity_1","class","Not Significant","No Change"
"Clostridia",0.0036214062981451,0.771343104612335,0.990131873664852,"03_diabetic_2_vs_02_obesity_1","class","Not Significant","No Change"
"Negativicutes",0.193068845411626,0.209451062525767,0.552702245395822,"03_diabetic_2_vs_02_obesity_1","class","Not Significant","No Change"
"Bacilli",-0.291721473631514,0.0173538756063045,0.0965301493946426,"03_diabetic_2_vs_02_obesity_1","class","Not Significant","No Change"
"Erysipelotrichia",-0.83846212816409,4.60334738372377e-07,3.68496659403354e-06,"03_diabetic_2_vs_02_obesity_1","class","Highly Significant (p < 0.01)","No Change"
"Actinomycetes",-1.05894575709532,1.13938615126553e-08,1.22646961738998e-07,"03_diabetic_2_vs_02_obesity_1","class","Highly Significant (p < 0.01)","Enriched in 02_obesity_1"
"Fusobacteriia",0.327373113366859,0.0349442926037931,0.111316061099723,"03_diabetic_2_vs_02_obesity_1","class","Not Significant","No Change"
"Synergistia",0.370846332576613,0.031950437046507,0.0986463431183063,"03_diabetic_2_vs_02_obesity_1","class","Not Significant","No Change"
"Coriobacteriia",-2.30592121820859,8.42301320199161e-17,2.02152316847799e-15,"03_diabetic_2_vs_02_obesity_1","class","Highly Significant (p < 0.01)","Enriched in 02_obesity_1"
"Dehalococcoidia",0.278147856487668,0.113433392929956,0.322722432172569,"03_diabetic_2_vs_02_obesity_1","class","Not Significant","No Change"
"Cytophagia",-0.256811930109388,0.253779711600867,0.61688412012413,"03_diabetic_2_vs_02_obesity_1","class","Not Significant","No Change"
"Desulfovibrionia",0.0644912310106083,0.600354904496796,0.891694109376822,"03_diabetic_2_vs_02_obesity_1","class","Not Significant","No Change"
"Alphaproteobacteria",-0.136565247266028,0.34232759917449,0.763214581432175,"03_diabetic_2_vs_02_obesity_1","class","Not Significant","No Change"
"Caldilineae",0.643756542767709,0.000437903434897927,0.00201978961354572,"03_diabetic_2_vs_02_obesity_1","class","Highly Significant (p < 0.01)","No Change"
"Tissierellia",-0.231740327216374,0.236374833908657,0.594403302986124,"03_diabetic_2_vs_02_obesity_1","class","Not Significant","No Change"
"Epsilonproteobacteria",0.643928561645774,0.00147086680641992,0.00518346494103256,"03_diabetic_2_vs_02_obesity_1","class","Highly Significant (p < 0.01)","No Change"
"Myxococcia",-0.158317385638496,0.455056247494368,0.786439398774466,"03_diabetic_2_vs_02_obesity_1","class","Not Significant","No Change"
"Mollicutes",0.677332119973482,0.00180488418899834,0.00681969068002907,"03_diabetic_2_vs_02_obesity_1","class","Highly Significant (p < 0.01)","No Change"
"Opitutia",-0.0498960819646937,0.812861092949329,0.975997035343667,"03_diabetic_2_vs_02_obesity_1","class","Not Significant","No Change"
"Chlamydiia",0.694179540352677,0.000271281395343034,0.00127537308745248,"03_diabetic_2_vs_02_obesity_1","class","Highly Significant (p < 0.01)","No Change"
