"baseMean","log2FoldChange","lfcSE","stat","pvalue","padj","taxon","comparison","level","significance","direction"
30327.5478261773,-0.647016656230029,0.250126599334809,-2.58675669821089,0.00968839753290881,0.0129178633772117,"Bacteroidia","02_obesity_1_vs_01_normal_2","class","Significant (p < 0.05)","No Change"
50.8009190952473,2.33047869723057,0.495476772545675,4.70350746263435,2.55729744344964e-06,6.81945984919903e-06,"Flavobacteriia","02_obesity_1_vs_01_normal_2","class","Highly Significant (p < 0.01)","Enriched in 02_obesity_1"
901.60586677416,0.491129270218745,0.437304727299345,1.12308246300424,0.261402473460913,0.272767798393997,"Betaproteobacteria","02_obesity_1_vs_01_normal_2","class","Not Significant","No Change"
545.873792888208,2.24705109568753,0.487308086192659,4.61115084964781,4.00445803752576e-06,9.61069929006182e-06,"Gammaproteobacteria","02_obesity_1_vs_01_normal_2","class","Highly Significant (p < 0.01)","Enriched in 02_obesity_1"
2838.959559615,5.49960090003613,0.599627210377738,9.17170002437286,4.65617167288681e-20,2.79370300373209e-19,"Verrucomicrobiia","02_obesity_1_vs_01_normal_2","class","Highly Significant (p < 0.01)","Enriched in 02_obesity_1"
28588.5449670592,1.39416491494147,0.210201080090876,6.63252973932737,3.29981827852275e-11,1.13136626692209e-10,"Clostridia","02_obesity_1_vs_01_normal_2","class","Highly Significant (p < 0.01)","Enriched in 02_obesity_1"
4047.22780161864,0.514170306542719,0.379205170868329,1.35591586308103,0.175125939691951,0.200143931076515,"Negativicutes","02_obesity_1_vs_01_normal_2","class","Not Significant","No Change"
642.232109060161,2.12542784874512,0.335258899160454,6.33966124111114,2.30270909610871e-10,6.90812728832614e-10,"Bacilli","02_obesity_1_vs_01_normal_2","class","Highly Significant (p < 0.01)","Enriched in 02_obesity_1"
702.074566504028,4.19578489134308,0.391750965468009,10.7103370794008,9.10297586582587e-27,7.2823806926607e-26,"Erysipelotrichia","02_obesity_1_vs_01_normal_2","class","Highly Significant (p < 0.01)","Enriched in 02_obesity_1"
935.827623531534,6.26928740017674,0.51759830005924,12.1122642780303,9.09483292196517e-34,1.09137995063582e-32,"Actinomycetes","02_obesity_1_vs_01_normal_2","class","Highly Significant (p < 0.01)","Enriched in 02_obesity_1"
20.852157594294,0.404129697826691,0.5861698544017,0.6894412853066,0.490545610238758,0.490545610238758,"Fusobacteriia","02_obesity_1_vs_01_normal_2","class","Not Significant","No Change"
5.0134778565751,-0.966806851985668,0.43570980865869,-2.21892377167714,0.0264919109649086,0.0334634664819898,"Synergistia","02_obesity_1_vs_01_normal_2","class","Significant (p < 0.05)","No Change"
306.823797154178,8.35965398073054,0.405402469095788,20.6206291722297,1.79212767784086e-94,4.30110642681807e-93,"Coriobacteriia","02_obesity_1_vs_01_normal_2","class","Highly Significant (p < 0.01)","Enriched in 02_obesity_1"
288.381269931766,0.920018219953141,0.702350273346562,1.30991366397486,0.190225044160161,0.207518229992902,"Dehalococcoidia","02_obesity_1_vs_01_normal_2","class","Not Significant","No Change"
10.6034822032886,1.36767374178003,0.446152793946935,3.06548285774649,0.00217318834835066,0.00325978252252599,"Cytophagia","02_obesity_1_vs_01_normal_2","class","Highly Significant (p < 0.01)","Enriched in 02_obesity_1"
30.5675938559673,1.54453399638888,0.535420255754531,2.88471341864398,0.0039177011476223,0.00553087220840795,"Desulfovibrionia","02_obesity_1_vs_01_normal_2","class","Highly Significant (p < 0.01)","Enriched in 02_obesity_1"
39.8738761005535,4.21419804730023,0.532438309436928,7.914903891414,2.47444164032105e-15,1.1877319873541e-14,"Alphaproteobacteria","02_obesity_1_vs_01_normal_2","class","Highly Significant (p < 0.01)","Enriched in 02_obesity_1"
3.86750956557974,-1.60684599458582,0.39507348071151,-4.06720793228631,4.75797853283167e-05,0.000103810440716327,"Caldilineae","02_obesity_1_vs_01_normal_2","class","Highly Significant (p < 0.01)","Enriched in 01_normal_2"
4.8858379299045,1.27664437574137,0.386966546107822,3.29910786496167,0.000969926341318715,0.00155188214610994,"Tissierellia","02_obesity_1_vs_01_normal_2","class","Highly Significant (p < 0.01)","Enriched in 02_obesity_1"
3.75699832478418,-1.66414805441668,0.415242045408892,-4.00765787765539,6.13238670286163e-05,0.000122647734057233,"Epsilonproteobacteria","02_obesity_1_vs_01_normal_2","class","Highly Significant (p < 0.01)","Enriched in 01_normal_2"
4.13243638060553,1.56848491661915,0.4167426199359,3.76367772717944,0.000167432632960507,0.000309106399311705,"Myxococcia","02_obesity_1_vs_01_normal_2","class","Highly Significant (p < 0.01)","Enriched in 02_obesity_1"
7.80050979804473,-1.73869938088254,0.496859123339533,-3.49938101004615,0.000466339692774723,0.000799439473328097,"Mollicutes","02_obesity_1_vs_01_normal_2","class","Highly Significant (p < 0.01)","Enriched in 01_normal_2"
5.65061551426888,0.738079900046901,0.435686966760503,1.69406008523689,0.0902538660402177,0.108304639248261,"Opitutia","02_obesity_1_vs_01_normal_2","class","Not Significant","No Change"
5.99159079903351,-3.14809393632375,0.46428777717105,-6.78047989009184,1.19777349695772e-11,4.79109398783087e-11,"Chlamydiia","02_obesity_1_vs_01_normal_2","class","Highly Significant (p < 0.01)","Enriched in 01_normal_2"
