"baseMean","log2FoldChange","lfcSE","stat","pvalue","padj","taxon","comparison","level","significance","direction"
30327.5478261773,0.649351267045938,0.271827161285654,2.38883878996756,0.0169017169456352,0.0338034338912703,"Bacteroidia","04_t2d_obesity_3_vs_02_obesity_1","class","Significant (p < 0.05)","No Change"
50.8009190952473,0.119337498627742,0.531740384280783,0.224428127250773,0.822424186449254,0.822424186449254,"Flavobacteriia","04_t2d_obesity_3_vs_02_obesity_1","class","Not Significant","No Change"
901.60586677416,-0.17957398135563,0.4751618096214,-0.377921747327949,0.705488726448019,0.764888955844674,"Betaproteobacteria","04_t2d_obesity_3_vs_02_obesity_1","class","Not Significant","No Change"
545.873792888208,-0.749803233025177,0.529056674128976,-1.41724558008768,0.156411139764944,0.25025782362391,"Gammaproteobacteria","04_t2d_obesity_3_vs_02_obesity_1","class","Not Significant","No Change"
2838.959559615,4.80049650884073,0.642239779126456,7.47461721441505,7.74289042928466e-14,9.29146851514159e-13,"Verrucomicrobiia","04_t2d_obesity_3_vs_02_obesity_1","class","Highly Significant (p < 0.01)","Enriched in 04_t2d_obesity_3"
28588.5449670592,-0.750095215986071,0.22843094106093,-3.28368483053264,0.00102459434292503,0.00273225158113341,"Clostridia","04_t2d_obesity_3_vs_02_obesity_1","class","Highly Significant (p < 0.01)","No Change"
4047.22780161864,2.0229177998736,0.412034544597245,4.90958301045112,9.12702593418113e-07,3.65081037367245e-06,"Negativicutes","04_t2d_obesity_3_vs_02_obesity_1","class","Highly Significant (p < 0.01)","Enriched in 04_t2d_obesity_3"
642.232109060161,-1.60191609011583,0.363995317033541,-4.40092499862634,1.07790380932323e-05,3.69567020339395e-05,"Bacilli","04_t2d_obesity_3_vs_02_obesity_1","class","Highly Significant (p < 0.01)","Enriched in 02_obesity_1"
702.074566504028,-5.04198159830199,0.425939130374671,-11.8373289485446,2.50297928708184e-32,6.0071502889964e-31,"Erysipelotrichia","04_t2d_obesity_3_vs_02_obesity_1","class","Highly Significant (p < 0.01)","Enriched in 02_obesity_1"
935.827623531534,-2.25451284058752,0.559603217112077,-4.02877033520697,5.60693601031476e-05,0.000168208080309443,"Actinomycetes","04_t2d_obesity_3_vs_02_obesity_1","class","Highly Significant (p < 0.01)","Enriched in 02_obesity_1"
20.852157594294,-4.06442825729448,0.670824478038698,-6.05885502147704,1.37093884782777e-09,8.22563308696663e-09,"Fusobacteriia","04_t2d_obesity_3_vs_02_obesity_1","class","Highly Significant (p < 0.01)","Enriched in 02_obesity_1"
5.0134778565751,0.87325153655402,0.462072134930659,1.8898597654781,0.0587767178373055,0.100760087721095,"Synergistia","04_t2d_obesity_3_vs_02_obesity_1","class","Not Significant","No Change"
306.823797154178,-0.221092683675415,0.366452545475981,-0.6033323725129,0.546287601327594,0.699615007187849,"Coriobacteriia","04_t2d_obesity_3_vs_02_obesity_1","class","Not Significant","No Change"
288.381269931766,0.472587508768035,0.76294587193217,0.619424688112148,0.535636621368762,0.699615007187849,"Dehalococcoidia","04_t2d_obesity_3_vs_02_obesity_1","class","Not Significant","No Change"
10.6034822032886,-0.223289902143003,0.470513981128645,-0.474565923859237,0.635096399344663,0.753077288528203,"Cytophagia","04_t2d_obesity_3_vs_02_obesity_1","class","Not Significant","No Change"
30.5675938559673,0.254142644706098,0.575799516152097,0.441373494726882,0.658942627462178,0.753077288528203,"Desulfovibrionia","04_t2d_obesity_3_vs_02_obesity_1","class","Not Significant","No Change"
39.8738761005535,-1.55205479399211,0.561461257882436,-2.76431324904896,0.00570427490988121,0.0136902597837149,"Alphaproteobacteria","04_t2d_obesity_3_vs_02_obesity_1","class","Significant (p < 0.05)","Enriched in 02_obesity_1"
3.86750956557974,0.494829477047186,0.4381585281398,1.12933891563855,0.258754890378895,0.388132335568343,"Caldilineae","04_t2d_obesity_3_vs_02_obesity_1","class","Not Significant","No Change"
4.8858379299045,0.128793317481842,0.377567994931556,0.341112910020855,0.733018582684479,0.764888955844674,"Tissierellia","04_t2d_obesity_3_vs_02_obesity_1","class","Not Significant","No Change"
3.75699832478418,2.27470200653402,0.423091826424437,5.37637899024804,7.59987355764955e-08,3.64793930767179e-07,"Epsilonproteobacteria","04_t2d_obesity_3_vs_02_obesity_1","class","Highly Significant (p < 0.01)","Enriched in 04_t2d_obesity_3"
4.13243638060553,-0.239482430236957,0.404542655671123,-0.591983136709438,0.55386188069038,0.699615007187849,"Myxococcia","04_t2d_obesity_3_vs_02_obesity_1","class","Not Significant","No Change"
7.80050979804473,1.44549346108998,0.536019769655825,2.69671669389754,0.00700268193284284,0.0152785787625662,"Mollicutes","04_t2d_obesity_3_vs_02_obesity_1","class","Significant (p < 0.05)","Enriched in 04_t2d_obesity_3"
5.65061551426888,-0.91942575292748,0.465497108134132,-1.9751481520752,0.0482513377542548,0.0890793927770857,"Opitutia","04_t2d_obesity_3_vs_02_obesity_1","class","Not Significant","No Change"
5.99159079903351,3.30304177103359,0.490254847288365,6.73739747664495,1.61248638814281e-11,1.28998911051425e-10,"Chlamydiia","04_t2d_obesity_3_vs_02_obesity_1","class","Highly Significant (p < 0.01)","Enriched in 04_t2d_obesity_3"
