"taxon","effect_size","p_value","p_value_bh","comparison","level","significance","direction"
"Bacteroidia",-0.903560671964934,3.40721809228423e-06,7.59109514173115e-05,"01_normal_2_vs_04_t2d_obesity_3","class","Highly Significant (p < 0.01)","No Change"
"Flavobacteriia",0.153630880067475,0.523892560204423,0.900377969661227,"01_normal_2_vs_04_t2d_obesity_3","class","Not Significant","No Change"
"Betaproteobacteria",-0.508835269931723,0.00482001962835359,0.0178615105745648,"01_normal_2_vs_04_t2d_obesity_3","class","Significant (p < 0.05)","No Change"
"Gammaproteobacteria",0.0810067432526458,0.300427845979798,0.779500927722644,"01_normal_2_vs_04_t2d_obesity_3","class","Not Significant","No Change"
"Verrucomicrobiia",1.03495792077243,7.68350800795475e-06,9.2202096095457e-05,"01_normal_2_vs_04_t2d_obesity_3","class","Highly Significant (p < 0.01)","Enriched in 01_normal_2"
"Clostridia",-0.646172582710199,0.000257605014036582,0.00191147628657956,"01_normal_2_vs_04_t2d_obesity_3","class","Highly Significant (p < 0.01)","No Change"
"Negativicutes",0.200482532364514,0.156018571785815,0.62274224517613,"01_normal_2_vs_04_t2d_obesity_3","class","Not Significant","No Change"
"Bacilli",-0.196677982521623,0.572910010709496,0.850068397679033,"01_normal_2_vs_04_t2d_obesity_3","class","Not Significant","No Change"
"Erysipelotrichia",-0.525630225948924,0.00318192089429134,0.012287746546959,"01_normal_2_vs_04_t2d_obesity_3","class","Significant (p < 0.05)","No Change"
"Actinomycetes",0.3005636314617,0.148248739079602,0.552537676304635,"01_normal_2_vs_04_t2d_obesity_3","class","Not Significant","No Change"
"Fusobacteriia",-0.518037865309944,0.00711625468668122,0.0218714270559165,"01_normal_2_vs_04_t2d_obesity_3","class","Significant (p < 0.05)","No Change"
"Synergistia",-0.483552949019696,0.0329254446018729,0.0720796884505352,"01_normal_2_vs_04_t2d_obesity_3","class","Not Significant","No Change"
"Coriobacteriia",1.94832872452423,2.17370391932909e-16,5.21688940638983e-15,"01_normal_2_vs_04_t2d_obesity_3","class","Highly Significant (p < 0.01)","Enriched in 01_normal_2"
"Dehalococcoidia",0.193624745022431,0.315543017871735,0.803748202778184,"01_normal_2_vs_04_t2d_obesity_3","class","Not Significant","No Change"
"Cytophagia",0.195204380152257,0.396274168386474,0.773259293278948,"01_normal_2_vs_04_t2d_obesity_3","class","Not Significant","No Change"
"Desulfovibrionia",0.345891382506357,0.171463744129006,0.548533564407748,"01_normal_2_vs_04_t2d_obesity_3","class","Not Significant","No Change"
"Alphaproteobacteria",0.369835713722716,0.089928723957812,0.355232169586324,"01_normal_2_vs_04_t2d_obesity_3","class","Not Significant","No Change"
"Caldilineae",-0.533576341759911,0.00914383050532256,0.0272241825003757,"01_normal_2_vs_04_t2d_obesity_3","class","Significant (p < 0.05)","No Change"
"Tissierellia",-0.00889068591961508,0.705432449564629,0.879582253028532,"01_normal_2_vs_04_t2d_obesity_3","class","Not Significant","No Change"
"Epsilonproteobacteria",-0.242069480578476,0.203463526295531,0.380978700778595,"01_normal_2_vs_04_t2d_obesity_3","class","Not Significant","No Change"
"Myxococcia",-0.299751718060475,0.288019504989834,0.499998039158203,"01_normal_2_vs_04_t2d_obesity_3","class","Not Significant","No Change"
"Mollicutes",-0.263250619321995,0.132183158340058,0.279524312586199,"01_normal_2_vs_04_t2d_obesity_3","class","Not Significant","No Change"
"Opitutia",-0.337972797012711,0.0578583536711948,0.127597842162114,"01_normal_2_vs_04_t2d_obesity_3","class","Not Significant","No Change"
"Chlamydiia",-0.326751798185428,0.110920603726673,0.244990974117804,"01_normal_2_vs_04_t2d_obesity_3","class","Not Significant","No Change"
