"baseMean","log2FoldChange","lfcSE","stat","pvalue","padj","taxon","comparison","level","significance","direction"
30327.5478261773,0.00233461081590889,0.270406646034975,0.0086337035355519,0.993111386827039,0.993111386827039,"Bacteroidia","04_t2d_obesity_3_vs_01_normal_2","class","Not Significant","No Change"
50.8009190952473,2.44981619585831,0.535097807357471,4.57825870742489,4.68862595178625e-06,1.60752889775529e-05,"Flavobacteriia","04_t2d_obesity_3_vs_01_normal_2","class","Highly Significant (p < 0.01)","Enriched in 04_t2d_obesity_3"
901.60586677416,0.311555288863115,0.472795092799678,0.658964726173923,0.509918420044687,0.644107477951183,"Betaproteobacteria","04_t2d_obesity_3_vs_01_normal_2","class","Not Significant","No Change"
545.873792888208,1.49724786266235,0.526840596610561,2.84193714815245,0.00448403306494638,0.00918697206673199,"Gammaproteobacteria","04_t2d_obesity_3_vs_01_normal_2","class","Highly Significant (p < 0.01)","Enriched in 04_t2d_obesity_3"
2838.959559615,10.3000974088769,0.646853171800502,15.9233932179799,4.36072394338071e-57,5.23286873205686e-56,"Verrucomicrobiia","04_t2d_obesity_3_vs_01_normal_2","class","Highly Significant (p < 0.01)","Enriched in 04_t2d_obesity_3"
28588.5449670592,0.644069698955396,0.227246021201222,2.83423971760141,0.00459348603336599,0.00918697206673199,"Clostridia","04_t2d_obesity_3_vs_01_normal_2","class","Highly Significant (p < 0.01)","No Change"
4047.22780161864,2.53708810641632,0.409933010445417,6.18903099230681,6.05351817471105e-10,3.63211090482663e-09,"Negativicutes","04_t2d_obesity_3_vs_01_normal_2","class","Highly Significant (p < 0.01)","Enriched in 04_t2d_obesity_3"
642.232109060161,0.523511758629286,0.362598612097189,1.44377761294069,0.148801541251763,0.210072764120136,"Bacilli","04_t2d_obesity_3_vs_01_normal_2","class","Not Significant","No Change"
702.074566504028,-0.846196706958915,0.4247930339343,-1.9920211476203,0.0463687376157365,0.0741899801851784,"Erysipelotrichia","04_t2d_obesity_3_vs_01_normal_2","class","Not Significant","No Change"
935.827623531534,4.01477455958922,0.559240702187624,7.17897417674415,7.023640945547e-13,5.6189127564376e-12,"Actinomycetes","04_t2d_obesity_3_vs_01_normal_2","class","Highly Significant (p < 0.01)","Enriched in 04_t2d_obesity_3"
20.852157594294,-3.66029855946779,0.671064764140263,-5.45446394306994,4.91208006723732e-08,2.35779843227391e-07,"Fusobacteriia","04_t2d_obesity_3_vs_01_normal_2","class","Highly Significant (p < 0.01)","Enriched in 01_normal_2"
5.0134778565751,-0.0935553154316482,0.474091023069651,-0.197336188367151,0.843564461869215,0.880241177602659,"Synergistia","04_t2d_obesity_3_vs_01_normal_2","class","Not Significant","No Change"
306.823797154178,8.13856129705512,0.428499457957523,18.9931659093531,1.94256275250802e-80,4.66215060601926e-79,"Coriobacteriia","04_t2d_obesity_3_vs_01_normal_2","class","Highly Significant (p < 0.01)","Enriched in 04_t2d_obesity_3"
288.381269931766,1.39260572872118,0.759282385029014,1.83410777884431,0.0666379969587827,0.099956995438174,"Dehalococcoidia","04_t2d_obesity_3_vs_01_normal_2","class","Not Significant","No Change"
10.6034822032886,1.14438383963703,0.483418397805133,2.36727407321045,0.0179196571152138,0.0307194121975093,"Cytophagia","04_t2d_obesity_3_vs_01_normal_2","class","Significant (p < 0.05)","Enriched in 04_t2d_obesity_3"
30.5675938559673,1.79867664109498,0.578535127583203,3.10901889157336,0.00187709715703482,0.00500559241875952,"Desulfovibrionia","04_t2d_obesity_3_vs_01_normal_2","class","Highly Significant (p < 0.01)","Enriched in 04_t2d_obesity_3"
39.8738761005535,2.66214325330812,0.574589076432702,4.63312541518516,3.60186182530373e-06,1.44074473012149e-05,"Alphaproteobacteria","04_t2d_obesity_3_vs_01_normal_2","class","Highly Significant (p < 0.01)","Enriched in 04_t2d_obesity_3"
3.86750956557974,-1.11201651753863,0.451979401214048,-2.46032565765536,0.013881099586591,0.0256266453906296,"Caldilineae","04_t2d_obesity_3_vs_01_normal_2","class","Significant (p < 0.05)","Enriched in 01_normal_2"
4.8858379299045,1.40543769322321,0.41855874838621,3.35780269470415,0.000785646707803619,0.00235694012341086,"Tissierellia","04_t2d_obesity_3_vs_01_normal_2","class","Highly Significant (p < 0.01)","Enriched in 04_t2d_obesity_3"
3.75699832478418,0.610553952117335,0.434912812053151,1.40385368100565,0.1603624249545,0.213816566606,"Epsilonproteobacteria","04_t2d_obesity_3_vs_01_normal_2","class","Not Significant","No Change"
4.13243638060553,1.3290024863822,0.452580637984232,2.93649876915083,0.00331940137566472,0.00796656330159534,"Myxococcia","04_t2d_obesity_3_vs_01_normal_2","class","Highly Significant (p < 0.01)","Enriched in 04_t2d_obesity_3"
7.80050979804473,-0.293205919792564,0.535768932206975,-0.54726189251917,0.584198820328783,0.70103858439454,"Mollicutes","04_t2d_obesity_3_vs_01_normal_2","class","Not Significant","No Change"
5.65061551426888,-0.181345852880579,0.482250739107889,-0.376040590867832,0.706886719740718,0.807870536846535,"Opitutia","04_t2d_obesity_3_vs_01_normal_2","class","Not Significant","No Change"
5.99159079903351,0.154947834709839,0.476300566744054,0.325315243206717,0.744942495356539,0.812664540388952,"Chlamydiia","04_t2d_obesity_3_vs_01_normal_2","class","Not Significant","No Change"
