"taxon","effect_size","p_value","p_value_bh","comparison","level","significance","direction"
"Bacteroidia",-0.107777219138281,0.200065871183462,0.853264406040175,"01_normal_2_vs_03_diabetic_2","class","Not Significant","No Change"
"Flavobacteriia",0.212357578687763,0.208610607072659,0.809230282357642,"01_normal_2_vs_03_diabetic_2","class","Not Significant","No Change"
"Betaproteobacteria",-0.100586787349524,0.308801912995898,0.946048123011515,"01_normal_2_vs_03_diabetic_2","class","Not Significant","No Change"
"Gammaproteobacteria",0.347291987625363,0.0118046171772114,0.235367573877526,"01_normal_2_vs_03_diabetic_2","class","Not Significant","No Change"
"Verrucomicrobiia",-0.1091851051057,0.473603462123327,0.909205961207557,"01_normal_2_vs_03_diabetic_2","class","Not Significant","No Change"
"Clostridia",-0.193798156936018,0.1331188234011,0.799003968793598,"01_normal_2_vs_03_diabetic_2","class","Not Significant","No Change"
"Negativicutes",-0.0338967973184623,0.841026405324641,1,"01_normal_2_vs_03_diabetic_2","class","Not Significant","No Change"
"Bacilli",0.0371009093250782,0.806710529300142,1,"01_normal_2_vs_03_diabetic_2","class","Not Significant","No Change"
"Erysipelotrichia",0.00859338582766411,0.720651966454491,1,"01_normal_2_vs_03_diabetic_2","class","Not Significant","No Change"
"Actinomycetes",-0.186308499520974,0.27883500137056,0.850842795475408,"01_normal_2_vs_03_diabetic_2","class","Not Significant","No Change"
"Fusobacteriia",0.00648361201995312,0.554741238944779,0.977345808150754,"01_normal_2_vs_03_diabetic_2","class","Not Significant","No Change"
"Synergistia",0.0298448795469885,0.650046132161838,0.969961386020702,"01_normal_2_vs_03_diabetic_2","class","Not Significant","No Change"
"Coriobacteriia",-0.0276734922545492,0.730771372520217,0.984496256808413,"01_normal_2_vs_03_diabetic_2","class","Not Significant","No Change"
"Dehalococcoidia",0.0363573975764904,0.771396176243249,0.999564370661217,"01_normal_2_vs_03_diabetic_2","class","Not Significant","No Change"
"Cytophagia",-0.0817453746077076,0.578544351112363,0.941545485650733,"01_normal_2_vs_03_diabetic_2","class","Not Significant","No Change"
"Desulfovibrionia",0.0481911905590393,0.719622356479832,0.993479323510679,"01_normal_2_vs_03_diabetic_2","class","Not Significant","No Change"
"Alphaproteobacteria",0.0229165575928009,0.732185644715991,0.985218028853561,"01_normal_2_vs_03_diabetic_2","class","Not Significant","No Change"
"Caldilineae",0.1415321986347,0.405168518589216,0.880513317154732,"01_normal_2_vs_03_diabetic_2","class","Not Significant","No Change"
"Tissierellia",-0.0900347836245174,0.611197871988463,0.953590678514756,"01_normal_2_vs_03_diabetic_2","class","Not Significant","No Change"
"Epsilonproteobacteria",0.00954003439658107,0.724706565998519,0.988486100436011,"01_normal_2_vs_03_diabetic_2","class","Not Significant","No Change"
"Myxococcia",-0.105389255794751,0.474468174026931,0.878403496972389,"01_normal_2_vs_03_diabetic_2","class","Not Significant","No Change"
"Mollicutes",-0.0437639464131668,0.663721993427922,0.969697378201063,"01_normal_2_vs_03_diabetic_2","class","Not Significant","No Change"
"Opitutia",-0.206589830585005,0.246298724553919,0.747486506407438,"01_normal_2_vs_03_diabetic_2","class","Not Significant","No Change"
"Chlamydiia",0.0116575236435965,0.779426356195292,0.981869009785176,"01_normal_2_vs_03_diabetic_2","class","Not Significant","No Change"
