"baseMean","log2FoldChange","lfcSE","stat","pvalue","padj","taxon","comparison","level","significance","direction"
30327.5478261773,0.0274096155059005,0.248581236444969,0.110264217436091,0.912199834530318,0.912199834530318,"Bacteroidia","03_diabetic_2_vs_01_normal_2","class","Not Significant","No Change"
50.8009190952473,0.697178462531381,0.495951507635243,1.40573917368578,0.159801589965552,0.383523815917326,"Flavobacteriia","03_diabetic_2_vs_01_normal_2","class","Not Significant","No Change"
901.60586677416,-0.198146086966843,0.434734541613578,-0.455786389163825,0.648543592556162,0.819212959018309,"Betaproteobacteria","03_diabetic_2_vs_01_normal_2","class","Not Significant","No Change"
545.873792888208,1.75819794464708,0.484432596634513,3.62939644619657,0.000284084663921035,0.00340901596705242,"Gammaproteobacteria","03_diabetic_2_vs_01_normal_2","class","Highly Significant (p < 0.01)","Enriched in 03_diabetic_2"
2838.959559615,-0.316208765738359,0.605418077874902,-0.522298189126254,0.601462729839,0.801950306452,"Verrucomicrobiia","03_diabetic_2_vs_01_normal_2","class","Not Significant","No Change"
28588.5449670592,-0.0360571778970154,0.208911466585091,-0.172595494571999,0.862969393561097,0.912199834530318,"Clostridia","03_diabetic_2_vs_01_normal_2","class","Not Significant","No Change"
4047.22780161864,-0.0931577091776594,0.376916504202252,-0.247157415870734,0.804786400258527,0.912199834530318,"Negativicutes","03_diabetic_2_vs_01_normal_2","class","Not Significant","No Change"
642.232109060161,0.957461695205738,0.333424320819893,2.87160124627781,0.00408397934544445,0.0326718347635556,"Bacilli","03_diabetic_2_vs_01_normal_2","class","Significant (p < 0.05)","No Change"
702.074566504028,1.02420341384066,0.389838506823102,2.6272505047979,0.00860779394638283,0.051646763678297,"Erysipelotrichia","03_diabetic_2_vs_01_normal_2","class","Not Significant","No Change"
935.827623531534,-0.43813842623841,0.517756959135744,-0.846224118300148,0.397427729753481,0.681304679577395,"Actinomycetes","03_diabetic_2_vs_01_normal_2","class","Not Significant","No Change"
20.852157594294,0.536582380673464,0.58461784328879,0.917834422663016,0.358705557808906,0.662225645185673,"Fusobacteriia","03_diabetic_2_vs_01_normal_2","class","Not Significant","No Change"
5.0134778565751,0.828553207629303,0.435318223246157,1.90332764259397,0.0569978060661702,0.227991224264681,"Synergistia","03_diabetic_2_vs_01_normal_2","class","Not Significant","No Change"
306.823797154178,0.947290379440159,0.43167178539027,2.19446906538894,0.0282017054935642,0.135368186369108,"Coriobacteriia","03_diabetic_2_vs_01_normal_2","class","Not Significant","No Change"
288.381269931766,-0.405207262853475,0.698440969858926,-0.580159641745129,0.561806966792177,0.793139247236014,"Dehalococcoidia","03_diabetic_2_vs_01_normal_2","class","Not Significant","No Change"
10.6034822032886,-0.830044981635572,0.469387244294842,-1.76835862440733,0.077000968983224,0.25410375665309,"Cytophagia","03_diabetic_2_vs_01_normal_2","class","Not Significant","No Change"
30.5675938559673,-0.131666681212761,0.538150994145199,-0.244664940964944,0.806715876146184,0.912199834530318,"Desulfovibrionia","03_diabetic_2_vs_01_normal_2","class","Not Significant","No Change"
39.8738761005535,-0.5079346501809,0.550495453405512,-0.922686367414446,0.356170672218395,0.662225645185673,"Alphaproteobacteria","03_diabetic_2_vs_01_normal_2","class","Not Significant","No Change"
3.86750956557974,1.41070963411173,0.383124320398775,3.68211976896532,0.000231302694009332,0.00340901596705242,"Caldilineae","03_diabetic_2_vs_01_normal_2","class","Highly Significant (p < 0.01)","Enriched in 03_diabetic_2"
4.8858379299045,-0.265466874932305,0.429268671413063,-0.618416606221095,0.536300754032259,0.793139247236014,"Tissierellia","03_diabetic_2_vs_01_normal_2","class","Not Significant","No Change"
3.75699832478418,0.599693666630322,0.412068977283359,1.4553235008952,0.145579723538017,0.383523815917326,"Epsilonproteobacteria","03_diabetic_2_vs_01_normal_2","class","Not Significant","No Change"
4.13243638060553,-0.326793852269923,0.468199489182588,-0.69797994192702,0.485189738101595,0.776303580962553,"Myxococcia","03_diabetic_2_vs_01_normal_2","class","Not Significant","No Change"
7.80050979804473,-0.077833657969381,0.495855490974653,-0.15696843008916,0.875269728769344,0.912199834530318,"Mollicutes","03_diabetic_2_vs_01_normal_2","class","Not Significant","No Change"
5.65061551426888,-0.502795374216414,0.459117556575116,-1.09513427882637,0.273457813003878,0.596635228372098,"Opitutia","03_diabetic_2_vs_01_normal_2","class","Not Significant","No Change"
5.99159079903351,0.758617682974048,0.440024139993617,1.7240365107811,0.0847012522176965,0.25410375665309,"Chlamydiia","03_diabetic_2_vs_01_normal_2","class","Not Significant","No Change"
