"baseMean","log2FoldChange","lfcSE","stat","pvalue","padj","taxon","comparison","level","significance","direction"
30327.5478261773,-0.0250750046899916,0.270405844861172,-0.0927310010730915,0.92611726782104,0.966383235987172,"Bacteroidia","04_t2d_obesity_3_vs_03_diabetic_2","class","Not Significant","No Change"
50.8009190952473,1.75263773332693,0.53218277152021,3.29330039813281,0.000990186197998425,0.00182803605784325,"Flavobacteriia","04_t2d_obesity_3_vs_03_diabetic_2","class","Highly Significant (p < 0.01)","Enriched in 04_t2d_obesity_3"
901.60586677416,0.509701375829958,0.472797463644974,1.07805437850803,0.28100948940233,0.354959355034522,"Betaproteobacteria","04_t2d_obesity_3_vs_03_diabetic_2","class","Not Significant","No Change"
545.873792888208,-0.260950081984727,0.526409282725624,-0.495717097984269,0.620094022130076,0.708678882434372,"Gammaproteobacteria","04_t2d_obesity_3_vs_03_diabetic_2","class","Not Significant","No Change"
2838.959559615,10.6163061746152,0.647649748387093,16.3920486359395,2.17972992523208e-60,2.61567591027849e-59,"Verrucomicrobiia","04_t2d_obesity_3_vs_03_diabetic_2","class","Highly Significant (p < 0.01)","Enriched in 04_t2d_obesity_3"
28588.5449670592,0.680126876852412,0.227244805410741,2.99292595763891,0.00276316776709307,0.0047368590293024,"Clostridia","04_t2d_obesity_3_vs_03_diabetic_2","class","Highly Significant (p < 0.01)","No Change"
4047.22780161864,2.63024581559398,0.409929207274283,6.41634157537372,1.3958806505935e-10,8.37528390356102e-10,"Negativicutes","04_t2d_obesity_3_vs_03_diabetic_2","class","Highly Significant (p < 0.01)","Enriched in 04_t2d_obesity_3"
642.232109060161,-0.433949936576452,0.362306277611906,-1.19774335525395,0.231016945309679,0.308022593746238,"Bacilli","04_t2d_obesity_3_vs_03_diabetic_2","class","Not Significant","No Change"
702.074566504028,-1.87040012079957,0.424180839719803,-4.4094403746173,1.03638087375108e-05,3.10914262125323e-05,"Erysipelotrichia","04_t2d_obesity_3_vs_03_diabetic_2","class","Highly Significant (p < 0.01)","Enriched in 03_diabetic_2"
935.827623531534,4.45291298582763,0.559749970253995,7.9551821750112,1.788681198841e-15,1.4309449590728e-14,"Actinomycetes","04_t2d_obesity_3_vs_03_diabetic_2","class","Highly Significant (p < 0.01)","Enriched in 04_t2d_obesity_3"
20.852157594294,-4.19688094014126,0.669468747267838,-6.26897216228406,3.63439090906111e-10,1.74450763634933e-09,"Fusobacteriia","04_t2d_obesity_3_vs_03_diabetic_2","class","Highly Significant (p < 0.01)","Enriched in 03_diabetic_2"
5.0134778565751,-0.922108523060951,0.46170290866638,-1.99719019688319,0.0458045255832621,0.0687067883748932,"Synergistia","04_t2d_obesity_3_vs_03_diabetic_2","class","Not Significant","No Change"
306.823797154178,7.19127091761497,0.395318663657654,18.1910736292547,6.07386534223933e-74,1.45772768213744e-72,"Coriobacteriia","04_t2d_obesity_3_vs_03_diabetic_2","class","Highly Significant (p < 0.01)","Enriched in 04_t2d_obesity_3"
288.381269931766,1.79781299157465,0.759348589294928,2.36757270233946,0.0179052017686828,0.0286483228298925,"Dehalococcoidia","04_t2d_obesity_3_vs_03_diabetic_2","class","Significant (p < 0.05)","Enriched in 04_t2d_obesity_3"
10.6034822032886,1.9744288212726,0.492600735880297,4.00817269942607,6.11903682435665e-05,0.000163174315316177,"Cytophagia","04_t2d_obesity_3_vs_03_diabetic_2","class","Highly Significant (p < 0.01)","Enriched in 04_t2d_obesity_3"
30.5675938559673,1.93034332230774,0.578339629221084,3.33773309795069,0.00084464841361367,0.00168929682722734,"Desulfovibrionia","04_t2d_obesity_3_vs_03_diabetic_2","class","Highly Significant (p < 0.01)","Enriched in 04_t2d_obesity_3"
39.8738761005535,3.17007790348902,0.578613382698189,5.47874971143308,4.28341759691758e-08,1.46860031894317e-07,"Alphaproteobacteria","04_t2d_obesity_3_vs_03_diabetic_2","class","Highly Significant (p < 0.01)","Enriched in 04_t2d_obesity_3"
3.86750956557974,-2.52272615165036,0.42741558508035,-5.90227927972283,3.58513589367302e-09,1.43405435746921e-08,"Caldilineae","04_t2d_obesity_3_vs_03_diabetic_2","class","Highly Significant (p < 0.01)","Enriched in 03_diabetic_2"
4.8858379299045,1.67090456815552,0.420815978595352,3.97063004530592,7.16828158000055e-05,0.000172038757920013,"Tissierellia","04_t2d_obesity_3_vs_03_diabetic_2","class","Highly Significant (p < 0.01)","Enriched in 04_t2d_obesity_3"
3.75699832478418,0.0108602854870126,0.419978068942454,0.0258591728714783,0.979369664476301,0.979369664476301,"Epsilonproteobacteria","04_t2d_obesity_3_vs_03_diabetic_2","class","Not Significant","No Change"
4.13243638060553,1.65579633865212,0.45737416873292,3.6202226794732,0.000294349584131624,0.000642217274468997,"Myxococcia","04_t2d_obesity_3_vs_03_diabetic_2","class","Highly Significant (p < 0.01)","Enriched in 04_t2d_obesity_3"
7.80050979804473,-0.215372261823183,0.535089592922982,-0.402497571755582,0.687317875070514,0.749801318258742,"Mollicutes","04_t2d_obesity_3_vs_03_diabetic_2","class","Not Significant","No Change"
5.65061551426888,0.321449521335834,0.487497040049651,0.65938763710872,0.509646878913289,0.611576254695947,"Opitutia","04_t2d_obesity_3_vs_03_diabetic_2","class","Not Significant","No Change"
5.99159079903351,-0.603669848264209,0.467341320844386,-1.29171083604058,0.196457303428612,0.277351487193334,"Chlamydiia","04_t2d_obesity_3_vs_03_diabetic_2","class","Not Significant","No Change"
