"taxon","effect_size","p_value","p_value_bh","comparison","level","significance","direction"
"Bacteroidia",0.0961920315328905,0.408488517144698,0.926701597864761,"02_obesity_1_vs_04_t2d_obesity_3","class","Not Significant","No Change"
"Flavobacteriia",-0.134151334704984,0.582012678642206,0.92701882496047,"02_obesity_1_vs_04_t2d_obesity_3","class","Not Significant","No Change"
"Betaproteobacteria",-0.299275303732224,0.0668806360773216,0.247826461400664,"02_obesity_1_vs_04_t2d_obesity_3","class","Not Significant","No Change"
"Gammaproteobacteria",-0.171444376248047,0.135441977708154,0.403206927258107,"02_obesity_1_vs_04_t2d_obesity_3","class","Not Significant","No Change"
"Verrucomicrobiia",0.661802376036937,0.000203851350941101,0.00443119410441957,"02_obesity_1_vs_04_t2d_obesity_3","class","Highly Significant (p < 0.01)","No Change"
"Clostridia",-0.398759389248507,0.00997473893992732,0.0610397096530259,"02_obesity_1_vs_04_t2d_obesity_3","class","Not Significant","No Change"
"Negativicutes",0.386590093044375,0.0144743772144702,0.0953160898957653,"02_obesity_1_vs_04_t2d_obesity_3","class","Not Significant","No Change"
"Bacilli",-0.764421583755104,9.49155083508277e-06,0.000113898610020993,"02_obesity_1_vs_04_t2d_obesity_3","class","Highly Significant (p < 0.01)","No Change"
"Erysipelotrichia",-1.64535733938786,7.95574675582778e-10,1.90937922139867e-08,"02_obesity_1_vs_04_t2d_obesity_3","class","Highly Significant (p < 0.01)","Enriched in 04_t2d_obesity_3"
"Actinomycetes",-0.394613406259948,0.00563354054654969,0.0400066291056694,"02_obesity_1_vs_04_t2d_obesity_3","class","Significant (p < 0.05)","No Change"
"Fusobacteriia",-0.0546574829820585,0.497845905836294,0.778978032648609,"02_obesity_1_vs_04_t2d_obesity_3","class","Not Significant","No Change"
"Synergistia",-0.0916479381320737,0.592882847902809,0.846809365170921,"02_obesity_1_vs_04_t2d_obesity_3","class","Not Significant","No Change"
"Coriobacteriia",-0.312166090177256,0.0457820089582835,0.196363038814767,"02_obesity_1_vs_04_t2d_obesity_3","class","Not Significant","No Change"
"Dehalococcoidia",0.33773487297052,0.0350978238986245,0.16720542455012,"02_obesity_1_vs_04_t2d_obesity_3","class","Not Significant","No Change"
"Cytophagia",0.0347686693580054,0.83656729008181,0.995477249841609,"02_obesity_1_vs_04_t2d_obesity_3","class","Not Significant","No Change"
"Desulfovibrionia",0.247281813091085,0.140496439480049,0.447189187335855,"02_obesity_1_vs_04_t2d_obesity_3","class","Not Significant","No Change"
"Alphaproteobacteria",0.144470982271384,0.54063486408937,0.935273756370535,"02_obesity_1_vs_04_t2d_obesity_3","class","Not Significant","No Change"
"Caldilineae",0.0773914020388395,0.665621375187013,0.901364700501313,"02_obesity_1_vs_04_t2d_obesity_3","class","Not Significant","No Change"
"Tissierellia",-0.154391381497638,0.343884662353985,0.693959773783718,"02_obesity_1_vs_04_t2d_obesity_3","class","Not Significant","No Change"
"Epsilonproteobacteria",0.398747488426347,0.0569543251909379,0.20570847732735,"02_obesity_1_vs_04_t2d_obesity_3","class","Not Significant","No Change"
"Myxococcia",-0.270022964541562,0.28199106278647,0.597389116205801,"02_obesity_1_vs_04_t2d_obesity_3","class","Not Significant","No Change"
"Mollicutes",0.400383526601544,0.0626356801951723,0.233315909379644,"02_obesity_1_vs_04_t2d_obesity_3","class","Not Significant","No Change"
"Opitutia",-0.144256585795642,0.46673598642003,0.782181578220576,"02_obesity_1_vs_04_t2d_obesity_3","class","Not Significant","No Change"
"Chlamydiia",0.279311800637162,0.126751053699005,0.371151436359334,"02_obesity_1_vs_04_t2d_obesity_3","class","Not Significant","No Change"
