"baseMean","log2FoldChange","lfcSE","stat","pvalue","padj","taxon","comparison","level","significance","direction"
30327.5478261773,0.67442627173593,0.250125730594368,2.69634903267771,0.00701041670368239,0.00885526320465144,"Bacteroidia","03_diabetic_2_vs_02_obesity_1","class","Highly Significant (p < 0.01)","No Change"
50.8009190952473,-1.63330023469919,0.492327178465098,-3.31750979052434,0.000908237324960201,0.0013623559874403,"Flavobacteriia","03_diabetic_2_vs_02_obesity_1","class","Highly Significant (p < 0.01)","Enriched in 02_obesity_1"
901.60586677416,-0.689275357185588,0.437307276595321,-1.57618085514602,0.114984129332739,0.125437231999351,"Betaproteobacteria","03_diabetic_2_vs_02_obesity_1","class","Not Significant","No Change"
545.873792888208,-0.48885315104045,0.486841730666072,-1.0041315693534,0.315315200599164,0.329024557146953,"Gammaproteobacteria","03_diabetic_2_vs_02_obesity_1","class","Not Significant","No Change"
2838.959559615,-5.81580966577449,0.600486402103829,-9.68516463553306,3.48646352321379e-22,2.78917081857103e-21,"Verrucomicrobiia","03_diabetic_2_vs_02_obesity_1","class","Highly Significant (p < 0.01)","Enriched in 02_obesity_1"
28588.5449670592,-1.43022209283848,0.21019976416471,-6.80410893191003,1.01676584671328e-11,3.05029754013984e-11,"Clostridia","03_diabetic_2_vs_02_obesity_1","class","Highly Significant (p < 0.01)","Enriched in 02_obesity_1"
4047.22780161864,-0.607328015720379,0.379201050429744,-1.60159898036174,0.109244316443408,0.124850647363895,"Negativicutes","03_diabetic_2_vs_02_obesity_1","class","Not Significant","No Change"
642.232109060161,-1.16796615353938,0.33494269736514,-3.48706260123687,0.000488357031298195,0.000837183482225476,"Bacilli","03_diabetic_2_vs_02_obesity_1","class","Highly Significant (p < 0.01)","Enriched in 02_obesity_1"
702.074566504028,-3.17158147750242,0.391087041236018,-8.1096562736488,5.07631550018625e-16,1.74045102863529e-15,"Erysipelotrichia","03_diabetic_2_vs_02_obesity_1","class","Highly Significant (p < 0.01)","Enriched in 02_obesity_1"
935.827623531534,-6.70742582641515,0.518148475293955,-12.9449880608254,2.50802226086656e-38,3.00962671303987e-37,"Actinomycetes","03_diabetic_2_vs_02_obesity_1","class","Highly Significant (p < 0.01)","Enriched in 02_obesity_1"
20.852157594294,0.132452682846773,0.58434194671642,0.226669818230681,0.820680497836367,0.820680497836367,"Fusobacteriia","03_diabetic_2_vs_02_obesity_1","class","Not Significant","No Change"
5.0134778565751,1.79536005961497,0.422196993159581,4.25242265744031,2.11470261922628e-05,4.22940523845256e-05,"Synergistia","03_diabetic_2_vs_02_obesity_1","class","Highly Significant (p < 0.01)","Enriched in 03_diabetic_2"
306.823797154178,-7.41236360129038,0.370157012744714,-20.02491738932,3.3406583851791e-89,8.01758012442985e-88,"Coriobacteriia","03_diabetic_2_vs_02_obesity_1","class","Highly Significant (p < 0.01)","Enriched in 02_obesity_1"
288.381269931766,-1.32522548280662,0.702421785787326,-1.88665202250412,0.0592071447051227,0.0710485736461473,"Dehalococcoidia","03_diabetic_2_vs_02_obesity_1","class","Not Significant","No Change"
10.6034822032886,-2.1977187234156,0.456085999079512,-4.81864983325757,1.44532963419226e-06,3.46879112206141e-06,"Cytophagia","03_diabetic_2_vs_02_obesity_1","class","Highly Significant (p < 0.01)","Enriched in 02_obesity_1"
30.5675938559673,-1.67620067760165,0.535208982839304,-3.1318620040892,0.00173701497948012,0.00245225644161899,"Desulfovibrionia","03_diabetic_2_vs_02_obesity_1","class","Highly Significant (p < 0.01)","Enriched in 02_obesity_1"
39.8738761005535,-4.72213269748113,0.53677869312161,-8.79716866185542,1.40311341422261e-18,8.41868048533566e-18,"Alphaproteobacteria","03_diabetic_2_vs_02_obesity_1","class","Highly Significant (p < 0.01)","Enriched in 02_obesity_1"
3.86750956557974,3.01755562869755,0.366717523682894,8.22855586063259,1.89483935581904e-16,7.57935742327615e-16,"Caldilineae","03_diabetic_2_vs_02_obesity_1","class","Highly Significant (p < 0.01)","Enriched in 03_diabetic_2"
4.8858379299045,-1.54211125067367,0.389406934343458,-3.96015354290925,7.49015883929581e-05,0.000138279855494692,"Tissierellia","03_diabetic_2_vs_02_obesity_1","class","Highly Significant (p < 0.01)","Enriched in 02_obesity_1"
3.75699832478418,2.26384172104701,0.399572739903204,5.66565607452455,1.46463038330875e-08,3.90568102215667e-08,"Epsilonproteobacteria","03_diabetic_2_vs_02_obesity_1","class","Highly Significant (p < 0.01)","Enriched in 03_diabetic_2"
4.13243638060553,-1.89527876888908,0.421943472789641,-4.49178359451472,7.06291714115402e-06,1.54100010352451e-05,"Myxococcia","03_diabetic_2_vs_02_obesity_1","class","Highly Significant (p < 0.01)","Enriched in 02_obesity_1"
7.80050979804473,1.66086572291316,0.496126488272409,3.34766589201185,0.000814951960781136,0.00130392313724982,"Mollicutes","03_diabetic_2_vs_02_obesity_1","class","Highly Significant (p < 0.01)","Enriched in 03_diabetic_2"
5.65061551426888,-1.24087527426331,0.441486924050506,-2.81067276665562,0.00494380387280911,0.00659173849707881,"Opitutia","03_diabetic_2_vs_02_obesity_1","class","Highly Significant (p < 0.01)","Enriched in 02_obesity_1"
5.99159079903351,3.9067116192978,0.455092095901213,8.58444181844421,9.12785297544587e-18,4.38136942821402e-17,"Chlamydiia","03_diabetic_2_vs_02_obesity_1","class","Highly Significant (p < 0.01)","Enriched in 03_diabetic_2"
