"taxon","effect_size","p_value","p_value_bh","comparison","level","significance","direction"
"Bacteroidia",-0.701381418912681,0.00044318014152697,0.00398918992585719,"03_diabetic_2_vs_04_t2d_obesity_3","class","Highly Significant (p < 0.01)","No Change"
"Flavobacteriia",-0.05156305450716,0.640592606242348,0.889761966752803,"03_diabetic_2_vs_04_t2d_obesity_3","class","Not Significant","No Change"
"Betaproteobacteria",-0.34519771772812,0.0452665402568553,0.129370615039669,"03_diabetic_2_vs_04_t2d_obesity_3","class","Not Significant","No Change"
"Gammaproteobacteria",-0.309025729692091,0.0891685764829078,0.213683707545958,"03_diabetic_2_vs_04_t2d_obesity_3","class","Not Significant","No Change"
"Verrucomicrobiia",1.09006938644256,2.52570703312161e-06,3.03084843974593e-05,"03_diabetic_2_vs_04_t2d_obesity_3","class","Highly Significant (p < 0.01)","Enriched in 03_diabetic_2"
"Clostridia",-0.376619442129991,0.0211426605810688,0.0706401310654238,"03_diabetic_2_vs_04_t2d_obesity_3","class","Not Significant","No Change"
"Negativicutes",0.206382964233057,0.134475605563772,0.5404639810007,"03_diabetic_2_vs_04_t2d_obesity_3","class","Not Significant","No Change"
"Bacilli",-0.241347159950435,0.49725407170246,0.785930809644687,"03_diabetic_2_vs_04_t2d_obesity_3","class","Not Significant","No Change"
"Erysipelotrichia",-0.544029488152817,0.00167290008212849,0.00959448808597192,"03_diabetic_2_vs_04_t2d_obesity_3","class","Highly Significant (p < 0.01)","No Change"
"Actinomycetes",0.478941311312998,0.0154601746184738,0.0995179747717325,"03_diabetic_2_vs_04_t2d_obesity_3","class","Not Significant","No Change"
"Fusobacteriia",-0.460795389258117,0.00348564785934162,0.0149957336781343,"03_diabetic_2_vs_04_t2d_obesity_3","class","Significant (p < 0.05)","No Change"
"Synergistia",-0.491624999879425,0.0146998091533232,0.0444431591514842,"03_diabetic_2_vs_04_t2d_obesity_3","class","Significant (p < 0.05)","No Change"
"Coriobacteriia",1.89009521632795,7.35331698222768e-15,1.76479607573464e-13,"03_diabetic_2_vs_04_t2d_obesity_3","class","Highly Significant (p < 0.01)","Enriched in 03_diabetic_2"
"Dehalococcoidia",0.12902775937141,0.384526133628911,0.854215083054403,"03_diabetic_2_vs_04_t2d_obesity_3","class","Not Significant","No Change"
"Cytophagia",0.251915968533306,0.241316647579444,0.617961182569824,"03_diabetic_2_vs_04_t2d_obesity_3","class","Not Significant","No Change"
"Desulfovibrionia",0.273300832178414,0.222527996796883,0.61215454572673,"03_diabetic_2_vs_04_t2d_obesity_3","class","Not Significant","No Change"
"Alphaproteobacteria",0.343978932854361,0.104533162322415,0.384088363974401,"03_diabetic_2_vs_04_t2d_obesity_3","class","Not Significant","No Change"
"Caldilineae",-0.659406680279624,0.00176771551127652,0.0071280564663815,"03_diabetic_2_vs_04_t2d_obesity_3","class","Highly Significant (p < 0.01)","No Change"
"Tissierellia",0.090301274453539,0.737157382694127,0.968281337471022,"03_diabetic_2_vs_04_t2d_obesity_3","class","Not Significant","No Change"
"Epsilonproteobacteria",-0.219383635344076,0.210705065803648,0.374571520063679,"03_diabetic_2_vs_04_t2d_obesity_3","class","Not Significant","No Change"
"Myxococcia",-0.193292624705825,0.528548845809279,0.744122512906249,"03_diabetic_2_vs_04_t2d_obesity_3","class","Not Significant","No Change"
"Mollicutes",-0.233593245357057,0.2047233142767,0.366273504130179,"03_diabetic_2_vs_04_t2d_obesity_3","class","Not Significant","No Change"
"Opitutia",-0.171817111113522,0.364301745091838,0.566569149129844,"03_diabetic_2_vs_04_t2d_obesity_3","class","Not Significant","No Change"
"Chlamydiia",-0.358410367077449,0.100777150464824,0.209215541130969,"03_diabetic_2_vs_04_t2d_obesity_3","class","Not Significant","No Change"
