"taxon","effect_size","p_value","p_value_bh","comparison","level","significance","direction"
"Bacteroidia",-1.10636594917946,1.84074705131265e-10,4.41779292315037e-09,"01_normal_2_vs_02_obesity_1","class","Highly Significant (p < 0.01)","Enriched in 02_obesity_1"
"Flavobacteriia",0.270981688829059,0.209918197623486,0.572475858530686,"01_normal_2_vs_02_obesity_1","class","Not Significant","No Change"
"Betaproteobacteria",-0.305707713025834,0.128727349172565,0.331307008224392,"01_normal_2_vs_02_obesity_1","class","Not Significant","No Change"
"Gammaproteobacteria",0.240554821330368,0.0135790063430968,0.0647925223119464,"01_normal_2_vs_02_obesity_1","class","Not Significant","No Change"
"Verrucomicrobiia",0.102278028016173,0.376721480538554,0.798370146021083,"01_normal_2_vs_02_obesity_1","class","Not Significant","No Change"
"Clostridia",-0.205544823175157,0.234368755766461,0.519436507162949,"01_normal_2_vs_02_obesity_1","class","Not Significant","No Change"
"Negativicutes",-0.205818883211641,0.439606152755719,0.791746292878471,"01_normal_2_vs_02_obesity_1","class","Not Significant","No Change"
"Bacilli",0.339522424908076,0.0060668374162786,0.0342149173106666,"01_normal_2_vs_02_obesity_1","class","Significant (p < 0.05)","No Change"
"Erysipelotrichia",0.902660067087608,2.08888203938689e-07,1.86355924605968e-06,"01_normal_2_vs_02_obesity_1","class","Highly Significant (p < 0.01)","No Change"
"Actinomycetes",0.824450341386255,1.3229279819066e-06,1.06594531197116e-05,"01_normal_2_vs_02_obesity_1","class","Highly Significant (p < 0.01)","No Change"
"Fusobacteriia",-0.365362343975249,0.0734749267317869,0.191714419355072,"01_normal_2_vs_02_obesity_1","class","Not Significant","No Change"
"Synergistia",-0.345791604044752,0.037117267273928,0.111101881757171,"01_normal_2_vs_02_obesity_1","class","Not Significant","No Change"
"Coriobacteriia",2.43643983870296,1.57827016502836e-18,3.78784839606806e-17,"01_normal_2_vs_02_obesity_1","class","Highly Significant (p < 0.01)","Enriched in 01_normal_2"
"Dehalococcoidia",-0.25819788406371,0.168326686361411,0.391018696065209,"01_normal_2_vs_02_obesity_1","class","Not Significant","No Change"
"Cytophagia",0.179690725883019,0.442395406381883,0.804974422925642,"01_normal_2_vs_02_obesity_1","class","Not Significant","No Change"
"Desulfovibrionia",-0.0723593509265034,0.676077635635451,0.901788190048422,"01_normal_2_vs_02_obesity_1","class","Not Significant","No Change"
"Alphaproteobacteria",0.146219952578726,0.31671261713759,0.71499008491701,"01_normal_2_vs_02_obesity_1","class","Not Significant","No Change"
"Caldilineae",-0.499288004703502,0.00886066253706315,0.0297467418023961,"01_normal_2_vs_02_obesity_1","class","Significant (p < 0.05)","No Change"
"Tissierellia",0.157662365269325,0.432372971163624,0.747154280085382,"01_normal_2_vs_02_obesity_1","class","Not Significant","No Change"
"Epsilonproteobacteria",-0.652983823406333,0.000774310319797574,0.00358696430164147,"01_normal_2_vs_02_obesity_1","class","Highly Significant (p < 0.01)","No Change"
"Myxococcia",0.0359788638558367,0.7889959160804,0.939588707825248,"01_normal_2_vs_02_obesity_1","class","Not Significant","No Change"
"Mollicutes",-0.695232456454645,0.000676231455064751,0.0031866913182523,"01_normal_2_vs_02_obesity_1","class","Highly Significant (p < 0.01)","No Change"
"Opitutia",-0.12889517884654,0.266039020655172,0.515737335551115,"01_normal_2_vs_02_obesity_1","class","Not Significant","No Change"
"Chlamydiia",-0.683419686566646,0.000611766533033081,0.00276413009383228,"01_normal_2_vs_02_obesity_1","class","Highly Significant (p < 0.01)","No Change"
