"taxon","p_value","effect_size","max_mean_abundance","enriched_group","level","p_value_bh","significance"
"Bacteroidia",2.0570527450298e-16,1.75948045428668,57.4751941167869,"01_normal_2","class",1.30280007185221e-15,"Highly Significant (p < 0.01)"
"Flavobacteriia",0.000336146290047436,-0.742748568675641,0.180821067796603,"02_obesity_1","class",0.000456198536492948,"Highly Significant (p < 0.01)"
"Betaproteobacteria",0.00562501467024744,0.147846634445622,1.40555008404983,"01_normal_2","class",0.00628678110204125,"Highly Significant (p < 0.01)"
"Gammaproteobacteria",0.00279006177440492,0.266721203422763,1.84808085669463,"02_obesity_1","class",0.00331319835710585,"Highly Significant (p < 0.01)"
"Verrucomicrobiia",1.87909091438111e-11,1.25000853394932,17.7831425382961,"04_t2d_obesity_3","class",7.14054547464822e-11,"Highly Significant (p < 0.01)"
"Clostridia",1.68616996446852e-10,1.75436117101064,56.801677712998,"02_obesity_1","class",5.33953822081697e-10,"Highly Significant (p < 0.01)"
"Negativicutes",0.000328136554362355,1.05198909205664,11.2716904531246,"04_t2d_obesity_3","class",0.000456198536492948,"Highly Significant (p < 0.01)"
"Bacilli",3.30476713861116e-06,0.379700821318146,2.3971799695746,"02_obesity_1","class",5.70823414851018e-06,"Highly Significant (p < 0.01)"
"Erysipelotrichia",6.99427799972403e-18,0.499415072689016,3.15802042949273,"02_obesity_1","class",6.64456409973783e-17,"Highly Significant (p < 0.01)"
"Actinomycetes",1.81469562083713e-13,0.429120163683115,2.6860865486391,"02_obesity_1","class",8.61980419897637e-13,"Highly Significant (p < 0.01)"
"Synergistia",0.04157060908681,-1.88418930188037,0.0130550167361288,"03_diabetic_2","class",0.04157060908681,"Significant (p < 0.05)"
"Coriobacteriia",5.74185014585991e-28,0.038564908872322,1.09285995201621,"02_obesity_1","class",1.09095152771338e-26,"Highly Significant (p < 0.01)"
"Cytophagia",1.22107424383545e-08,-1.18638330821793,0.0651043520706843,"02_obesity_1","class",2.57782340365262e-08,"Highly Significant (p < 0.01)"
"Desulfovibrionia",0.000825205718853767,-0.936524920141857,0.115736761899432,"02_obesity_1","class",0.00104526057721477,"Highly Significant (p < 0.01)"
"Alphaproteobacteria",2.16324628406132e-07,-0.102773466525798,0.789270704331218,"02_obesity_1","class",4.1101679397165e-07,"Highly Significant (p < 0.01)"
"Caldilineae",0.0267927349418676,-1.71179177636221,0.0194171666357533,"03_diabetic_2","class",0.0282812202164158,"Significant (p < 0.05)"
"Tissierellia",1.3104363115786e-09,-0.495514921335609,0.319509458665343,"03_diabetic_2","class",3.11228623999917e-09,"Highly Significant (p < 0.01)"
"Myxococcia",8.43425923895649e-10,-1.65350363605942,0.0222063309064886,"02_obesity_1","class",2.28929893628819e-09,"Highly Significant (p < 0.01)"
"Opitutia",7.60000805614829e-05,-1.3878380499525,0.0409403303029831,"01_normal_2","class",0.000120333460889015,"Highly Significant (p < 0.01)"
