"baseMean","log2FoldChange","lfcSE","stat","pvalue","padj","taxon","comparison","level","significance","direction"
18137.7297368113,-0.871752759313729,0.37423790389184,-2.32940797884994,0.0198374627840085,0.0363686817706823,"Bacteroidaceae","04_t2d_obesity_3_vs_02_obesity_1","family","Significant (p < 0.05)","No Change"
1642.7450538058,0.385603248406073,0.500794445920077,0.769983076984069,0.441309931306231,0.516426515358356,"Tannerellaceae","04_t2d_obesity_3_vs_02_obesity_1","family","Not Significant","No Change"
11088.7981672952,2.87081945842979,0.688288502060166,4.1709536768912,3.03327524102614e-05,9.26834101424655e-05,"Prevotellaceae","04_t2d_obesity_3_vs_02_obesity_1","family","Highly Significant (p < 0.01)","Enriched in 04_t2d_obesity_3"
924.959549739517,-0.115209215156802,0.604617642387199,-0.190548880945524,0.84887904331488,0.880912214760725,"Sutterellaceae","04_t2d_obesity_3_vs_02_obesity_1","family","Not Significant","No Change"
347.445800919174,-0.221139839266053,0.692347108390467,-0.319406027101273,0.749418641041733,0.792654331871064,"Enterobacteriaceae","04_t2d_obesity_3_vs_02_obesity_1","family","Not Significant","No Change"
11805.2462451259,0.40767503905293,0.269369104183339,1.51344394261139,0.13016693020728,0.193491382740551,"Oscillospiraceae","04_t2d_obesity_3_vs_02_obesity_1","family","Not Significant","No Change"
170.154890133844,-1.37535929552356,0.425760205866469,-3.23036130801505,0.00123633871346015,0.00283327621834618,"Butyricicoccaceae","04_t2d_obesity_3_vs_02_obesity_1","family","Highly Significant (p < 0.01)","Enriched in 02_obesity_1"
288.854437264323,0.075234493608507,0.442736701364944,0.169930555512026,0.865064750758519,0.881084468365158,"Eubacteriaceae","04_t2d_obesity_3_vs_02_obesity_1","family","Not Significant","No Change"
359.591704305727,-1.12336063210419,0.480021790141106,-2.34022841291011,0.0192719493637719,0.0363686817706823,"Clostridiaceae","04_t2d_obesity_3_vs_02_obesity_1","family","Significant (p < 0.05)","Enriched in 02_obesity_1"
14148.6757536385,-1.4556880243481,0.275547746430296,-5.2828885128129,1.27162783099102e-07,7.77105896716736e-07,"Lachnospiraceae","04_t2d_obesity_3_vs_02_obesity_1","family","Highly Significant (p < 0.01)","Enriched in 02_obesity_1"
298.089773115301,-3.4741155561039,0.567190811545308,-6.12512665118585,9.06115013612853e-10,7.11947510695813e-09,"Peptostreptococcaceae","04_t2d_obesity_3_vs_02_obesity_1","family","Highly Significant (p < 0.01)","Enriched in 02_obesity_1"
2766.75383689841,2.80905609852568,0.611019167862018,4.59732893217521,4.27941732901328e-06,1.6811996649695e-05,"Acidaminococcaceae","04_t2d_obesity_3_vs_02_obesity_1","family","Highly Significant (p < 0.01)","Enriched in 04_t2d_obesity_3"
859.213509217712,0.550487177589026,0.664865222335405,0.827968073973527,0.407688580709558,0.487453737804907,"Veillonellaceae","04_t2d_obesity_3_vs_02_obesity_1","family","Not Significant","No Change"
138.594173373696,-1.27853571132115,0.585809492500497,-2.18251108541069,0.0290718340224476,0.051579060362407,"Lactobacillaceae","04_t2d_obesity_3_vs_02_obesity_1","family","Not Significant","No Change"
41.0635626493829,0.640665545021618,0.460083114408544,1.39249958313558,0.16377116779167,0.214462243536711,"Enterococcaceae","04_t2d_obesity_3_vs_02_obesity_1","family","Not Significant","No Change"
1807.44510017699,3.19470024575204,0.468876378974986,6.813523540546,9.52367657979031e-12,1.04760442377693e-10,"Rikenellaceae","04_t2d_obesity_3_vs_02_obesity_1","family","Highly Significant (p < 0.01)","Enriched in 04_t2d_obesity_3"
209.175682963157,1.54632351604011,0.498344887722102,3.1029183887252,0.00191622475076604,0.0042156944516853,"Odoribacteraceae","04_t2d_obesity_3_vs_02_obesity_1","family","Highly Significant (p < 0.01)","Enriched in 04_t2d_obesity_3"
47.804830653903,0.258029573913784,0.544947759817,0.47349414556807,0.635860676793097,0.685732102423928,"Flavobacteriaceae","04_t2d_obesity_3_vs_02_obesity_1","family","Not Significant","No Change"
52.558396343987,-3.71359620239719,0.6187103225792,-6.00215652927274,1.94713848254862e-09,1.33865770675218e-08,"Turicibacteraceae","04_t2d_obesity_3_vs_02_obesity_1","family","Highly Significant (p < 0.01)","Enriched in 02_obesity_1"
36.989117903391,-5.98562178117578,0.716066547889161,-8.35903003543504,6.32360113097077e-17,8.6949515550848e-16,"Fusobacteriaceae","04_t2d_obesity_3_vs_02_obesity_1","family","Highly Significant (p < 0.01)","Enriched in 02_obesity_1"
252.700564381964,3.037178271027,0.589794549887649,5.14955296146016,2.61108039503598e-07,1.30554019751799e-06,"Aristaeellaceae","04_t2d_obesity_3_vs_02_obesity_1","family","Highly Significant (p < 0.01)","Enriched in 04_t2d_obesity_3"
63.6697338278768,0.984925746108725,0.551614058855598,1.78553416160584,0.0741747153217376,0.116560266934159,"Christensenellaceae","04_t2d_obesity_3_vs_02_obesity_1","family","Not Significant","No Change"
499.477089008697,-5.13274664333205,0.510439685031111,-10.0555399469366,8.68440487366888e-24,2.38821134025894e-22,"Coprobacillaceae","04_t2d_obesity_3_vs_02_obesity_1","family","Highly Significant (p < 0.01)","Enriched in 02_obesity_1"
248.404196285466,1.14993915912294,0.747386506950987,1.53861375396539,0.123898618759326,0.189289556437859,"Dehalococcoidaceae","04_t2d_obesity_3_vs_02_obesity_1","family","Not Significant","No Change"
395.811954677714,-1.16278384757759,0.570151054822513,-2.03943119589521,0.0414070115993865,0.0711683011864456,"Bifidobacteriaceae","04_t2d_obesity_3_vs_02_obesity_1","family","Not Significant","No Change"
3354.43931737243,3.05834207516662,0.69142480132219,4.42324612787718,9.72288677657032e-06,3.14563983947863e-05,"Akkermansiaceae","04_t2d_obesity_3_vs_02_obesity_1","family","Highly Significant (p < 0.01)","Enriched in 04_t2d_obesity_3"
4.33537746703736,1.81298237669858,0.362738233782642,4.99804599529739,5.79141729013538e-07,2.65439959131205e-06,"Cellulosilyticaceae","04_t2d_obesity_3_vs_02_obesity_1","family","Highly Significant (p < 0.01)","Enriched in 04_t2d_obesity_3"
7.22563308463988,0.0464407772989751,0.483863175889901,0.0959791519856066,0.923537130414498,0.923537130414498,"Anaerotignaceae","04_t2d_obesity_3_vs_02_obesity_1","family","Not Significant","No Change"
28.0370450413089,0.331934808999883,0.509789543610354,0.651121258096242,0.514968214883713,0.578025547318453,"Acutalibacteraceae","04_t2d_obesity_3_vs_02_obesity_1","family","Not Significant","No Change"
11.5968302157336,1.71411532494429,0.453079391418493,3.78325599753669,0.00015479006446298,0.000448076502392837,"Peptococcaceae","04_t2d_obesity_3_vs_02_obesity_1","family","Highly Significant (p < 0.01)","Enriched in 04_t2d_obesity_3"
42.1577792694227,0.587420066138509,0.439015085198643,1.33804073241063,0.18088315912174,0.231362180271993,"Anaerovoracaceae","04_t2d_obesity_3_vs_02_obesity_1","family","Not Significant","No Change"
127.066193109861,-6.41359554648429,0.557457597371643,-11.5050823178727,1.24370629288926e-30,6.84038461089096e-29,"Erysipelotrichaceae","04_t2d_obesity_3_vs_02_obesity_1","family","Highly Significant (p < 0.01)","Enriched in 02_obesity_1"
300.619699841234,-1.91710843162553,0.5529664846428,-3.46695231061595,0.000526395273096397,0.00137865428668104,"Streptococcaceae","04_t2d_obesity_3_vs_02_obesity_1","family","Highly Significant (p < 0.01)","Enriched in 02_obesity_1"
91.3722135202603,1.08234784292278,0.601838585302298,1.79840221174774,0.0721132925344475,0.116560266934159,"Bacillaceae","04_t2d_obesity_3_vs_02_obesity_1","family","Not Significant","No Change"
9.10346205134539,-3.54687378415578,0.380710775298005,-9.31645231574923,1.20295362972079e-20,2.20541498782144e-19,"Actinomycetaceae","04_t2d_obesity_3_vs_02_obesity_1","family","Highly Significant (p < 0.01)","Enriched in 02_obesity_1"
57.178480685873,-0.58484674643726,0.392071916056898,-1.49168232277159,0.135782445416179,0.19652722362868,"Eggerthellaceae","04_t2d_obesity_3_vs_02_obesity_1","family","Not Significant","No Change"
183.749816041605,3.09696322304965,0.635132047005076,4.87609346379729,1.08207354092132e-06,4.57800344235944e-06,"Barnesiellaceae","04_t2d_obesity_3_vs_02_obesity_1","family","Highly Significant (p < 0.01)","Enriched in 04_t2d_obesity_3"
136.135798672881,-3.91906947252828,0.746131910664632,-5.25251556261318,1.50035782590202e-07,8.25196804246111e-07,"Burkholderiaceae","04_t2d_obesity_3_vs_02_obesity_1","family","Highly Significant (p < 0.01)","Enriched in 02_obesity_1"
27.7543670018287,-1.76888501334596,0.630754788413811,-2.80439410978434,0.00504112433927879,0.0102689569874198,"Pasteurellaceae","04_t2d_obesity_3_vs_02_obesity_1","family","Significant (p < 0.05)","Enriched in 02_obesity_1"
26.3417049519797,0.818769008391062,0.560629736668319,1.4604452008857,0.144167757762482,0.203313504536834,"Desulfovibrionaceae","04_t2d_obesity_3_vs_02_obesity_1","family","Not Significant","No Change"
13.8349782300018,-0.295898549404392,0.529940117800767,-0.558362236534121,0.576597054295481,0.634256759725029,"Monoglobaceae","04_t2d_obesity_3_vs_02_obesity_1","family","Not Significant","No Change"
180.382725138606,0.636395056834452,0.455127658776333,1.39827814144603,0.162029559223047,0.214462243536711,"Coriobacteriaceae","04_t2d_obesity_3_vs_02_obesity_1","family","Not Significant","No Change"
9.44953980869997,-0.591814259943025,0.46410308316253,-1.27517847093416,0.202246079658394,0.252807599572993,"Atopobiaceae","04_t2d_obesity_3_vs_02_obesity_1","family","Not Significant","No Change"
21.6063866934954,0.767830969739658,0.634273321706293,1.21056797355764,0.226061024783673,0.276296808068934,"Muribaculaceae","04_t2d_obesity_3_vs_02_obesity_1","family","Not Significant","No Change"
5.80276994895225,1.38199271025258,0.392597959348782,3.52012199081459,0.000431348356963825,0.00118620798165052,"Cytophagaceae","04_t2d_obesity_3_vs_02_obesity_1","family","Highly Significant (p < 0.01)","Enriched in 04_t2d_obesity_3"
4.03562050547057,-0.3114303792378,0.441393815949887,-0.705561265210742,0.480461019760239,0.550528251808607,"Coraliomargaritaceae","04_t2d_obesity_3_vs_02_obesity_1","family","Not Significant","No Change"
635.461285514184,1.9358970673292,0.783209920134169,2.47174737903929,0.0134454490421151,0.0264107034755832,"Selenomonadaceae","04_t2d_obesity_3_vs_02_obesity_1","family","Significant (p < 0.05)","Enriched in 04_t2d_obesity_3"
29.3712022679324,-3.63405656082594,0.566633008228553,-6.41342192927831,1.42288997888383e-10,1.30431581397684e-09,"Yersiniaceae","04_t2d_obesity_3_vs_02_obesity_1","family","Highly Significant (p < 0.01)","Enriched in 02_obesity_1"
4.92943325233484,1.39896043641513,0.467850663852302,2.99018585310114,0.00278807751272905,0.00589785627692684,"Synergistaceae","04_t2d_obesity_3_vs_02_obesity_1","family","Highly Significant (p < 0.01)","Enriched in 04_t2d_obesity_3"
5.54950176958989,-2.35581656054102,0.52889161561663,-4.45425204518396,8.41861575225919e-06,3.02448723056362e-05,"Vibrionaceae","04_t2d_obesity_3_vs_02_obesity_1","family","Highly Significant (p < 0.01)","Enriched in 02_obesity_1"
3.51166702812008,-2.13130651285919,0.479508613993905,-4.44477210765244,8.79850830709417e-06,3.02448723056362e-05,"Staphylococcaceae","04_t2d_obesity_3_vs_02_obesity_1","family","Highly Significant (p < 0.01)","Enriched in 02_obesity_1"
8.80163871599965,1.79927231379959,0.549706571326057,3.27315045454015,0.0010635584812722,0.00254329202043352,"Symbiobacteriaceae","04_t2d_obesity_3_vs_02_obesity_1","family","Highly Significant (p < 0.01)","Enriched in 04_t2d_obesity_3"
4.42660483493131,1.4273875024433,0.432800422347172,3.29802705529321,0.000973667521866177,0.00243416880466544,"Anoxybacillaceae","04_t2d_obesity_3_vs_02_obesity_1","family","Highly Significant (p < 0.01)","Enriched in 04_t2d_obesity_3"
4.12643506438833,0.853895756933826,0.442166914015748,1.93116158144618,0.0534630734218741,0.0891051223697902,"Caldilineaceae","04_t2d_obesity_3_vs_02_obesity_1","family","Not Significant","No Change"
5.44744038250853,-0.714334122361882,0.494826686400524,-1.44360468421399,0.148850206544816,0.204669033999121,"Pseudomonadaceae","04_t2d_obesity_3_vs_02_obesity_1","family","Not Significant","No Change"
