"taxon","effect_size","p_value","p_value_bh","comparison","level","significance","direction"
"Bacteroidaceae",0.586169669106732,0.000495916054411355,0.00523490182169617,"03_diabetic_2_vs_02_obesity_1","family","Highly Significant (p < 0.01)","No Change"
"Tannerellaceae",0.661793560567393,0.000815600678789039,0.00685054980030152,"03_diabetic_2_vs_02_obesity_1","family","Highly Significant (p < 0.01)","No Change"
"Prevotellaceae",0.732940657464282,1.75364041860686e-05,0.000383077252396987,"03_diabetic_2_vs_02_obesity_1","family","Highly Significant (p < 0.01)","No Change"
"Sutterellaceae",0.280101114352123,0.0359256959619762,0.141465343252585,"03_diabetic_2_vs_02_obesity_1","family","Not Significant","No Change"
"Enterobacteriaceae",0.288338434864895,0.0533154638580815,0.187649855842721,"03_diabetic_2_vs_02_obesity_1","family","Not Significant","No Change"
"Oscillospiraceae",0.500813708646974,0.00581135235568561,0.0357288866072374,"03_diabetic_2_vs_02_obesity_1","family","Significant (p < 0.05)","No Change"
"Butyricicoccaceae",-0.204432974296234,0.0284864459854834,0.120696249210943,"03_diabetic_2_vs_02_obesity_1","family","Not Significant","No Change"
"Eubacteriaceae",-0.0773828359424886,0.107324791442605,0.37821270224881,"03_diabetic_2_vs_02_obesity_1","family","Not Significant","No Change"
"Clostridiaceae",-0.123298658747678,0.0922486006623344,0.339386684659689,"03_diabetic_2_vs_02_obesity_1","family","Not Significant","No Change"
"Lachnospiraceae",-0.0626936285518998,0.50854252389664,0.989073968106286,"03_diabetic_2_vs_02_obesity_1","family","Not Significant","No Change"
"Peptostreptococcaceae",-0.863853082257579,2.32055852994832e-07,2.07986228563862e-06,"03_diabetic_2_vs_02_obesity_1","family","Highly Significant (p < 0.01)","No Change"
"Acidaminococcaceae",0.0311190220024205,0.867848874997422,1,"03_diabetic_2_vs_02_obesity_1","family","Not Significant","No Change"
"Veillonellaceae",-0.0780436921439026,0.483838965694056,0.971717758965576,"03_diabetic_2_vs_02_obesity_1","family","Not Significant","No Change"
"Lactobacillaceae",0.314830906435715,0.120626066380866,0.33422516074978,"03_diabetic_2_vs_02_obesity_1","family","Not Significant","No Change"
"Enterococcaceae",-0.333612382996838,0.0113485240765042,0.0531500344972433,"03_diabetic_2_vs_02_obesity_1","family","Not Significant","No Change"
"Rikenellaceae",0.210828403152455,0.4528692863189,0.829926796617382,"03_diabetic_2_vs_02_obesity_1","family","Not Significant","No Change"
"Odoribacteraceae",0.176365731281993,0.315662743334509,0.678836994203823,"03_diabetic_2_vs_02_obesity_1","family","Not Significant","No Change"
"Flavobacteriaceae",-0.0878098498796401,0.834665915183827,0.990385957336728,"03_diabetic_2_vs_02_obesity_1","family","Not Significant","No Change"
"Turicibacteraceae",-0.474208813965853,0.0131195336192121,0.05805295459823,"03_diabetic_2_vs_02_obesity_1","family","Not Significant","No Change"
"Fusobacteriaceae",0.421676935019866,0.0072221375777161,0.0402268684654694,"03_diabetic_2_vs_02_obesity_1","family","Significant (p < 0.05)","No Change"
"Aristaeellaceae",0.0874805209349296,0.570007300205076,0.892413914475378,"03_diabetic_2_vs_02_obesity_1","family","Not Significant","No Change"
"Christensenellaceae",0.20063155184604,0.261797919377179,0.56679709969076,"03_diabetic_2_vs_02_obesity_1","family","Not Significant","No Change"
"Coprobacillaceae",-0.676589669161624,2.07330694028202e-06,1.67020711536014e-05,"03_diabetic_2_vs_02_obesity_1","family","Highly Significant (p < 0.01)","No Change"
"Dehalococcoidaceae",0.334557657611503,0.0556967154570873,0.186683322956642,"03_diabetic_2_vs_02_obesity_1","family","Not Significant","No Change"
"Bifidobacteriaceae",-0.927174783730356,1.45140498352687e-07,1.39173899311153e-06,"03_diabetic_2_vs_02_obesity_1","family","Highly Significant (p < 0.01)","No Change"
"Akkermansiaceae",-0.151223507239318,0.291761306678505,0.697435880507793,"03_diabetic_2_vs_02_obesity_1","family","Not Significant","No Change"
"Cellulosilyticaceae",0.0467365928145897,0.528279203921469,0.796576702529766,"03_diabetic_2_vs_02_obesity_1","family","Not Significant","No Change"
"Anaerotignaceae",0.000591675000993583,0.700232061053795,0.920932638771162,"03_diabetic_2_vs_02_obesity_1","family","Not Significant","No Change"
"Acutalibacteraceae",-0.410463809673913,0.0237330847588507,0.097980192008846,"03_diabetic_2_vs_02_obesity_1","family","Not Significant","No Change"
"Peptococcaceae",-0.169196308961227,0.461471302712974,0.805673564863345,"03_diabetic_2_vs_02_obesity_1","family","Not Significant","No Change"
"Anaerovoracaceae",-0.463984258022216,0.00255057875421214,0.0134107562057663,"03_diabetic_2_vs_02_obesity_1","family","Significant (p < 0.05)","No Change"
"Erysipelotrichaceae",-0.549837022973173,0.000233139941905379,0.00148767645614819,"03_diabetic_2_vs_02_obesity_1","family","Highly Significant (p < 0.01)","No Change"
"Streptococcaceae",-1.03870072180857,7.47224502925943e-09,1.20980453093074e-07,"03_diabetic_2_vs_02_obesity_1","family","Highly Significant (p < 0.01)","Enriched in 02_obesity_1"
"Bacillaceae",0.304897986626687,0.0657073123847469,0.211126618003635,"03_diabetic_2_vs_02_obesity_1","family","Not Significant","No Change"
"Actinomycetaceae",-0.900617506966225,7.59917921986293e-07,6.20011753190498e-06,"03_diabetic_2_vs_02_obesity_1","family","Highly Significant (p < 0.01)","No Change"
"Eggerthellaceae",-1.50105320130739,2.60756477279247e-11,7.43914285976843e-10,"03_diabetic_2_vs_02_obesity_1","family","Highly Significant (p < 0.01)","Enriched in 02_obesity_1"
"Barnesiellaceae",0.198151087886741,0.200698900675807,0.486300234432521,"03_diabetic_2_vs_02_obesity_1","family","Not Significant","No Change"
"Burkholderiaceae",0.157973975700691,0.580553905415594,0.90286637330037,"03_diabetic_2_vs_02_obesity_1","family","Not Significant","No Change"
"Pasteurellaceae",0.218994273992925,0.140016519834448,0.346788248420317,"03_diabetic_2_vs_02_obesity_1","family","Not Significant","No Change"
"Desulfovibrionaceae",0.118433003951041,0.4005023438042,0.723433197236702,"03_diabetic_2_vs_02_obesity_1","family","Not Significant","No Change"
"Monoglobaceae",-0.114639325784055,0.703111486748827,0.956584611392409,"03_diabetic_2_vs_02_obesity_1","family","Not Significant","No Change"
"Coriobacteriaceae",-1.08859392509484,2.07384376191534e-06,1.64856663032403e-05,"03_diabetic_2_vs_02_obesity_1","family","Highly Significant (p < 0.01)","Enriched in 02_obesity_1"
"Atopobiaceae",-0.145152055837025,0.512723783931204,0.841126867728949,"03_diabetic_2_vs_02_obesity_1","family","Not Significant","No Change"
"Muribaculaceae",0.230760824979465,0.165688693706656,0.378698266127003,"03_diabetic_2_vs_02_obesity_1","family","Not Significant","No Change"
"Cytophagaceae",-0.149772680775313,0.586944809074009,0.87909205523917,"03_diabetic_2_vs_02_obesity_1","family","Not Significant","No Change"
"Coraliomargaritaceae",-0.0113662149543899,0.722424291567542,0.913288831323346,"03_diabetic_2_vs_02_obesity_1","family","Not Significant","No Change"
"Selenomonadaceae",0.67266142578874,4.9090499724477e-05,0.000690952839185396,"03_diabetic_2_vs_02_obesity_1","family","Highly Significant (p < 0.01)","No Change"
"Yersiniaceae",0.040070260826323,0.687749315078783,0.943025170485754,"03_diabetic_2_vs_02_obesity_1","family","Not Significant","No Change"
"Synergistaceae",0.492352724413666,0.00552586179476687,0.0279046474017193,"03_diabetic_2_vs_02_obesity_1","family","Significant (p < 0.05)","No Change"
"Vibrionaceae",0.336935824657381,0.0350080698723262,0.119787728704562,"03_diabetic_2_vs_02_obesity_1","family","Not Significant","No Change"
"Staphylococcaceae",0.238699667073071,0.135205553135388,0.332426789397843,"03_diabetic_2_vs_02_obesity_1","family","Not Significant","No Change"
"Symbiobacteriaceae",0.457065846415606,0.0285055491243008,0.0944692383137467,"03_diabetic_2_vs_02_obesity_1","family","Not Significant","No Change"
"Anoxybacillaceae",0.314759327556058,0.0970702331066445,0.244466218640829,"03_diabetic_2_vs_02_obesity_1","family","Not Significant","No Change"
"Caldilineaceae",0.707891469358625,0.000164715153716724,0.00167629737090978,"03_diabetic_2_vs_02_obesity_1","family","Highly Significant (p < 0.01)","No Change"
"Pseudomonadaceae",0.196489905115364,0.174802127930827,0.393465415322455,"03_diabetic_2_vs_02_obesity_1","family","Not Significant","No Change"
