"baseMean","log2FoldChange","lfcSE","stat","pvalue","padj","taxon","comparison","level","significance","direction"
18137.7297368113,0.282587334646076,0.344354887546142,0.820628209054272,0.411858074577617,0.481961576633382,"Bacteroidaceae","03_diabetic_2_vs_02_obesity_1","family","Not Significant","No Change"
1642.7450538058,0.0958219181062669,0.46084775499277,0.207925322556405,0.835287276705927,0.866315389294557,"Tannerellaceae","03_diabetic_2_vs_02_obesity_1","family","Not Significant","No Change"
11088.7981672952,2.46892299574803,0.633338619502994,3.89826692975946,9.68835877173527e-05,0.000213143892978176,"Prevotellaceae","03_diabetic_2_vs_02_obesity_1","family","Highly Significant (p < 0.01)","Enriched in 03_diabetic_2"
924.959549739517,-0.803532640700199,0.556432230612259,-1.44407997325397,0.148716480743235,0.194747772401855,"Sutterellaceae","03_diabetic_2_vs_02_obesity_1","family","Not Significant","No Change"
347.445800919174,-1.00595361096275,0.637277153625839,-1.57851824004563,0.114446601141423,0.165646396388902,"Enterobacteriaceae","03_diabetic_2_vs_02_obesity_1","family","Not Significant","No Change"
11805.2462451259,-0.0520660440807998,0.247873697728691,-0.210050701457596,0.833628101581781,0.866315389294557,"Oscillospiraceae","03_diabetic_2_vs_02_obesity_1","family","Not Significant","No Change"
170.154890133844,-2.25926337909872,0.393044644524084,-5.74810879775334,9.0247164533716e-09,3.54542432096741e-08,"Butyricicoccaceae","03_diabetic_2_vs_02_obesity_1","family","Highly Significant (p < 0.01)","Enriched in 02_obesity_1"
288.854437264323,-1.90087627429401,0.408436578356734,-4.65403045423066,3.25508694276484e-06,8.52522770724126e-06,"Eubacteriaceae","03_diabetic_2_vs_02_obesity_1","family","Highly Significant (p < 0.01)","Enriched in 02_obesity_1"
359.591704305727,-1.63492758269711,0.442029912191273,-3.69868087567262,0.00021672288193603,0.000458452250249294,"Clostridiaceae","03_diabetic_2_vs_02_obesity_1","family","Highly Significant (p < 0.01)","Enriched in 02_obesity_1"
14148.6757536385,-1.84969649287742,0.25356146643935,-7.29486431377716,2.98960213125931e-13,1.64428117219262e-12,"Lachnospiraceae","03_diabetic_2_vs_02_obesity_1","family","Highly Significant (p < 0.01)","Enriched in 02_obesity_1"
298.089773115301,-4.37272302242726,0.523431744559694,-8.35395076411644,6.60168732796093e-17,4.53866003797314e-16,"Peptostreptococcaceae","03_diabetic_2_vs_02_obesity_1","family","Highly Significant (p < 0.01)","Enriched in 02_obesity_1"
2766.75383689841,-1.0462995556275,0.562370625576034,-1.86051601567166,0.06281255468558,0.101608544344321,"Acidaminococcaceae","03_diabetic_2_vs_02_obesity_1","family","Not Significant","No Change"
859.213509217712,-1.70119280356087,0.612003276280127,-2.77971192229729,0.0054407140184601,0.0110829359635298,"Veillonellaceae","03_diabetic_2_vs_02_obesity_1","family","Significant (p < 0.05)","Enriched in 02_obesity_1"
138.594173373696,1.23254611410813,0.537951078035799,2.29118625174705,0.0219526437740816,0.0389482389540158,"Lactobacillaceae","03_diabetic_2_vs_02_obesity_1","family","Significant (p < 0.05)","Enriched in 03_diabetic_2"
41.0635626493829,-0.25270384606508,0.425680436349143,-0.593646840414842,0.552748345253351,0.6204318161007,"Enterococcaceae","03_diabetic_2_vs_02_obesity_1","family","Not Significant","No Change"
1807.44510017699,0.897094128302375,0.431565301670782,2.07869846076439,0.0376450745551678,0.0647024718916947,"Rikenellaceae","03_diabetic_2_vs_02_obesity_1","family","Not Significant","No Change"
209.175682963157,0.766754089943958,0.458982477534824,1.67055198721782,0.0948102027417033,0.140934085156586,"Odoribacteraceae","03_diabetic_2_vs_02_obesity_1","family","Not Significant","No Change"
47.804830653903,-1.37350044322183,0.504749146436193,-2.72115456344899,0.0065054336435411,0.0127785303712414,"Flavobacteriaceae","03_diabetic_2_vs_02_obesity_1","family","Significant (p < 0.05)","Enriched in 02_obesity_1"
52.558396343987,-3.1022994494574,0.569381038309795,-5.44854717794355,5.07829217202236e-08,1.71715540107175e-07,"Turicibacteraceae","03_diabetic_2_vs_02_obesity_1","family","Highly Significant (p < 0.01)","Enriched in 02_obesity_1"
36.989117903391,-1.43418433496885,0.62346412385015,-2.30034781490258,0.0214285227917015,0.0389482389540158,"Fusobacteriaceae","03_diabetic_2_vs_02_obesity_1","family","Significant (p < 0.05)","Enriched in 02_obesity_1"
252.700564381964,0.995837803676213,0.543395124634405,1.83262189616848,0.0668588195931832,0.105063859360716,"Aristaeellaceae","03_diabetic_2_vs_02_obesity_1","family","Not Significant","No Change"
63.6697338278768,2.17278080875627,0.507164785694589,4.28417127932203,1.83421574284076e-05,4.38616808070617e-05,"Christensenellaceae","03_diabetic_2_vs_02_obesity_1","family","Highly Significant (p < 0.01)","Enriched in 03_diabetic_2"
499.477089008697,-3.07907358444675,0.468599360487784,-6.57080193460277,5.00449928481667e-11,2.50224964240833e-10,"Coprobacillaceae","03_diabetic_2_vs_02_obesity_1","family","Highly Significant (p < 0.01)","Enriched in 02_obesity_1"
248.404196285466,-0.499860012384611,0.68815653230415,-0.726375452269462,0.46760863564597,0.535801561677674,"Dehalococcoidaceae","03_diabetic_2_vs_02_obesity_1","family","Not Significant","No Change"
395.811954677714,-5.24888836720222,0.528291744315422,-9.93558658389391,2.91455450882934e-23,4.00751244964034e-22,"Bifidobacteriaceae","03_diabetic_2_vs_02_obesity_1","family","Highly Significant (p < 0.01)","Enriched in 02_obesity_1"
3354.43931737243,-7.45058065432338,0.64500593857788,-11.5511814833062,7.28125245438279e-31,1.33489628330351e-29,"Akkermansiaceae","03_diabetic_2_vs_02_obesity_1","family","Highly Significant (p < 0.01)","Enriched in 02_obesity_1"
4.33537746703736,-0.0616438273639917,0.379831323761745,-0.16229263756735,0.871075412192985,0.871075412192985,"Cellulosilyticaceae","03_diabetic_2_vs_02_obesity_1","family","Not Significant","No Change"
7.22563308463988,-0.417792038105085,0.455122493751287,-0.917977124491231,0.358630842091381,0.438326584778355,"Anaerotignaceae","03_diabetic_2_vs_02_obesity_1","family","Not Significant","No Change"
28.0370450413089,-2.27514623762578,0.481037093923791,-4.72966901381252,2.24886170405044e-06,6.1843696861387e-06,"Acutalibacteraceae","03_diabetic_2_vs_02_obesity_1","family","Highly Significant (p < 0.01)","Enriched in 02_obesity_1"
11.5968302157336,-0.569364738158755,0.436216490996609,-1.30523432724413,0.191813068664378,0.245342297128856,"Peptococcaceae","03_diabetic_2_vs_02_obesity_1","family","Not Significant","No Change"
42.1577792694227,-2.213241952119,0.413436406217188,-5.35328267863361,8.6372755467631e-08,2.63916752817761e-07,"Anaerovoracaceae","03_diabetic_2_vs_02_obesity_1","family","Highly Significant (p < 0.01)","Enriched in 02_obesity_1"
127.066193109861,-2.17333119395361,0.497058465065409,-4.37238543692765,1.22896309536943e-05,3.07240773842356e-05,"Erysipelotrichaceae","03_diabetic_2_vs_02_obesity_1","family","Highly Significant (p < 0.01)","Enriched in 02_obesity_1"
300.619699841234,-2.87907415336001,0.509487396286988,-5.65092321094095,1.59588376428018e-08,5.85157380236067e-08,"Streptococcaceae","03_diabetic_2_vs_02_obesity_1","family","Highly Significant (p < 0.01)","Enriched in 02_obesity_1"
91.3722135202603,2.75277645223962,0.553322428709497,4.97499524582777,6.52492412761095e-07,1.8887938264137e-06,"Bacillaceae","03_diabetic_2_vs_02_obesity_1","family","Highly Significant (p < 0.01)","Enriched in 03_diabetic_2"
9.10346205134539,-3.7140157725947,0.380900718461952,-9.75061372315499,1.83356399935735e-22,1.44065742806649e-21,"Actinomycetaceae","03_diabetic_2_vs_02_obesity_1","family","Highly Significant (p < 0.01)","Enriched in 02_obesity_1"
57.178480685873,-5.18843113687945,0.397372161398791,-13.0568561184952,5.80770766786109e-39,1.5971196086618e-37,"Eggerthellaceae","03_diabetic_2_vs_02_obesity_1","family","Highly Significant (p < 0.01)","Enriched in 02_obesity_1"
183.749816041605,-0.110403468471187,0.586010039074419,-0.188398595774169,0.850564200398292,0.866315389294557,"Barnesiellaceae","03_diabetic_2_vs_02_obesity_1","family","Not Significant","No Change"
136.135798672881,-1.29700319468201,0.684042540300281,-1.89608557694768,0.0579487294560882,0.096581215760147,"Burkholderiaceae","03_diabetic_2_vs_02_obesity_1","family","Not Significant","No Change"
27.7543670018287,1.47199272154681,0.572571332037164,2.57084600500268,0.0101450427363698,0.0192405982931152,"Pasteurellaceae","03_diabetic_2_vs_02_obesity_1","family","Significant (p < 0.05)","Enriched in 03_diabetic_2"
26.3417049519797,-0.795167645502662,0.52072026634232,-1.52705338528138,0.126747736956865,0.178746808528912,"Desulfovibrionaceae","03_diabetic_2_vs_02_obesity_1","family","Not Significant","No Change"
13.8349782300018,-2.07783467285658,0.502333084468574,-4.13636835219553,3.5284563160752e-05,8.086045724339e-05,"Monoglobaceae","03_diabetic_2_vs_02_obesity_1","family","Highly Significant (p < 0.01)","Enriched in 02_obesity_1"
180.382725138606,-7.19466237360963,0.47530685734394,-15.1368789708066,9.25005142161146e-52,5.08752828188631e-50,"Coriobacteriaceae","03_diabetic_2_vs_02_obesity_1","family","Highly Significant (p < 0.01)","Enriched in 02_obesity_1"
9.44953980869997,-3.02207561704438,0.469250440805232,-6.44021902645101,1.1930121506111e-10,5.04735909873925e-10,"Atopobiaceae","03_diabetic_2_vs_02_obesity_1","family","Highly Significant (p < 0.01)","Enriched in 02_obesity_1"
21.6063866934954,0.121703461504832,0.586281344892404,0.207585423901161,0.835552686492379,0.866315389294557,"Muribaculaceae","03_diabetic_2_vs_02_obesity_1","family","Not Significant","No Change"
5.80276994895225,-0.591687301521542,0.398374409339997,-1.48525429256817,0.137476474788647,0.184419661301844,"Cytophagaceae","03_diabetic_2_vs_02_obesity_1","family","Not Significant","No Change"
4.03562050547057,-0.782824254447414,0.433885017090825,-1.80422052758633,0.0711967425424873,0.108772801106578,"Coraliomargaritaceae","03_diabetic_2_vs_02_obesity_1","family","Not Significant","No Change"
635.461285514184,5.58298002124208,0.720242032894129,7.75153318782041,9.07896098024798e-15,5.54825393237377e-14,"Selenomonadaceae","03_diabetic_2_vs_02_obesity_1","family","Highly Significant (p < 0.01)","Enriched in 03_diabetic_2"
29.3712022679324,-5.51358854455977,0.559794913880363,-9.84930089189433,6.90223992226101e-23,6.3270532620726e-22,"Yersiniaceae","03_diabetic_2_vs_02_obesity_1","family","Highly Significant (p < 0.01)","Enriched in 02_obesity_1"
4.92943325233484,2.33513310229647,0.429198264213775,5.44068626785822,5.30757123967633e-08,1.71715540107175e-07,"Synergistaceae","03_diabetic_2_vs_02_obesity_1","family","Highly Significant (p < 0.01)","Enriched in 03_diabetic_2"
5.54950176958989,0.652154614532447,0.437086306626055,1.49204997879376,0.135686043688155,0.184419661301844,"Vibrionaceae","03_diabetic_2_vs_02_obesity_1","family","Not Significant","No Change"
3.51166702812008,-0.33732511803397,0.406656047199885,-0.829509656518554,0.406816074860924,0.481961576633382,"Staphylococcaceae","03_diabetic_2_vs_02_obesity_1","family","Not Significant","No Change"
8.80163871599965,0.48436906734747,0.516868958967717,0.937121602958794,0.348696010280738,0.435870012850922,"Symbiobacteriaceae","03_diabetic_2_vs_02_obesity_1","family","Not Significant","No Change"
4.42660483493131,0.0849080184168185,0.426386074624334,0.19913412625313,0.842157826881649,0.866315389294557,"Anoxybacillaceae","03_diabetic_2_vs_02_obesity_1","family","Not Significant","No Change"
4.12643506438833,3.63465440417612,0.367983747310079,9.87721449858872,5.2265542971107e-23,5.74920972682177e-22,"Caldilineaceae","03_diabetic_2_vs_02_obesity_1","family","Highly Significant (p < 0.01)","Enriched in 03_diabetic_2"
5.44744038250853,2.63091995588683,0.407992575859295,6.44845056394888,1.12999409157971e-10,5.04735909873925e-10,"Pseudomonadaceae","03_diabetic_2_vs_02_obesity_1","family","Highly Significant (p < 0.01)","Enriched in 03_diabetic_2"
