"taxon","effect_size","p_value","p_value_bh","comparison","level","significance","direction"
"Bacteroidaceae",-0.0281274171351204,0.730990287726605,0.999679713371726,"02_obesity_1_vs_04_t2d_obesity_3","family","Not Significant","No Change"
"Tannerellaceae",0.409634559256733,0.00370204095971222,0.0267276518186283,"02_obesity_1_vs_04_t2d_obesity_3","family","Significant (p < 0.05)","No Change"
"Prevotellaceae",0.597910310830654,0.0008803390418133,0.00843993518444327,"02_obesity_1_vs_04_t2d_obesity_3","family","Highly Significant (p < 0.01)","No Change"
"Sutterellaceae",-0.0605070030486993,0.751780062260173,1,"02_obesity_1_vs_04_t2d_obesity_3","family","Not Significant","No Change"
"Enterobacteriaceae",-0.0637454227547126,0.589977983352417,0.993664116962922,"02_obesity_1_vs_04_t2d_obesity_3","family","Not Significant","No Change"
"Oscillospiraceae",0.378383965771117,0.0280924503697684,0.119997148474269,"02_obesity_1_vs_04_t2d_obesity_3","family","Not Significant","No Change"
"Butyricicoccaceae",-0.360932265631686,0.0387696043550269,0.199462621984208,"02_obesity_1_vs_04_t2d_obesity_3","family","Not Significant","No Change"
"Eubacteriaceae",0.133800427309846,0.655261724768455,0.992508689099434,"02_obesity_1_vs_04_t2d_obesity_3","family","Not Significant","No Change"
"Clostridiaceae",-0.0561866400564545,0.560416201362223,0.998030410128236,"02_obesity_1_vs_04_t2d_obesity_3","family","Not Significant","No Change"
"Lachnospiraceae",-0.523157550163721,0.00109354664548359,0.00787745438573529,"02_obesity_1_vs_04_t2d_obesity_3","family","Highly Significant (p < 0.01)","No Change"
"Peptostreptococcaceae",-0.810063937714786,8.25816061663515e-06,0.000112863978586453,"02_obesity_1_vs_04_t2d_obesity_3","family","Highly Significant (p < 0.01)","No Change"
"Acidaminococcaceae",0.418356710333521,0.0130633733960955,0.063926214007172,"02_obesity_1_vs_04_t2d_obesity_3","family","Not Significant","No Change"
"Veillonellaceae",-0.105763334850108,0.34103455108884,0.947003659901696,"02_obesity_1_vs_04_t2d_obesity_3","family","Not Significant","No Change"
"Lactobacillaceae",-0.652217356784536,0.000686274305380421,0.00503082231150792,"02_obesity_1_vs_04_t2d_obesity_3","family","Highly Significant (p < 0.01)","No Change"
"Enterococcaceae",0.0370930783556341,0.610455023926962,0.993899180932949,"02_obesity_1_vs_04_t2d_obesity_3","family","Not Significant","No Change"
"Rikenellaceae",1.19021516624475,1.92180569223824e-07,9.05325670003249e-06,"02_obesity_1_vs_04_t2d_obesity_3","family","Highly Significant (p < 0.01)","Enriched in 02_obesity_1"
"Odoribacteraceae",0.329683878308596,0.00759318243796719,0.0427789063949392,"02_obesity_1_vs_04_t2d_obesity_3","family","Significant (p < 0.05)","No Change"
"Flavobacteriaceae",-0.0751942496303519,0.717559365429952,0.998162920291598,"02_obesity_1_vs_04_t2d_obesity_3","family","Not Significant","No Change"
"Turicibacteraceae",-0.644520535874243,0.00107668154920757,0.00774997529135965,"02_obesity_1_vs_04_t2d_obesity_3","family","Highly Significant (p < 0.01)","No Change"
"Fusobacteriaceae",0.100528679978053,0.816687168549627,0.983325599662296,"02_obesity_1_vs_04_t2d_obesity_3","family","Not Significant","No Change"
"Aristaeellaceae",0.42489207024659,0.00240399069345773,0.0178099141942623,"02_obesity_1_vs_04_t2d_obesity_3","family","Significant (p < 0.05)","No Change"
"Christensenellaceae",0.264690082083369,0.245023175671498,0.598462818623772,"02_obesity_1_vs_04_t2d_obesity_3","family","Not Significant","No Change"
"Coprobacillaceae",-1.29512708946245,2.42553858924993e-08,4.64899367386776e-07,"02_obesity_1_vs_04_t2d_obesity_3","family","Highly Significant (p < 0.01)","Enriched in 04_t2d_obesity_3"
"Dehalococcoidaceae",0.419278124998622,0.0182408686861711,0.0780566830295154,"02_obesity_1_vs_04_t2d_obesity_3","family","Not Significant","No Change"
"Bifidobacteriaceae",-0.284012911111236,0.0193590019572095,0.110837937310825,"02_obesity_1_vs_04_t2d_obesity_3","family","Not Significant","No Change"
"Akkermansiaceae",0.724837370909556,0.000144828084895935,0.0021055054217889,"02_obesity_1_vs_04_t2d_obesity_3","family","Highly Significant (p < 0.01)","No Change"
"Cellulosilyticaceae",0.289781790644269,0.0904100011319215,0.286746353038221,"02_obesity_1_vs_04_t2d_obesity_3","family","Not Significant","No Change"
"Anaerotignaceae",-0.145007961631652,0.493148727895502,0.93672147857768,"02_obesity_1_vs_04_t2d_obesity_3","family","Not Significant","No Change"
"Acutalibacteraceae",0.0199111440051487,0.768672624931365,0.996486855901528,"02_obesity_1_vs_04_t2d_obesity_3","family","Not Significant","No Change"
"Peptococcaceae",0.235283142052801,0.23609994510364,0.588780482095899,"02_obesity_1_vs_04_t2d_obesity_3","family","Not Significant","No Change"
"Anaerovoracaceae",0.233876241980712,0.254385674872872,0.646927979913704,"02_obesity_1_vs_04_t2d_obesity_3","family","Not Significant","No Change"
"Erysipelotrichaceae",-1.49280241870479,8.74494487240751e-11,2.9208065407844e-09,"02_obesity_1_vs_04_t2d_obesity_3","family","Highly Significant (p < 0.01)","Enriched in 04_t2d_obesity_3"
"Streptococcaceae",-0.566247495376235,0.00024128091960866,0.00219439770784946,"02_obesity_1_vs_04_t2d_obesity_3","family","Highly Significant (p < 0.01)","No Change"
"Bacillaceae",0.0328973148096836,0.854481687172899,0.998724014332968,"02_obesity_1_vs_04_t2d_obesity_3","family","Not Significant","No Change"
"Actinomycetaceae",-1.17091571850285,8.60840883354363e-07,1.28493518924829e-05,"02_obesity_1_vs_04_t2d_obesity_3","family","Highly Significant (p < 0.01)","Enriched in 04_t2d_obesity_3"
"Eggerthellaceae",-0.182918932992223,0.117837351793717,0.496249853888876,"02_obesity_1_vs_04_t2d_obesity_3","family","Not Significant","No Change"
"Barnesiellaceae",0.66843355498024,3.12689734441911e-05,0.000657833020306908,"02_obesity_1_vs_04_t2d_obesity_3","family","Highly Significant (p < 0.01)","No Change"
"Burkholderiaceae",-0.0820773507984367,0.280143629414726,0.761645216664182,"02_obesity_1_vs_04_t2d_obesity_3","family","Not Significant","No Change"
"Pasteurellaceae",-0.0515415836089311,0.685832654485087,0.979980678235254,"02_obesity_1_vs_04_t2d_obesity_3","family","Not Significant","No Change"
"Desulfovibrionaceae",0.27516394385165,0.102227461013582,0.313560608529449,"02_obesity_1_vs_04_t2d_obesity_3","family","Not Significant","No Change"
"Monoglobaceae",-0.0893686040752862,0.527087864071014,0.927278715695766,"02_obesity_1_vs_04_t2d_obesity_3","family","Not Significant","No Change"
"Coriobacteriaceae",-0.00444075634218504,0.78261279415613,1,"02_obesity_1_vs_04_t2d_obesity_3","family","Not Significant","No Change"
"Atopobiaceae",-0.0427416042019472,0.725269833687655,0.984564994151853,"02_obesity_1_vs_04_t2d_obesity_3","family","Not Significant","No Change"
"Muribaculaceae",0.498300951888099,0.0164659536577346,0.0696558845649618,"02_obesity_1_vs_04_t2d_obesity_3","family","Not Significant","No Change"
"Cytophagaceae",0.133958845027508,0.5077192852398,0.876240042995977,"02_obesity_1_vs_04_t2d_obesity_3","family","Not Significant","No Change"
"Coraliomargaritaceae",-0.183330011769877,0.465439823546202,0.853972192289794,"02_obesity_1_vs_04_t2d_obesity_3","family","Not Significant","No Change"
"Selenomonadaceae",0.194591017819628,0.344356097611177,0.71854604605525,"02_obesity_1_vs_04_t2d_obesity_3","family","Not Significant","No Change"
"Yersiniaceae",-0.0783684472892824,0.313109922778689,0.78183653547603,"02_obesity_1_vs_04_t2d_obesity_3","family","Not Significant","No Change"
"Synergistaceae",0.0851633555148006,0.617395620680007,0.894435974929439,"02_obesity_1_vs_04_t2d_obesity_3","family","Not Significant","No Change"
"Vibrionaceae",-0.107127067888775,0.442730879323128,0.81926641056072,"02_obesity_1_vs_04_t2d_obesity_3","family","Not Significant","No Change"
"Staphylococcaceae",-0.163079951527272,0.394904361176381,0.808389761671385,"02_obesity_1_vs_04_t2d_obesity_3","family","Not Significant","No Change"
"Symbiobacteriaceae",0.407403690468818,0.0297287082332868,0.109566279764392,"02_obesity_1_vs_04_t2d_obesity_3","family","Not Significant","No Change"
"Anoxybacillaceae",0.327428040401508,0.0625026804901729,0.220776233220714,"02_obesity_1_vs_04_t2d_obesity_3","family","Not Significant","No Change"
"Caldilineaceae",0.126307509707855,0.47099619499758,0.737280970119012,"02_obesity_1_vs_04_t2d_obesity_3","family","Not Significant","No Change"
"Pseudomonadaceae",-0.178681473556846,0.383227592740253,0.733594460159533,"02_obesity_1_vs_04_t2d_obesity_3","family","Not Significant","No Change"
