"taxon","p_value","effect_size","max_mean_abundance","enriched_group","level","p_value_bh","significance"
"Bacteroidaceae",9.82130842644115e-07,1.51830618451411,32.9842164199723,"03_diabetic_2","family",1.87885900331918e-06,"Highly Significant (p < 0.01)"
"Tannerellaceae",0.00141783212323871,0.441226992523927,2.76202010348712,"03_diabetic_2","family",0.00155961533556258,"Highly Significant (p < 0.01)"
"Prevotellaceae",0.000293859404442103,1.31983826476636,20.885181027457,"01_normal_2","family",0.000359161494318126,"Highly Significant (p < 0.01)"
"Enterobacteriaceae",0.0013193142320334,0.1919899915904,1.55592877445612,"02_obesity_1","family",0.00148845708229409,"Highly Significant (p < 0.01)"
"Butyricicoccaceae",8.73360618527535e-08,-0.35406324365536,0.442522925611215,"02_obesity_1","family",2.0225193271164e-07,"Highly Significant (p < 0.01)"
"Eubacteriaceae",7.54641595477315e-05,-0.186837958561804,0.650371308221697,"02_obesity_1","family",0.000110680767336673,"Highly Significant (p < 0.01)"
"Clostridiaceae",0.000215966217212267,-0.102946588523862,0.788956141127108,"02_obesity_1","family",0.000287895134295714,"Highly Significant (p < 0.01)"
"Lachnospiraceae",9.01125306361177e-16,1.52987313919394,33.874518157276,"02_obesity_1","family",9.91237836997295e-15,"Highly Significant (p < 0.01)"
"Peptostreptococcaceae",4.58729713090416e-12,0.245625843920379,1.76045771156953,"02_obesity_1","family",2.24267859733092e-11,"Highly Significant (p < 0.01)"
"Acidaminococcaceae",5.54209466098747e-07,0.985202254939954,9.66500782558488,"04_t2d_obesity_3","family",1.10841893219749e-06,"Highly Significant (p < 0.01)"
"Lactobacillaceae",3.51092142479216e-05,-0.262256088183916,0.54669250189789,"03_diabetic_2","family",5.3269152652019e-05,"Highly Significant (p < 0.01)"
"Enterococcaceae",6.28343788311435e-09,-0.761060671475764,0.17335518001113,"02_obesity_1","family",2.1267020527464e-08,"Highly Significant (p < 0.01)"
"Rikenellaceae",2.81346170887532e-06,0.722236014460988,5.2751635886823,"04_t2d_obesity_3","family",4.95169260762056e-06,"Highly Significant (p < 0.01)"
"Flavobacteriaceae",0.00024381805025166,-0.742543002887517,0.180906677056908,"02_obesity_1","family",0.000306514120316372,"Highly Significant (p < 0.01)"
"Turicibacteraceae",1.04238608847181e-12,-0.54928157987167,0.282303902479603,"02_obesity_1","family",5.73312348659495e-12,"Highly Significant (p < 0.01)"
"Aristaeellaceae",0.0111412120691902,-0.0967185325624943,0.800351797784201,"04_t2d_obesity_3","family",0.0114003100242877,"Significant (p < 0.05)"
"Coprobacillaceae",4.85658308809072e-15,0.329840200770121,2.13717456822912,"02_obesity_1","family",3.56149426459986e-14,"Highly Significant (p < 0.01)"
"Bifidobacteriaceae",1.00517943952991e-12,0.420645875465715,2.63418159245779,"02_obesity_1","family",5.73312348659495e-12,"Highly Significant (p < 0.01)"
"Akkermansiaceae",1.87909091438111e-11,1.2506813963122,17.810715723228,"04_t2d_obesity_3","family",7.51636365752444e-11,"Highly Significant (p < 0.01)"
"Cellulosilyticaceae",8.54750012244962e-09,-1.85473584913329,0.0139711793231301,"04_t2d_obesity_3","family",2.68635718134131e-08,"Highly Significant (p < 0.01)"
"Anaerotignaceae",5.39732997946559e-06,-1.91645060298632,0.0121203054966614,"02_obesity_1","family",9.13394304217253e-06,"Highly Significant (p < 0.01)"
"Acutalibacteraceae",4.80483884400459e-08,-0.755862671918018,0.17544251833771,"02_obesity_1","family",1.17451616186779e-07,"Highly Significant (p < 0.01)"
"Peptococcaceae",3.88948841368555e-08,-1.35217818578367,0.0444438878045739,"04_t2d_obesity_3","family",1.00669111883626e-07,"Highly Significant (p < 0.01)"
"Anaerovoracaceae",1.04435334652484e-08,-0.977953678397663,0.105206408146204,"02_obesity_1","family",2.87197170294332e-08,"Highly Significant (p < 0.01)"
"Erysipelotrichaceae",1.10996597760512e-11,-0.129217601139677,0.742645945018908,"02_obesity_1","family",4.88385030146251e-11,"Highly Significant (p < 0.01)"
"Streptococcaceae",1.91517591339432e-15,0.260683847447747,1.8225674474905,"02_obesity_1","family",1.685354803787e-14,"Highly Significant (p < 0.01)"
"Actinomycetaceae",3.75961431883477e-25,-1.45396184704558,0.035158132661875,"02_obesity_1","family",1.6542303002873e-23,"Highly Significant (p < 0.01)"
"Eggerthellaceae",2.04281065757398e-24,-0.63912685439844,0.229546805700003,"02_obesity_1","family",4.49418344666276e-23,"Highly Significant (p < 0.01)"
"Barnesiellaceae",0.000180291532684949,-0.199889165577434,0.631117388932998,"04_t2d_obesity_3","family",0.000247900857441804,"Highly Significant (p < 0.01)"
"Desulfovibrionaceae",0.000222464421955779,-0.935978061955698,0.115882589236066,"02_obesity_1","family",0.000287895134295714,"Highly Significant (p < 0.01)"
"Monoglobaceae",1.6784465243908e-06,-1.12768685063759,0.0745259158816152,"02_obesity_1","family",3.07715196138313e-06,"Highly Significant (p < 0.01)"
"Coriobacteriaceae",6.60918354997022e-20,-0.103010453604911,0.788840129735685,"02_obesity_1","family",9.69346920662299e-19,"Highly Significant (p < 0.01)"
"Atopobiaceae",9.67040072171235e-09,-1.13493088482968,0.0732931166725111,"02_obesity_1","family",2.83665087836895e-08,"Highly Significant (p < 0.01)"
"Muribaculaceae",1.81566680348111e-05,-0.994355311473721,0.10130722086793,"04_t2d_obesity_3","family",2.8531906911846e-05,"Highly Significant (p < 0.01)"
"Cytophagaceae",1.58392440280131e-09,-1.79078983330741,0.0161876325926096,"04_t2d_obesity_3","family",5.80772281027146e-09,"Highly Significant (p < 0.01)"
"Coraliomargaritaceae",5.1947732257136e-07,-1.6017880681747,0.0250146580564269,"01_normal_2","family",1.0884286758638e-06,"Highly Significant (p < 0.01)"
"Selenomonadaceae",0.00160425003912446,0.258090662067641,1.81171726224198,"01_normal_2","family",0.00172163418832869,"Highly Significant (p < 0.01)"
"Yersiniaceae",4.34325146373522e-07,-0.928801002413515,0.117813568667176,"02_obesity_1","family",9.5551532202175e-07,"Highly Significant (p < 0.01)"
"Vibrionaceae",0.000389218136556353,-1.79247960628199,0.0161247674937596,"02_obesity_1","family",0.000462854000229177,"Highly Significant (p < 0.01)"
"Staphylococcaceae",1.50347485723843e-05,-1.6760305904562,0.0210837962945223,"03_diabetic_2","family",2.45010717475891e-05,"Highly Significant (p < 0.01)"
"Symbiobacteriaceae",0.00275805969646323,-1.40573080608333,0.0392878388625704,"02_obesity_1","family",0.00288939587248529,"Highly Significant (p < 0.01)"
"Anoxybacillaceae",0.000146975031881309,-1.72462210452082,0.0188518883460782,"02_obesity_1","family",0.000208609722670245,"Highly Significant (p < 0.01)"
"Caldilineaceae",0.0269810516547612,-1.70994287670069,0.0195000108213744,"03_diabetic_2","family",0.0269810516547612,"Significant (p < 0.05)"
"Pseudomonadaceae",0.000794708738380886,-1.22918444042373,0.0589940481027936,"03_diabetic_2","family",0.000920189065493657,"Highly Significant (p < 0.01)"
