"baseMean","log2FoldChange","lfcSE","stat","pvalue","padj","taxon","comparison","level","significance","direction"
18137.7297368113,-0.848339435372489,0.372283712128932,-2.27874442994349,0.0226822619648952,0.0356435545162639,"Bacteroidaceae","04_t2d_obesity_3_vs_01_normal_2","family","Significant (p < 0.05)","No Change"
1642.7450538058,0.410625233672459,0.498233341776217,0.824162494241288,0.409847234687819,0.460032610363879,"Tannerellaceae","04_t2d_obesity_3_vs_01_normal_2","family","Not Significant","No Change"
11088.7981672952,0.392286909426098,0.684680519974244,0.572948839614796,0.566679334505603,0.590237756062182,"Prevotellaceae","04_t2d_obesity_3_vs_01_normal_2","family","Not Significant","No Change"
924.959549739517,0.746822927689885,0.601577503342191,1.24144091748902,0.214442911453601,0.256424894625051,"Sutterellaceae","04_t2d_obesity_3_vs_01_normal_2","family","Not Significant","No Change"
347.445800919174,1.78588016868627,0.689314728906195,2.59080517765826,0.0095751681369762,0.0169882015333449,"Enterobacteriaceae","04_t2d_obesity_3_vs_01_normal_2","family","Significant (p < 0.05)","Enriched in 04_t2d_obesity_3"
11805.2462451259,0.497532132318915,0.267974264466058,1.85664147006898,0.0633621797704416,0.0920747317114946,"Oscillospiraceae","04_t2d_obesity_3_vs_01_normal_2","family","Not Significant","No Change"
170.154890133844,0.29948300872128,0.424707827169418,0.705150669619788,0.480716476707075,0.51841972978214,"Butyricicoccaceae","04_t2d_obesity_3_vs_01_normal_2","family","Not Significant","No Change"
288.854437264323,0.940948631659491,0.440936197520235,2.13397910389589,0.0328444913696177,0.050179084036916,"Eubacteriaceae","04_t2d_obesity_3_vs_01_normal_2","family","Not Significant","No Change"
359.591704305727,0.27236953861623,0.477961048757841,0.569857186739554,0.568774564932648,0.590237756062182,"Clostridiaceae","04_t2d_obesity_3_vs_01_normal_2","family","Not Significant","No Change"
14148.6757536385,0.462437813610155,0.274130071925753,1.68692843642271,0.0916171134015855,0.129203621463774,"Lachnospiraceae","04_t2d_obesity_3_vs_01_normal_2","family","Not Significant","No Change"
298.089773115301,0.574456424995592,0.565998850589238,1.01494274131043,0.310133122534497,0.362921739136113,"Peptostreptococcaceae","04_t2d_obesity_3_vs_01_normal_2","family","Not Significant","No Change"
2766.75383689841,4.40487469290312,0.608001224539337,7.2448451008311,4.32933708488714e-13,5.95283849171981e-12,"Acidaminococcaceae","04_t2d_obesity_3_vs_01_normal_2","family","Highly Significant (p < 0.01)","Enriched in 04_t2d_obesity_3"
859.213509217712,2.14229339077834,0.661592203849576,3.23808741746514,0.00120333931701024,0.00279727762535187,"Veillonellaceae","04_t2d_obesity_3_vs_01_normal_2","family","Highly Significant (p < 0.01)","Enriched in 04_t2d_obesity_3"
138.594173373696,-1.42386046739674,0.583408061032357,-2.44059100739399,0.0146632508118571,0.0244387513530952,"Lactobacillaceae","04_t2d_obesity_3_vs_01_normal_2","family","Significant (p < 0.05)","Enriched in 01_normal_2"
41.0635626493829,2.14883496959959,0.4649646167844,4.62150213592703,3.80971410552093e-06,1.74611896503042e-05,"Enterococcaceae","04_t2d_obesity_3_vs_01_normal_2","family","Highly Significant (p < 0.01)","Enriched in 04_t2d_obesity_3"
1807.44510017699,1.50304272245635,0.466444754588497,3.22233813902002,0.0012714898297054,0.00279727762535187,"Rikenellaceae","04_t2d_obesity_3_vs_01_normal_2","family","Highly Significant (p < 0.01)","Enriched in 04_t2d_obesity_3"
209.175682963157,0.615807459422343,0.496065820085175,1.24138256354088,0.21446445732277,0.256424894625051,"Odoribacteraceae","04_t2d_obesity_3_vs_01_normal_2","family","Not Significant","No Change"
47.804830653903,2.13757525412376,0.547405371921156,3.90492195321686,9.42557993807092e-05,0.000272845735049421,"Flavobacteriaceae","04_t2d_obesity_3_vs_01_normal_2","family","Highly Significant (p < 0.01)","Enriched in 04_t2d_obesity_3"
52.558396343987,0.275925929166129,0.624760999020753,0.441650374460975,0.658742225434052,0.670941155534682,"Turicibacteraceae","04_t2d_obesity_3_vs_01_normal_2","family","Not Significant","No Change"
36.989117903391,-3.12901415091637,0.71903215707085,-4.35170266050849,1.35084377883888e-05,4.37037693153756e-05,"Fusobacteriaceae","04_t2d_obesity_3_vs_01_normal_2","family","Highly Significant (p < 0.01)","Enriched in 01_normal_2"
252.700564381964,0.824257117086487,0.586722317565861,1.4048504589123,0.160065750832846,0.204735262693175,"Aristaeellaceae","04_t2d_obesity_3_vs_01_normal_2","family","Not Significant","No Change"
63.6697338278768,-1.25059496897839,0.548799276929797,-2.27878392255675,0.0226799130835053,0.0356435545162639,"Christensenellaceae","04_t2d_obesity_3_vs_01_normal_2","family","Significant (p < 0.05)","Enriched in 01_normal_2"
499.477089008697,-0.716997903894705,0.509318939042973,-1.40775818241114,0.159202686855641,0.204735262693175,"Coprobacillaceae","04_t2d_obesity_3_vs_01_normal_2","family","Not Significant","No Change"
248.404196285466,1.18415111290458,0.743772647678818,1.59208747000862,0.111365052082672,0.153126946613674,"Dehalococcoidaceae","04_t2d_obesity_3_vs_01_normal_2","family","Not Significant","No Change"
395.811954677714,3.63684189772771,0.569824603070582,6.38238833165516,1.74347157305874e-10,1.59818227530385e-09,"Bifidobacteriaceae","04_t2d_obesity_3_vs_01_normal_2","family","Highly Significant (p < 0.01)","Enriched in 04_t2d_obesity_3"
3354.43931737243,10.1790265851704,0.694529616841468,14.6560007497764,1.23326079494575e-48,3.3914671861008e-47,"Akkermansiaceae","04_t2d_obesity_3_vs_01_normal_2","family","Highly Significant (p < 0.01)","Enriched in 04_t2d_obesity_3"
4.33537746703736,1.7982915840757,0.403419436847376,4.45762256307953,8.28736548836723e-06,3.03870067906798e-05,"Cellulosilyticaceae","04_t2d_obesity_3_vs_01_normal_2","family","Highly Significant (p < 0.01)","Enriched in 04_t2d_obesity_3"
7.22563308463988,1.49696075641062,0.513404413844247,2.91575357757785,0.00354830631854161,0.00696988741142102,"Anaerotignaceae","04_t2d_obesity_3_vs_01_normal_2","family","Highly Significant (p < 0.01)","Enriched in 04_t2d_obesity_3"
28.0370450413089,1.97978601287438,0.514945666471575,3.84465030347752,0.000120724472063142,0.000331992298173641,"Acutalibacteraceae","04_t2d_obesity_3_vs_01_normal_2","family","Highly Significant (p < 0.01)","Enriched in 04_t2d_obesity_3"
11.5968302157336,2.03213475691595,0.465792307538235,4.36274864146215,1.28438482599574e-05,4.37037693153756e-05,"Peptococcaceae","04_t2d_obesity_3_vs_01_normal_2","family","Highly Significant (p < 0.01)","Enriched in 04_t2d_obesity_3"
42.1577792694227,2.57557135069968,0.444867006255644,5.7895310609293,7.05832040360206e-09,5.54582317425876e-08,"Anaerovoracaceae","04_t2d_obesity_3_vs_01_normal_2","family","Highly Significant (p < 0.01)","Enriched in 04_t2d_obesity_3"
127.066193109861,-3.57029414172734,0.556837294644452,-6.41173674260992,1.43871122606455e-10,1.582582348671e-09,"Erysipelotrichaceae","04_t2d_obesity_3_vs_01_normal_2","family","Highly Significant (p < 0.01)","Enriched in 01_normal_2"
300.619699841234,2.28021746976202,0.552433796045052,4.12758503568464,3.66592885077276e-05,0.000112014492662501,"Streptococcaceae","04_t2d_obesity_3_vs_01_normal_2","family","Highly Significant (p < 0.01)","Enriched in 04_t2d_obesity_3"
91.3722135202603,-0.453040559024436,0.599198355708084,-0.756077774093805,0.449602566846025,0.494562823530627,"Bacillaceae","04_t2d_obesity_3_vs_01_normal_2","family","Not Significant","No Change"
9.10346205134539,0.0648543322550909,0.44010583149697,0.147360765556085,0.882847271936275,0.882847271936275,"Actinomycetaceae","04_t2d_obesity_3_vs_01_normal_2","family","Not Significant","No Change"
57.178480685873,5.36609315935035,0.450241390123262,11.9182582433865,9.50754015736e-33,1.74304902884933e-31,"Eggerthellaceae","04_t2d_obesity_3_vs_01_normal_2","family","Highly Significant (p < 0.01)","Enriched in 04_t2d_obesity_3"
183.749816041605,1.71376122136486,0.632069039237409,2.71135131604058,0.00670095862397094,0.0122850908106134,"Barnesiellaceae","04_t2d_obesity_3_vs_01_normal_2","family","Significant (p < 0.05)","Enriched in 04_t2d_obesity_3"
136.135798672881,-3.32537593655012,0.742689077204788,-4.47748060206517,7.55290879456305e-06,2.96721416929263e-05,"Burkholderiaceae","04_t2d_obesity_3_vs_01_normal_2","family","Highly Significant (p < 0.01)","Enriched in 01_normal_2"
27.7543670018287,-0.957280694325124,0.633941012140293,-1.51004695388484,0.131031443572219,0.17577388771883,"Pasteurellaceae","04_t2d_obesity_3_vs_01_normal_2","family","Not Significant","No Change"
26.3417049519797,2.67999034139891,0.569056064821543,4.70953655900206,2.48280678967776e-06,1.24140339483888e-05,"Desulfovibrionaceae","04_t2d_obesity_3_vs_01_normal_2","family","Highly Significant (p < 0.01)","Enriched in 04_t2d_obesity_3"
13.8349782300018,2.73497468078302,0.55938032784851,4.88929364266756,1.01198444446875e-06,5.56591444457811e-06,"Monoglobaceae","04_t2d_obesity_3_vs_01_normal_2","family","Highly Significant (p < 0.01)","Enriched in 04_t2d_obesity_3"
180.382725138606,7.74435864129107,0.505634347091037,15.3161245588736,5.96708354680317e-53,3.28189595074174e-51,"Coriobacteriaceae","04_t2d_obesity_3_vs_01_normal_2","family","Highly Significant (p < 0.01)","Enriched in 04_t2d_obesity_3"
9.44953980869997,2.59183104734491,0.51266901839593,5.05556402736093,4.2912062645449e-07,2.622403828333e-06,"Atopobiaceae","04_t2d_obesity_3_vs_01_normal_2","family","Highly Significant (p < 0.01)","Enriched in 04_t2d_obesity_3"
21.6063866934954,1.62846936215879,0.638141014741132,2.55189577936687,0.0107138561959753,0.0184144403368325,"Muribaculaceae","04_t2d_obesity_3_vs_01_normal_2","family","Significant (p < 0.05)","Enriched in 04_t2d_obesity_3"
5.80276994895225,1.92451566110079,0.426804475495355,4.50912718023205,6.50948790288369e-06,2.75401411275848e-05,"Cytophagaceae","04_t2d_obesity_3_vs_01_normal_2","family","Highly Significant (p < 0.01)","Enriched in 04_t2d_obesity_3"
4.03562050547057,-0.620749145102419,0.457496606349233,-1.35683879724469,0.174832436988712,0.21854054623589,"Coraliomargaritaceae","04_t2d_obesity_3_vs_01_normal_2","family","Not Significant","No Change"
635.461285514184,-3.96423578294511,0.77844571015172,-5.0925012897463,3.53370309890263e-07,2.42942088049556e-06,"Selenomonadaceae","04_t2d_obesity_3_vs_01_normal_2","family","Highly Significant (p < 0.01)","Enriched in 01_normal_2"
29.3712022679324,1.09549427780105,0.590605404701977,1.85486666576281,0.0636152691824872,0.0920747317114946,"Yersiniaceae","04_t2d_obesity_3_vs_01_normal_2","family","Not Significant","No Change"
4.92943325233484,-0.452393003851962,0.474022801979598,-0.954369709563958,0.339896533253532,0.389464777686339,"Synergistaceae","04_t2d_obesity_3_vs_01_normal_2","family","Not Significant","No Change"
5.54950176958989,-2.0739412405859,0.545921646822114,-3.79897234824557,0.000145297300412054,0.000380540548698237,"Vibrionaceae","04_t2d_obesity_3_vs_01_normal_2","family","Highly Significant (p < 0.01)","Enriched in 01_normal_2"
3.51166702812008,-1.56063118426116,0.50911275417103,-3.06539400452121,0.00217383415063514,0.00459849531865126,"Staphylococcaceae","04_t2d_obesity_3_vs_01_normal_2","family","Highly Significant (p < 0.01)","Enriched in 01_normal_2"
8.80163871599965,1.81305628642069,0.562317852790954,3.22425524535979,0.00126300770039848,0.00279727762535187,"Symbiobacteriaceae","04_t2d_obesity_3_vs_01_normal_2","family","Highly Significant (p < 0.01)","Enriched in 04_t2d_obesity_3"
4.42660483493131,1.71077799363124,0.469146361242615,3.64657628186639,0.000265757609696715,0.000664394024241787,"Anoxybacillaceae","04_t2d_obesity_3_vs_01_normal_2","family","Highly Significant (p < 0.01)","Enriched in 04_t2d_obesity_3"
4.12643506438833,-1.24772723552429,0.455510432746725,-2.73918476027103,0.00615917497082055,0.0116811939101769,"Caldilineaceae","04_t2d_obesity_3_vs_01_normal_2","family","Significant (p < 0.05)","Enriched in 01_normal_2"
5.44744038250853,-1.56723642290284,0.513212040560849,-3.0537795278344,0.00225978087676968,0.00460325734156787,"Pseudomonadaceae","04_t2d_obesity_3_vs_01_normal_2","family","Highly Significant (p < 0.01)","Enriched in 01_normal_2"
