"taxon","effect_size","p_value","p_value_bh","comparison","level","significance","direction"
"Bacteroidaceae",-0.986824023511735,4.25464516881635e-08,2.30594884810184e-06,"01_normal_2_vs_04_t2d_obesity_3","family","Highly Significant (p < 0.01)","No Change"
"Tannerellaceae",-0.295897563076913,0.347009245948763,0.783211722629751,"01_normal_2_vs_04_t2d_obesity_3","family","Not Significant","No Change"
"Prevotellaceae",-0.184126956369536,0.371940502051136,0.84562953669978,"01_normal_2_vs_04_t2d_obesity_3","family","Not Significant","No Change"
"Sutterellaceae",-0.394303658046191,0.0186511641415019,0.0752289006772193,"01_normal_2_vs_04_t2d_obesity_3","family","Not Significant","No Change"
"Enterobacteriaceae",0.0626288821637027,0.638192485889908,0.96204690767018,"01_normal_2_vs_04_t2d_obesity_3","family","Not Significant","No Change"
"Oscillospiraceae",-0.613218699642623,0.000362000412492593,0.00297030813279298,"01_normal_2_vs_04_t2d_obesity_3","family","Highly Significant (p < 0.01)","No Change"
"Butyricicoccaceae",-0.180025585129483,0.694920781184901,0.979682537910332,"01_normal_2_vs_04_t2d_obesity_3","family","Not Significant","No Change"
"Eubacteriaceae",-0.00137853609244789,0.808104989033423,0.998626827388852,"01_normal_2_vs_04_t2d_obesity_3","family","Not Significant","No Change"
"Clostridiaceae",0.136315402853339,0.174209713736271,0.561544394136486,"01_normal_2_vs_04_t2d_obesity_3","family","Not Significant","No Change"
"Lachnospiraceae",-0.570264801581484,0.000819058436266158,0.00542272858744586,"01_normal_2_vs_04_t2d_obesity_3","family","Highly Significant (p < 0.01)","No Change"
"Peptostreptococcaceae",0.0145255921479973,0.861191740744748,0.993660740320881,"01_normal_2_vs_04_t2d_obesity_3","family","Not Significant","No Change"
"Acidaminococcaceae",0.478599044076881,0.00122696474574917,0.0100480812216541,"01_normal_2_vs_04_t2d_obesity_3","family","Significant (p < 0.05)","No Change"
"Veillonellaceae",-0.119296847189064,0.389724838455582,0.827719045035908,"01_normal_2_vs_04_t2d_obesity_3","family","Not Significant","No Change"
"Lactobacillaceae",-0.778076329211269,6.7214136561888e-05,0.000663721193746448,"01_normal_2_vs_04_t2d_obesity_3","family","Highly Significant (p < 0.01)","No Change"
"Enterococcaceae",0.680658740942465,0.00189109431007134,0.0106318785344792,"01_normal_2_vs_04_t2d_obesity_3","family","Significant (p < 0.05)","No Change"
"Rikenellaceae",0.163280989085918,0.0203831225064195,0.114360362001603,"01_normal_2_vs_04_t2d_obesity_3","family","Not Significant","No Change"
"Odoribacteraceae",0.133358530124614,0.104622367436114,0.378162815468219,"01_normal_2_vs_04_t2d_obesity_3","family","Not Significant","No Change"
"Flavobacteriaceae",0.143944227515755,0.522971208289458,0.911805876784583,"01_normal_2_vs_04_t2d_obesity_3","family","Not Significant","No Change"
"Turicibacteraceae",-0.244078213388476,0.27249739716352,0.556562635812263,"01_normal_2_vs_04_t2d_obesity_3","family","Not Significant","No Change"
"Fusobacteriaceae",-0.391276218889868,0.0399927320027405,0.113895314700011,"01_normal_2_vs_04_t2d_obesity_3","family","Not Significant","No Change"
"Aristaeellaceae",0.245399694329496,0.08071613289639,0.308746516132479,"01_normal_2_vs_04_t2d_obesity_3","family","Not Significant","No Change"
"Christensenellaceae",-0.0739963899494765,0.826897019320151,0.985108317360645,"01_normal_2_vs_04_t2d_obesity_3","family","Not Significant","No Change"
"Coprobacillaceae",-0.361605663620701,0.0711236056076633,0.216421117329697,"01_normal_2_vs_04_t2d_obesity_3","family","Not Significant","No Change"
"Dehalococcoidaceae",0.267387435224936,0.232038258760397,0.630852950762171,"01_normal_2_vs_04_t2d_obesity_3","family","Not Significant","No Change"
"Bifidobacteriaceae",0.24952556214843,0.234294146597649,0.632636518801138,"01_normal_2_vs_04_t2d_obesity_3","family","Not Significant","No Change"
"Akkermansiaceae",1.00884118866878,5.83484364236747e-06,0.000117016187053992,"01_normal_2_vs_04_t2d_obesity_3","family","Highly Significant (p < 0.01)","Enriched in 01_normal_2"
"Cellulosilyticaceae",0.251414156124567,0.28390681818043,0.584796122208058,"01_normal_2_vs_04_t2d_obesity_3","family","Not Significant","No Change"
"Anaerotignaceae",-0.193102709196378,0.369270204407962,0.663114731137278,"01_normal_2_vs_04_t2d_obesity_3","family","Not Significant","No Change"
"Acutalibacteraceae",0.312719851188366,0.177167266516527,0.475883054070986,"01_normal_2_vs_04_t2d_obesity_3","family","Not Significant","No Change"
"Peptococcaceae",0.342619774315166,0.158383692757607,0.434193631270832,"01_normal_2_vs_04_t2d_obesity_3","family","Not Significant","No Change"
"Anaerovoracaceae",0.547296573081382,0.00133317986704029,0.00936670556114838,"01_normal_2_vs_04_t2d_obesity_3","family","Highly Significant (p < 0.01)","No Change"
"Erysipelotrichaceae",-0.645132310820172,0.000576750662140876,0.00358250249236021,"01_normal_2_vs_04_t2d_obesity_3","family","Highly Significant (p < 0.01)","No Change"
"Streptococcaceae",0.584679802658277,0.00503266925559658,0.0312087832815589,"01_normal_2_vs_04_t2d_obesity_3","family","Significant (p < 0.05)","No Change"
"Bacillaceae",-0.0697686481189468,0.726717356133494,0.950796832888777,"01_normal_2_vs_04_t2d_obesity_3","family","Not Significant","No Change"
"Actinomycetaceae",-0.235130904747177,0.248261942572308,0.464926851731602,"01_normal_2_vs_04_t2d_obesity_3","family","Not Significant","No Change"
"Eggerthellaceae",1.02637320017239,1.2502248363792e-05,0.000166076144913009,"01_normal_2_vs_04_t2d_obesity_3","family","Highly Significant (p < 0.01)","Enriched in 01_normal_2"
"Barnesiellaceae",0.480070632578914,0.00775012412924237,0.0464900862847872,"01_normal_2_vs_04_t2d_obesity_3","family","Significant (p < 0.05)","No Change"
"Burkholderiaceae",-0.394988805354858,0.0174092552946677,0.0640362525519394,"01_normal_2_vs_04_t2d_obesity_3","family","Not Significant","No Change"
"Pasteurellaceae",-0.311516098938443,0.0765932334397723,0.226943235160717,"01_normal_2_vs_04_t2d_obesity_3","family","Not Significant","No Change"
"Desulfovibrionaceae",0.386501986756133,0.0934248098762927,0.312042118065735,"01_normal_2_vs_04_t2d_obesity_3","family","Not Significant","No Change"
"Monoglobaceae",-0.138092685686365,0.609375619224815,0.882953976628808,"01_normal_2_vs_04_t2d_obesity_3","family","Not Significant","No Change"
"Coriobacteriaceae",0.940673750849456,0.000129026921750192,0.00113642307010993,"01_normal_2_vs_04_t2d_obesity_3","family","Highly Significant (p < 0.01)","No Change"
"Atopobiaceae",0.00390830236403783,0.749023742996685,0.934458388574514,"01_normal_2_vs_04_t2d_obesity_3","family","Not Significant","No Change"
"Muribaculaceae",0.234285099800514,0.308839177157245,0.68396174560738,"01_normal_2_vs_04_t2d_obesity_3","family","Not Significant","No Change"
"Cytophagaceae",0.186046504564532,0.441552493375096,0.781815095570067,"01_normal_2_vs_04_t2d_obesity_3","family","Not Significant","No Change"
"Coraliomargaritaceae",-0.354433518663777,0.097202209139143,0.257579308468526,"01_normal_2_vs_04_t2d_obesity_3","family","Not Significant","No Change"
"Selenomonadaceae",-0.652486808696639,0.000193532745201237,0.00160426384939355,"01_normal_2_vs_04_t2d_obesity_3","family","Highly Significant (p < 0.01)","No Change"
"Yersiniaceae",-0.298592274444853,0.198940276585799,0.424449954663116,"01_normal_2_vs_04_t2d_obesity_3","family","Not Significant","No Change"
"Synergistaceae",-0.44607274254988,0.0356551456855905,0.115930211971059,"01_normal_2_vs_04_t2d_obesity_3","family","Not Significant","No Change"
"Vibrionaceae",-0.464738422340381,0.0265208257899816,0.0811201342640731,"01_normal_2_vs_04_t2d_obesity_3","family","Not Significant","No Change"
"Staphylococcaceae",-0.490908963321407,0.0334973843139332,0.087314942919751,"01_normal_2_vs_04_t2d_obesity_3","family","Not Significant","No Change"
"Symbiobacteriaceae",0.0138604514685515,0.808459354738089,0.967060279301521,"01_normal_2_vs_04_t2d_obesity_3","family","Not Significant","No Change"
"Anoxybacillaceae",0.100621803899785,0.636157394012262,0.895374605595284,"01_normal_2_vs_04_t2d_obesity_3","family","Not Significant","No Change"
"Caldilineaceae",-0.468567181097648,0.0280417361238097,0.0882546473379947,"01_normal_2_vs_04_t2d_obesity_3","family","Not Significant","No Change"
"Pseudomonadaceae",-0.520436369511939,0.00545096468207355,0.0222459163068951,"01_normal_2_vs_04_t2d_obesity_3","family","Significant (p < 0.05)","No Change"
