"taxon","effect_size","p_value","p_value_bh","comparison","level","significance","direction"
"Bacteroidaceae",-0.714028062166049,4.0349007075606e-06,6.53386369638542e-05,"01_normal_2_vs_02_obesity_1","family","Highly Significant (p < 0.01)","No Change"
"Tannerellaceae",-0.64126919241251,0.00154701157445618,0.00971263996387834,"01_normal_2_vs_02_obesity_1","family","Highly Significant (p < 0.01)","No Change"
"Prevotellaceae",-0.748566470923979,2.02387435433611e-05,0.000233045926792396,"01_normal_2_vs_02_obesity_1","family","Highly Significant (p < 0.01)","No Change"
"Sutterellaceae",-0.363438055353926,0.0186080172481768,0.0836632887230716,"01_normal_2_vs_02_obesity_1","family","Not Significant","No Change"
"Enterobacteriaceae",0.231095817557819,0.299228538908641,0.764573850949211,"01_normal_2_vs_02_obesity_1","family","Not Significant","No Change"
"Oscillospiraceae",-0.842021029678073,1.49101823411837e-06,3.8885470696357e-05,"01_normal_2_vs_02_obesity_1","family","Highly Significant (p < 0.01)","No Change"
"Butyricicoccaceae",0.0784013282016729,0.166492117043808,0.593617340336271,"01_normal_2_vs_02_obesity_1","family","Not Significant","No Change"
"Eubacteriaceae",-0.134782526334087,0.83593981477818,0.995847455435699,"01_normal_2_vs_02_obesity_1","family","Not Significant","No Change"
"Clostridiaceae",0.163668976459949,0.0684560032725992,0.293211211757894,"01_normal_2_vs_02_obesity_1","family","Not Significant","No Change"
"Lachnospiraceae",0.0384656288227086,0.686187993869537,0.999659283932619,"01_normal_2_vs_02_obesity_1","family","Not Significant","No Change"
"Peptostreptococcaceae",0.797273931602107,4.30583533528263e-07,3.91507667696811e-06,"01_normal_2_vs_02_obesity_1","family","Highly Significant (p < 0.01)","No Change"
"Acidaminococcaceae",0.0619201518198058,0.35076337557041,0.878025878135981,"01_normal_2_vs_02_obesity_1","family","Not Significant","No Change"
"Veillonellaceae",-0.00205217167346885,0.844240828360247,0.999106889208301,"01_normal_2_vs_02_obesity_1","family","Not Significant","No Change"
"Lactobacillaceae",-0.2567251469471,0.237886887043996,0.561652847721433,"01_normal_2_vs_02_obesity_1","family","Not Significant","No Change"
"Enterococcaceae",0.785163074778363,1.23987768681617e-05,8.02842255587181e-05,"01_normal_2_vs_02_obesity_1","family","Highly Significant (p < 0.01)","No Change"
"Rikenellaceae",-0.481030538663002,0.00700210452135562,0.0350438211240921,"01_normal_2_vs_02_obesity_1","family","Significant (p < 0.05)","No Change"
"Odoribacteraceae",-0.147781344030946,0.324668285441279,0.688243266967278,"01_normal_2_vs_02_obesity_1","family","Not Significant","No Change"
"Flavobacteriaceae",0.20319763882221,0.361378095535665,0.818286556691198,"01_normal_2_vs_02_obesity_1","family","Not Significant","No Change"
"Turicibacteraceae",0.459853129249551,0.0201843016171553,0.0909165553337237,"01_normal_2_vs_02_obesity_1","family","Not Significant","No Change"
"Fusobacteriaceae",-0.376943648906229,0.0591122306878236,0.187274292006367,"01_normal_2_vs_02_obesity_1","family","Not Significant","No Change"
"Aristaeellaceae",-0.160624398250895,0.165899305700409,0.430676937315857,"01_normal_2_vs_02_obesity_1","family","Not Significant","No Change"
"Christensenellaceae",-0.196583815975223,0.212100424052933,0.50142295543595,"01_normal_2_vs_02_obesity_1","family","Not Significant","No Change"
"Coprobacillaceae",0.728826247044307,4.33089550669924e-07,4.02423655506756e-06,"01_normal_2_vs_02_obesity_1","family","Highly Significant (p < 0.01)","No Change"
"Dehalococcoidaceae",-0.272591312808353,0.129481686107347,0.35824606746752,"01_normal_2_vs_02_obesity_1","family","Not Significant","No Change"
"Bifidobacteriaceae",0.7243446237605,4.31334630645996e-05,0.000235397988617839,"01_normal_2_vs_02_obesity_1","family","Highly Significant (p < 0.01)","No Change"
"Akkermansiaceae",0.0948017182842893,0.50838445851491,0.924110397207241,"01_normal_2_vs_02_obesity_1","family","Not Significant","No Change"
"Cellulosilyticaceae",-0.112448447384554,0.403226216792656,0.682691951255918,"01_normal_2_vs_02_obesity_1","family","Not Significant","No Change"
"Anaerotignaceae",0.0451553231875498,0.722122089143977,0.928435672665992,"01_normal_2_vs_02_obesity_1","family","Not Significant","No Change"
"Acutalibacteraceae",0.331754956626599,0.0947219035525825,0.343908000896665,"01_normal_2_vs_02_obesity_1","family","Not Significant","No Change"
"Peptococcaceae",0.101172579193618,0.65848892418919,0.928252177521013,"01_normal_2_vs_02_obesity_1","family","Not Significant","No Change"
"Anaerovoracaceae",0.393190197597441,0.0144236946262242,0.0640380214115692,"01_normal_2_vs_02_obesity_1","family","Not Significant","No Change"
"Erysipelotrichaceae",0.585323500240853,0.000121910300635281,0.000714172151038294,"01_normal_2_vs_02_obesity_1","family","Highly Significant (p < 0.01)","No Change"
"Streptococcaceae",1.3414259741148,2.69304334013807e-11,7.46062162164247e-10,"01_normal_2_vs_02_obesity_1","family","Highly Significant (p < 0.01)","Enriched in 01_normal_2"
"Bacillaceae",-0.00075682977461332,0.698081190093479,0.961114107322637,"01_normal_2_vs_02_obesity_1","family","Not Significant","No Change"
"Actinomycetaceae",0.854053895824043,6.15465409009526e-06,3.97018782370485e-05,"01_normal_2_vs_02_obesity_1","family","Highly Significant (p < 0.01)","No Change"
"Eggerthellaceae",1.56890609239474,7.11483370517355e-10,1.31756148600457e-08,"01_normal_2_vs_02_obesity_1","family","Highly Significant (p < 0.01)","Enriched in 01_normal_2"
"Barnesiellaceae",-0.25776206637199,0.0812163884380384,0.250109485465235,"01_normal_2_vs_02_obesity_1","family","Not Significant","No Change"
"Burkholderiaceae",-0.2299655833561,0.26108108386057,0.587694594127438,"01_normal_2_vs_02_obesity_1","family","Not Significant","No Change"
"Pasteurellaceae",-0.215595736701526,0.213710774832378,0.49428632701528,"01_normal_2_vs_02_obesity_1","family","Not Significant","No Change"
"Desulfovibrionaceae",-0.0175556759068941,0.719754624008399,0.9410092023702,"01_normal_2_vs_02_obesity_1","family","Not Significant","No Change"
"Monoglobaceae",0.111321431859891,0.713783480705803,0.977854507512661,"01_normal_2_vs_02_obesity_1","family","Not Significant","No Change"
"Coriobacteriaceae",1.02788072060569,3.34580711233942e-07,2.80801945519425e-06,"01_normal_2_vs_02_obesity_1","family","Highly Significant (p < 0.01)","Enriched in 01_normal_2"
"Atopobiaceae",0.125674108520487,0.570177938112607,0.92360399303997,"01_normal_2_vs_02_obesity_1","family","Not Significant","No Change"
"Muribaculaceae",-0.318983945523078,0.066467420182014,0.19720792623877,"01_normal_2_vs_02_obesity_1","family","Not Significant","No Change"
"Cytophagaceae",0.105483392493311,0.73201037209402,0.95520016637248,"01_normal_2_vs_02_obesity_1","family","Not Significant","No Change"
"Coraliomargaritaceae",-0.109856225560705,0.330636058550769,0.618680552364021,"01_normal_2_vs_02_obesity_1","family","Not Significant","No Change"
"Selenomonadaceae",-0.802126584522966,4.59419626042817e-06,6.38073449426493e-05,"01_normal_2_vs_02_obesity_1","family","Highly Significant (p < 0.01)","No Change"
"Yersiniaceae",-0.116066328947466,0.847649292317136,0.983152073344505,"01_normal_2_vs_02_obesity_1","family","Not Significant","No Change"
"Synergistaceae",-0.445188988730721,0.0136359444108853,0.0536761387394159,"01_normal_2_vs_02_obesity_1","family","Not Significant","No Change"
"Vibrionaceae",-0.266766085788976,0.156267773566147,0.380117819430195,"01_normal_2_vs_02_obesity_1","family","Not Significant","No Change"
"Staphylococcaceae",-0.2266937113908,0.175047769359549,0.39233128336362,"01_normal_2_vs_02_obesity_1","family","Not Significant","No Change"
"Symbiobacteriaceae",-0.506093334551117,0.0170432622516186,0.0598481407857901,"01_normal_2_vs_02_obesity_1","family","Not Significant","No Change"
"Anoxybacillaceae",-0.361092919624051,0.0529169461751727,0.159233518417445,"01_normal_2_vs_02_obesity_1","family","Not Significant","No Change"
"Caldilineaceae",-0.533144220298489,0.00433472018012454,0.0172072213505379,"01_normal_2_vs_02_obesity_1","family","Significant (p < 0.05)","No Change"
"Pseudomonadaceae",-0.248794369774861,0.0962171020860367,0.249474545404127,"01_normal_2_vs_02_obesity_1","family","Not Significant","No Change"
