"baseMean","log2FoldChange","lfcSE","stat","pvalue","padj","taxon","comparison","level","significance","direction"
18137.7297368113,-1.1543400939598,0.372281892701486,-3.10071512096188,0.0019305392604364,0.00357887923516528,"Bacteroidaceae","04_t2d_obesity_3_vs_03_diabetic_2","family","Highly Significant (p < 0.01)","Enriched in 03_diabetic_2"
1642.7450538058,0.289781330299806,0.49822465101043,0.581627845414938,0.560817382689671,0.571202889776517,"Tannerellaceae","04_t2d_obesity_3_vs_03_diabetic_2","family","Not Significant","No Change"
11088.7981672952,0.40189646268176,0.684680664848438,0.586983806196316,0.557214582705383,0.571202889776517,"Prevotellaceae","04_t2d_obesity_3_vs_03_diabetic_2","family","Not Significant","No Change"
924.959549739517,0.688323425543397,0.601567227747906,1.14421696161921,0.252533670532684,0.298019200579187,"Sutterellaceae","04_t2d_obesity_3_vs_03_diabetic_2","family","Not Significant","No Change"
347.445800919174,0.784813771696697,0.688990848683829,1.13907720718776,0.254670953222214,0.298019200579187,"Enterobacteriaceae","04_t2d_obesity_3_vs_03_diabetic_2","family","Not Significant","No Change"
11805.2462451259,0.45974108313373,0.267973060166039,1.71562426032255,0.086230835255464,0.112921331882155,"Oscillospiraceae","04_t2d_obesity_3_vs_03_diabetic_2","family","Not Significant","No Change"
170.154890133844,0.883904083575156,0.425263962299551,2.07848339369171,0.0376648588508928,0.054514927284187,"Butyricicoccaceae","04_t2d_obesity_3_vs_03_diabetic_2","family","Not Significant","No Change"
288.854437264323,1.97611076790251,0.441504497284646,4.47585648630093,7.61055959859266e-06,1.99324179963141e-05,"Eubacteriaceae","04_t2d_obesity_3_vs_03_diabetic_2","family","Highly Significant (p < 0.01)","Enriched in 04_t2d_obesity_3"
359.591704305727,0.511566950592915,0.478029265568657,1.07015822553115,0.28454809428509,0.326044691368332,"Clostridiaceae","04_t2d_obesity_3_vs_03_diabetic_2","family","Not Significant","No Change"
14148.6757536385,0.394008468529324,0.274127904185198,1.43731616706607,0.150628177133198,0.18410110538502,"Lachnospiraceae","04_t2d_obesity_3_vs_03_diabetic_2","family","Not Significant","No Change"
298.089773115301,0.898607466323363,0.566369789315285,1.58660910817602,0.11260120328591,0.144024794900582,"Peptostreptococcaceae","04_t2d_obesity_3_vs_03_diabetic_2","family","Not Significant","No Change"
2766.75383689841,3.85535565415318,0.607934258163209,6.34173120264947,2.27197470331471e-10,1.38842898535899e-09,"Acidaminococcaceae","04_t2d_obesity_3_vs_03_diabetic_2","family","Highly Significant (p < 0.01)","Enriched in 04_t2d_obesity_3"
859.213509217712,2.2516799811499,0.661601869889474,3.40337608405801,0.000665585966054138,0.00135582326418436,"Veillonellaceae","04_t2d_obesity_3_vs_03_diabetic_2","family","Highly Significant (p < 0.01)","Enriched in 04_t2d_obesity_3"
138.594173373696,-2.51108182542928,0.582949523811146,-4.30754589010141,1.65075854939954e-05,4.12689637349884e-05,"Lactobacillaceae","04_t2d_obesity_3_vs_03_diabetic_2","family","Highly Significant (p < 0.01)","Enriched in 03_diabetic_2"
41.0635626493829,0.893369391086698,0.460308767021693,1.94080464047428,0.0522819779468475,0.0718877196769153,"Enterococcaceae","04_t2d_obesity_3_vs_03_diabetic_2","family","Not Significant","No Change"
1807.44510017699,2.29760611744966,0.466495071435467,4.92525271570314,8.42513960186719e-07,3.08921785401797e-06,"Rikenellaceae","04_t2d_obesity_3_vs_03_diabetic_2","family","Highly Significant (p < 0.01)","Enriched in 04_t2d_obesity_3"
209.175682963157,0.779569426096149,0.496109701425136,1.57136501031272,0.116097888511421,0.145122360639277,"Odoribacteraceae","04_t2d_obesity_3_vs_03_diabetic_2","family","Not Significant","No Change"
47.804830653903,1.63153001713561,0.545608314869929,2.99029536880237,0.00278707800548274,0.00494481581617905,"Flavobacteriaceae","04_t2d_obesity_3_vs_03_diabetic_2","family","Highly Significant (p < 0.01)","Enriched in 04_t2d_obesity_3"
52.558396343987,-0.611296752939785,0.620303039859758,-0.985480827367847,0.324387944479051,0.351582020668261,"Turicibacteraceae","04_t2d_obesity_3_vs_03_diabetic_2","family","Not Significant","No Change"
36.989117903391,-4.55143744620693,0.714894582032262,-6.36658545273677,1.93282637476387e-10,1.32881813265016e-09,"Fusobacteriaceae","04_t2d_obesity_3_vs_03_diabetic_2","family","Highly Significant (p < 0.01)","Enriched in 03_diabetic_2"
252.700564381964,2.04134046735079,0.587113264177576,3.47691083118397,0.000507226477823186,0.00107297908770289,"Aristaeellaceae","04_t2d_obesity_3_vs_03_diabetic_2","family","Highly Significant (p < 0.01)","Enriched in 04_t2d_obesity_3"
63.6697338278768,-1.18785506264755,0.54880813393559,-2.16442685375169,0.0304316047321421,0.0452361691964274,"Christensenellaceae","04_t2d_obesity_3_vs_03_diabetic_2","family","Significant (p < 0.05)","Enriched in 03_diabetic_2"
499.477089008697,-2.0536730588853,0.508362585534219,-4.03978010444488,5.3501338517493e-05,0.000127937983411396,"Coprobacillaceae","04_t2d_obesity_3_vs_03_diabetic_2","family","Highly Significant (p < 0.01)","Enriched in 03_diabetic_2"
248.404196285466,1.64979917150755,0.743898556402421,2.21777439586141,0.0265702187355154,0.0405933897348152,"Dehalococcoidaceae","04_t2d_obesity_3_vs_03_diabetic_2","family","Significant (p < 0.05)","Enriched in 04_t2d_obesity_3"
395.811954677714,4.08610451962462,0.570667184724401,7.16022338238701,8.05457024952487e-13,8.86002727447736e-12,"Bifidobacteriaceae","04_t2d_obesity_3_vs_03_diabetic_2","family","Highly Significant (p < 0.01)","Enriched in 04_t2d_obesity_3"
3354.43931737243,10.50892272949,0.695929140250355,15.1005642984133,1.60553468411665e-51,4.41522038132078e-50,"Akkermansiaceae","04_t2d_obesity_3_vs_03_diabetic_2","family","Highly Significant (p < 0.01)","Enriched in 04_t2d_obesity_3"
4.33537746703736,1.87462620406258,0.40286636554975,4.65322092973551,3.26789783137634e-06,9.45970424872099e-06,"Cellulosilyticaceae","04_t2d_obesity_3_vs_03_diabetic_2","family","Highly Significant (p < 0.01)","Enriched in 04_t2d_obesity_3"
7.22563308463988,0.46423281540406,0.495384320543252,0.937116489466138,0.348698640310753,0.368815869559451,"Anaerotignaceae","04_t2d_obesity_3_vs_03_diabetic_2","family","Not Significant","No Change"
28.0370450413089,2.60708104662566,0.518902711628814,5.02421935403293,5.05484372536808e-07,1.98583146353746e-06,"Acutalibacteraceae","04_t2d_obesity_3_vs_03_diabetic_2","family","Highly Significant (p < 0.01)","Enriched in 04_t2d_obesity_3"
11.5968302157336,2.28348006310304,0.468158816919025,4.87757568709424,1.0739764347014e-06,3.69179399428607e-06,"Peptococcaceae","04_t2d_obesity_3_vs_03_diabetic_2","family","Highly Significant (p < 0.01)","Enriched in 04_t2d_obesity_3"
42.1577792694227,2.80066201825751,0.445895484225219,6.2809831391854,3.36438632055901e-10,1.85041247630746e-09,"Anaerovoracaceae","04_t2d_obesity_3_vs_03_diabetic_2","family","Highly Significant (p < 0.01)","Enriched in 04_t2d_obesity_3"
127.066193109861,-4.24026435253068,0.555985540723007,-7.6265730706173,2.41076307200303e-14,3.31479922400416e-13,"Erysipelotrichaceae","04_t2d_obesity_3_vs_03_diabetic_2","family","Highly Significant (p < 0.01)","Enriched in 03_diabetic_2"
300.619699841234,0.961965721734476,0.550971833858382,1.74594355395258,0.0808207606910805,0.108418093609986,"Streptococcaceae","04_t2d_obesity_3_vs_03_diabetic_2","family","Not Significant","No Change"
91.3722135202603,-1.67042860931684,0.598487148222524,-2.79108517915201,0.00525316457339516,0.00849776622166864,"Bacillaceae","04_t2d_obesity_3_vs_03_diabetic_2","family","Highly Significant (p < 0.01)","Enriched in 03_diabetic_2"
9.10346205134539,0.167141988438923,0.439993345562208,0.379873900650371,0.70403902191972,0.70403902191972,"Actinomycetaceae","04_t2d_obesity_3_vs_03_diabetic_2","family","Not Significant","No Change"
57.178480685873,4.6035843904422,0.42481206234684,10.8367553524965,2.30501689616561e-27,4.22586430963695e-26,"Eggerthellaceae","04_t2d_obesity_3_vs_03_diabetic_2","family","Highly Significant (p < 0.01)","Enriched in 04_t2d_obesity_3"
183.749816041605,3.20736669152083,0.633036623345495,5.0666368630782,4.04905658135955e-07,1.71306239980596e-06,"Barnesiellaceae","04_t2d_obesity_3_vs_03_diabetic_2","family","Highly Significant (p < 0.01)","Enriched in 04_t2d_obesity_3"
136.135798672881,-2.62206627784627,0.742972916683201,-3.52915458823421,0.000416889528534371,0.000917156962775616,"Burkholderiaceae","04_t2d_obesity_3_vs_03_diabetic_2","family","Highly Significant (p < 0.01)","Enriched in 03_diabetic_2"
27.7543670018287,-3.24087773489276,0.628158402972063,-5.15933197670986,2.47832525501014e-07,1.13589907521298e-06,"Pasteurellaceae","04_t2d_obesity_3_vs_03_diabetic_2","family","Highly Significant (p < 0.01)","Enriched in 03_diabetic_2"
26.3417049519797,1.61393665389372,0.562601710163704,2.86870200487678,0.00412159914144645,0.00686933190241075,"Desulfovibrionaceae","04_t2d_obesity_3_vs_03_diabetic_2","family","Highly Significant (p < 0.01)","Enriched in 04_t2d_obesity_3"
13.8349782300018,1.78193612345218,0.543015980917004,3.28155374072598,0.00103236849647666,0.00202786668950772,"Monoglobaceae","04_t2d_obesity_3_vs_03_diabetic_2","family","Highly Significant (p < 0.01)","Enriched in 04_t2d_obesity_3"
180.382725138606,7.83105743044408,0.505542296629108,15.490409967001,4.02714280071246e-54,2.21492854039185e-52,"Coriobacteriaceae","04_t2d_obesity_3_vs_03_diabetic_2","family","Highly Significant (p < 0.01)","Enriched in 04_t2d_obesity_3"
9.44953980869997,2.43026135710135,0.505011150000387,4.81229247532355,1.4920877679068e-06,4.82734277852201e-06,"Atopobiaceae","04_t2d_obesity_3_vs_03_diabetic_2","family","Highly Significant (p < 0.01)","Enriched in 04_t2d_obesity_3"
21.6063866934954,0.646127508234825,0.634020780270082,1.01909515956178,0.308157791938058,0.345891399114147,"Muribaculaceae","04_t2d_obesity_3_vs_03_diabetic_2","family","Not Significant","No Change"
5.80276994895225,1.97368001177412,0.425861916701795,4.63455391141765,3.57708005687814e-06,9.83697015641487e-06,"Cytophagaceae","04_t2d_obesity_3_vs_03_diabetic_2","family","Highly Significant (p < 0.01)","Enriched in 04_t2d_obesity_3"
4.03562050547057,0.471393875209614,0.479947752768354,0.982177481800049,0.326012419165115,0.351582020668261,"Coraliomargaritaceae","04_t2d_obesity_3_vs_03_diabetic_2","family","Not Significant","No Change"
635.461285514184,-3.64708295391288,0.778458340898592,-4.68500722813628,2.79950052828454e-06,8.55402939198054e-06,"Selenomonadaceae","04_t2d_obesity_3_vs_03_diabetic_2","family","Highly Significant (p < 0.01)","Enriched in 03_diabetic_2"
29.3712022679324,1.87953198373383,0.606805217455237,3.09742225292003,0.00195211594645379,0.00357887923516528,"Yersiniaceae","04_t2d_obesity_3_vs_03_diabetic_2","family","Highly Significant (p < 0.01)","Enriched in 04_t2d_obesity_3"
4.92943325233484,-0.936172665881338,0.467341706458385,-2.00318664682392,0.0451572583923252,0.0636833131173817,"Synergistaceae","04_t2d_obesity_3_vs_03_diabetic_2","family","Not Significant","No Change"
5.54950176958989,-3.00797117507347,0.534719888603979,-5.62532129284836,1.85163010268721e-08,9.25815051343605e-08,"Vibrionaceae","04_t2d_obesity_3_vs_03_diabetic_2","family","Highly Significant (p < 0.01)","Enriched in 03_diabetic_2"
3.51166702812008,-1.79398139482522,0.502355236255709,-3.57114102800364,0.000355429440639726,0.00081452580146604,"Staphylococcaceae","04_t2d_obesity_3_vs_03_diabetic_2","family","Highly Significant (p < 0.01)","Enriched in 03_diabetic_2"
8.80163871599965,1.31490324645212,0.556240649792625,2.36391074068812,0.0180831688367723,0.0284164081720707,"Symbiobacteriaceae","04_t2d_obesity_3_vs_03_diabetic_2","family","Significant (p < 0.05)","Enriched in 04_t2d_obesity_3"
4.42660483493131,1.34247948402649,0.457529014200652,2.9341953020661,0.00334413713434326,0.00574773569965247,"Anoxybacillaceae","04_t2d_obesity_3_vs_03_diabetic_2","family","Highly Significant (p < 0.01)","Enriched in 04_t2d_obesity_3"
4.12643506438833,-2.7807586472423,0.430892675547526,-6.45348321065993,1.09308117329881e-10,8.5884949330621e-10,"Caldilineaceae","04_t2d_obesity_3_vs_03_diabetic_2","family","Highly Significant (p < 0.01)","Enriched in 03_diabetic_2"
5.44744038250853,-3.34525407824871,0.491894943659112,-6.80074906516422,1.04076568612314e-11,9.54035212279542e-11,"Pseudomonadaceae","04_t2d_obesity_3_vs_03_diabetic_2","family","Highly Significant (p < 0.01)","Enriched in 03_diabetic_2"
