"taxon","effect_size","p_value","p_value_bh","comparison","level","significance","direction"
"Bacteroidaceae",-0.000760715508772929,0.5819518007965,1,"01_normal_2_vs_03_diabetic_2","family","Not Significant","No Change"
"Tannerellaceae",0.00380525100075845,0.840029302547521,1,"01_normal_2_vs_03_diabetic_2","family","Not Significant","No Change"
"Prevotellaceae",-0.0095036068678494,0.909611593630515,1,"01_normal_2_vs_03_diabetic_2","family","Not Significant","No Change"
"Sutterellaceae",-0.0455165724399799,0.750732956584344,1,"01_normal_2_vs_03_diabetic_2","family","Not Significant","No Change"
"Enterobacteriaceae",0.577545393812537,0.00172617767607446,0.0685742472325939,"01_normal_2_vs_03_diabetic_2","family","Not Significant","No Change"
"Oscillospiraceae",-0.170663003638298,0.0910152835956719,0.89721494962188,"01_normal_2_vs_03_diabetic_2","family","Not Significant","No Change"
"Butyricicoccaceae",-0.085049461902977,0.497348154021502,0.999386769291194,"01_normal_2_vs_03_diabetic_2","family","Not Significant","No Change"
"Eubacteriaceae",-0.192219104651993,0.0966040519462913,0.871901696178912,"01_normal_2_vs_03_diabetic_2","family","Not Significant","No Change"
"Clostridiaceae",0.0480797403693735,0.790560481864407,1,"01_normal_2_vs_03_diabetic_2","family","Not Significant","No Change"
"Lachnospiraceae",-0.063148144824845,0.722804760244175,1,"01_normal_2_vs_03_diabetic_2","family","Not Significant","No Change"
"Peptostreptococcaceae",-0.0464199731860523,0.764369155504458,1,"01_normal_2_vs_03_diabetic_2","family","Not Significant","No Change"
"Acidaminococcaceae",0.085213050555553,0.408850243471266,0.999176898166317,"01_normal_2_vs_03_diabetic_2","family","Not Significant","No Change"
"Veillonellaceae",-0.0593131238013872,0.593041403784137,1,"01_normal_2_vs_03_diabetic_2","family","Not Significant","No Change"
"Lactobacillaceae",0.0242504214595531,0.759826185943384,1,"01_normal_2_vs_03_diabetic_2","family","Not Significant","No Change"
"Enterococcaceae",0.297713949804166,0.10355531231747,0.75682884859239,"01_normal_2_vs_03_diabetic_2","family","Not Significant","No Change"
"Rikenellaceae",-0.223142620017933,0.0665138398467668,0.867267983433715,"01_normal_2_vs_03_diabetic_2","family","Not Significant","No Change"
"Odoribacteraceae",0.0167310418151635,0.861607593130116,1,"01_normal_2_vs_03_diabetic_2","family","Not Significant","No Change"
"Flavobacteriaceae",0.165727568269431,0.30726201788311,0.969456404207824,"01_normal_2_vs_03_diabetic_2","family","Not Significant","No Change"
"Turicibacteraceae",-0.0296773274295397,0.756055922380668,0.994151368326989,"01_normal_2_vs_03_diabetic_2","family","Not Significant","No Change"
"Fusobacteriaceae",0.0458618631482595,0.398583981705533,0.984706737475147,"01_normal_2_vs_03_diabetic_2","family","Not Significant","No Change"
"Aristaeellaceae",-0.116888647887433,0.400899100261545,0.987074630790799,"01_normal_2_vs_03_diabetic_2","family","Not Significant","No Change"
"Christensenellaceae",0.00989060528923342,0.846626110842685,1,"01_normal_2_vs_03_diabetic_2","family","Not Significant","No Change"
"Coprobacillaceae",0.00215451615885405,0.850436313198701,1,"01_normal_2_vs_03_diabetic_2","family","Not Significant","No Change"
"Dehalococcoidaceae",0.0727254831971401,0.671201836228942,1,"01_normal_2_vs_03_diabetic_2","family","Not Significant","No Change"
"Bifidobacteriaceae",-0.180866316565045,0.244583293261208,0.942214705898809,"01_normal_2_vs_03_diabetic_2","family","Not Significant","No Change"
"Akkermansiaceae",-0.087779011946891,0.534396459927972,0.984528329189708,"01_normal_2_vs_03_diabetic_2","family","Not Significant","No Change"
"Cellulosilyticaceae",-0.0709835448101238,0.577885071402815,0.962177713229634,"01_normal_2_vs_03_diabetic_2","family","Not Significant","No Change"
"Anaerotignaceae",-0.00832241029842766,0.679135944592613,0.993712133598482,"01_normal_2_vs_03_diabetic_2","family","Not Significant","No Change"
"Acutalibacteraceae",-0.0680024837904884,0.554294906935471,0.972990623104644,"01_normal_2_vs_03_diabetic_2","family","Not Significant","No Change"
"Peptococcaceae",-0.041184497721767,0.626872003037943,0.979377228484268,"01_normal_2_vs_03_diabetic_2","family","Not Significant","No Change"
"Anaerovoracaceae",-0.065913178158671,0.654325159756267,0.993267288529147,"01_normal_2_vs_03_diabetic_2","family","Not Significant","No Change"
"Erysipelotrichaceae",0.0165153729526645,0.842469200758446,1,"01_normal_2_vs_03_diabetic_2","family","Not Significant","No Change"
"Streptococcaceae",0.0821208915372768,0.463511661708029,0.991439594351096,"01_normal_2_vs_03_diabetic_2","family","Not Significant","No Change"
"Bacillaceae",0.221851622044971,0.151574971575961,0.848239363334774,"01_normal_2_vs_03_diabetic_2","family","Not Significant","No Change"
"Eggerthellaceae",-0.0323847939214905,0.706762475769099,0.985181059567164,"01_normal_2_vs_03_diabetic_2","family","Not Significant","No Change"
"Barnesiellaceae",-0.08086677566761,0.510395840755237,0.990546667990437,"01_normal_2_vs_03_diabetic_2","family","Not Significant","No Change"
"Burkholderiaceae",-0.0682600059565878,0.522724585969275,0.991661896832983,"01_normal_2_vs_03_diabetic_2","family","Not Significant","No Change"
"Pasteurellaceae",0.0385862755654592,0.600369830461106,0.996267563726925,"01_normal_2_vs_03_diabetic_2","family","Not Significant","No Change"
"Desulfovibrionaceae",0.153730365956887,0.426450413066956,0.956597000512209,"01_normal_2_vs_03_diabetic_2","family","Not Significant","No Change"
"Monoglobaceae",-0.0180755902204741,0.754022713570627,0.990130664708207,"01_normal_2_vs_03_diabetic_2","family","Not Significant","No Change"
"Atopobiaceae",-0.0272455878164912,0.652302689950368,0.982472442633531,"01_normal_2_vs_03_diabetic_2","family","Not Significant","No Change"
"Muribaculaceae",-0.0625282690175513,0.575680947397731,0.982476934420547,"01_normal_2_vs_03_diabetic_2","family","Not Significant","No Change"
"Cytophagaceae",-0.075251699099819,0.577926054461178,0.970933862027151,"01_normal_2_vs_03_diabetic_2","family","Not Significant","No Change"
"Coraliomargaritaceae",-0.141881388950401,0.358583473339215,0.903739899691812,"01_normal_2_vs_03_diabetic_2","family","Not Significant","No Change"
"Selenomonadaceae",-0.0867140107829266,0.457929436681449,0.993276089073052,"01_normal_2_vs_03_diabetic_2","family","Not Significant","No Change"
"Yersiniaceae",-0.0721790426006486,0.534505437497597,0.971719768561514,"01_normal_2_vs_03_diabetic_2","family","Not Significant","No Change"
"Synergistaceae",0.055168779131474,0.68449294698469,0.994377792223044,"01_normal_2_vs_03_diabetic_2","family","Not Significant","No Change"
"Vibrionaceae",0.137898718662204,0.404005372372584,0.928999160638088,"01_normal_2_vs_03_diabetic_2","family","Not Significant","No Change"
"Staphylococcaceae",0.0249252943292274,0.699625469396362,0.991365269378553,"01_normal_2_vs_03_diabetic_2","family","Not Significant","No Change"
"Symbiobacteriaceae",-0.0593169158687344,0.679047074072168,0.982607185477193,"01_normal_2_vs_03_diabetic_2","family","Not Significant","No Change"
"Anoxybacillaceae",-0.0152925858843159,0.706257955304572,0.981567165570687,"01_normal_2_vs_03_diabetic_2","family","Not Significant","No Change"
"Caldilineaceae",0.179156819279715,0.341446696920342,0.889027831516771,"01_normal_2_vs_03_diabetic_2","family","Not Significant","No Change"
"Pseudomonadaceae",-0.0664998271480184,0.654720606415895,0.986406392305497,"01_normal_2_vs_03_diabetic_2","family","Not Significant","No Change"
