"baseMean","log2FoldChange","lfcSE","stat","pvalue","padj","taxon","comparison","level","significance","direction"
18137.7297368113,0.02341332394124,0.344356861334422,0.0679914547092534,0.945792436698118,0.978989924157197,"Bacteroidaceae","02_obesity_1_vs_01_normal_2","family","Not Significant","No Change"
1642.7450538058,0.0250219852663868,0.460857166927655,0.0542944475252453,0.956700573263112,0.978989924157197,"Tannerellaceae","02_obesity_1_vs_01_normal_2","family","Not Significant","No Change"
11088.7981672952,-2.47853254900369,0.633338505213138,-3.91344048814715,9.09903330855204e-05,0.000208519513320984,"Prevotellaceae","02_obesity_1_vs_01_normal_2","family","Highly Significant (p < 0.01)","Enriched in 01_normal_2"
924.959549739517,0.862032142846687,0.556443368434126,1.549182166143,0.121337935298477,0.171117601061954,"Sutterellaceae","02_obesity_1_vs_01_normal_2","family","Not Significant","No Change"
347.445800919174,2.00702000795232,0.637627345434445,3.14763791472094,0.00164595439848854,0.00301758306389565,"Enterobacteriaceae","02_obesity_1_vs_01_normal_2","family","Highly Significant (p < 0.01)","Enriched in 02_obesity_1"
11805.2462451259,0.0898570932659851,0.247875002220093,0.362509702314391,0.716971174495822,0.804763563209596,"Oscillospiraceae","02_obesity_1_vs_01_normal_2","family","Not Significant","No Change"
170.154890133844,1.67484230424484,0.392442863983095,4.26773540292222,1.97467348656503e-05,5.43035208805383e-05,"Butyricicoccaceae","02_obesity_1_vs_01_normal_2","family","Highly Significant (p < 0.01)","Enriched in 02_obesity_1"
288.854437264323,0.865714138050984,0.407822212441169,2.12277338418851,0.0337728461935147,0.0515974039067585,"Eubacteriaceae","02_obesity_1_vs_01_normal_2","family","Not Significant","No Change"
359.591704305727,1.39573017072042,0.441956153333775,3.15807385006887,0.00158815319707688,0.00301201468411132,"Clostridiaceae","02_obesity_1_vs_01_normal_2","family","Highly Significant (p < 0.01)","Enriched in 02_obesity_1"
14148.6757536385,1.91812583795825,0.253563812722849,7.5646671240695,3.8885909749831e-14,1.94429548749155e-13,"Lachnospiraceae","02_obesity_1_vs_01_normal_2","family","Highly Significant (p < 0.01)","Enriched in 02_obesity_1"
298.089773115301,4.04857198109949,0.523030378952974,7.74060579273445,9.89442332653987e-15,5.44193282959693e-14,"Peptostreptococcaceae","02_obesity_1_vs_01_normal_2","family","Highly Significant (p < 0.01)","Enriched in 02_obesity_1"
2766.75383689841,1.59581859437745,0.56244304658178,2.8372981123617,0.004549710975883,0.0078198157397989,"Acidaminococcaceae","02_obesity_1_vs_01_normal_2","family","Highly Significant (p < 0.01)","Enriched in 02_obesity_1"
859.213509217712,1.59180621318932,0.611992865073207,2.60102086810915,0.00929467998451061,0.0150355117396495,"Veillonellaceae","02_obesity_1_vs_01_normal_2","family","Significant (p < 0.05)","Enriched in 02_obesity_1"
138.594173373696,-0.145324756075589,0.538447963771436,-0.269895636818264,0.78724054397344,0.865964598370784,"Lactobacillaceae","02_obesity_1_vs_01_normal_2","family","Not Significant","No Change"
41.0635626493829,1.50816942457798,0.430710783954897,3.50158268787603,0.000462503427412569,0.000942136611395974,"Enterococcaceae","02_obesity_1_vs_01_normal_2","family","Highly Significant (p < 0.01)","Enriched in 02_obesity_1"
1807.44510017699,-1.69165752329569,0.431510925186131,-3.92031215099826,8.84343466885455e-05,0.000208519513320984,"Rikenellaceae","02_obesity_1_vs_01_normal_2","family","Highly Significant (p < 0.01)","Enriched in 01_normal_2"
209.175682963157,-0.930516056617764,0.458935062366304,-2.02755494823157,0.042605690993004,0.0633327839085195,"Odoribacteraceae","02_obesity_1_vs_01_normal_2","family","Not Significant","No Change"
47.804830653903,1.87954568020998,0.506691159433417,3.70945031350396,0.000207709712998363,0.000456961368596399,"Flavobacteriaceae","02_obesity_1_vs_01_normal_2","family","Highly Significant (p < 0.01)","Enriched in 02_obesity_1"
52.558396343987,3.98952213156331,0.574234492423782,6.94754875264279,3.71687638935832e-12,1.70356834512256e-11,"Turicibacteraceae","02_obesity_1_vs_01_normal_2","family","Highly Significant (p < 0.01)","Enriched in 02_obesity_1"
36.989117903391,2.85660763025941,0.628204258847862,4.54725925529138,5.43490333547179e-06,1.66066490806082e-05,"Fusobacteriaceae","02_obesity_1_vs_01_normal_2","family","Highly Significant (p < 0.01)","Enriched in 02_obesity_1"
252.700564381964,-2.21292115394052,0.54297272787676,-4.0755659360534,4.59025729881459e-05,0.000114756432470365,"Aristaeellaceae","02_obesity_1_vs_01_normal_2","family","Highly Significant (p < 0.01)","Enriched in 01_normal_2"
63.6697338278768,-2.23552071508712,0.507155223459214,-4.40796153067109,1.04348072911487e-05,3.02060211059567e-05,"Christensenellaceae","02_obesity_1_vs_01_normal_2","family","Highly Significant (p < 0.01)","Enriched in 01_normal_2"
499.477089008697,4.41574873943735,0.469636711718486,9.40247776473718,5.32930187930258e-21,5.86223206723284e-20,"Coprobacillaceae","02_obesity_1_vs_01_normal_2","family","Highly Significant (p < 0.01)","Enriched in 02_obesity_1"
248.404196285466,0.0342119537816396,0.688020477082395,0.0497251970271556,0.960341376969174,0.978989924157197,"Dehalococcoidaceae","02_obesity_1_vs_01_normal_2","family","Not Significant","No Change"
395.811954677714,4.79962574530531,0.527381489554743,9.10086121785869,8.96183374765919e-20,8.21501426868759e-19,"Bifidobacteriaceae","02_obesity_1_vs_01_normal_2","family","Highly Significant (p < 0.01)","Enriched in 02_obesity_1"
3354.43931737243,7.12068451000382,0.643495717437517,11.0656284370614,1.84167372922892e-28,3.37640183691969e-27,"Akkermansiaceae","02_obesity_1_vs_01_normal_2","family","Highly Significant (p < 0.01)","Enriched in 02_obesity_1"
4.33537746703736,-0.0146907926228854,0.380417894410679,-0.0386175120537995,0.96919534010693,0.978989924157197,"Cellulosilyticaceae","02_obesity_1_vs_01_normal_2","family","Not Significant","No Change"
7.22563308463988,1.45051997911164,0.474673541429409,3.05582648391064,0.00224441101556206,0.00398201954373914,"Anaerotignaceae","02_obesity_1_vs_01_normal_2","family","Highly Significant (p < 0.01)","Enriched in 02_obesity_1"
28.0370450413089,1.64785120387449,0.4767658949904,3.45631099285672,0.000547623106670549,0.00107568824524572,"Acutalibacteraceae","02_obesity_1_vs_01_normal_2","family","Highly Significant (p < 0.01)","Enriched in 02_obesity_1"
11.5968302157336,0.318019431971665,0.433675725008013,0.733311581979344,0.463368412608316,0.55402744985777,"Peptococcaceae","02_obesity_1_vs_01_normal_2","family","Not Significant","No Change"
42.1577792694227,1.98815128456117,0.412326984517349,4.82178309743275,1.42280611090145e-06,4.60319624115174e-06,"Anaerovoracaceae","02_obesity_1_vs_01_normal_2","family","Highly Significant (p < 0.01)","Enriched in 02_obesity_1"
127.066193109861,2.84330140475695,0.498011043654029,5.70931396198556,1.13432471709307e-08,4.15919062934125e-08,"Erysipelotrichaceae","02_obesity_1_vs_01_normal_2","family","Highly Significant (p < 0.01)","Enriched in 02_obesity_1"
300.619699841234,4.19732590138755,0.511068065145792,8.21285106160993,2.15997402785912e-16,1.48498214415315e-15,"Streptococcaceae","02_obesity_1_vs_01_normal_2","family","Highly Significant (p < 0.01)","Enriched in 02_obesity_1"
91.3722135202603,-1.53538840194722,0.554091639191249,-2.77100084778083,0.00558842813126582,0.00931404688544303,"Bacillaceae","02_obesity_1_vs_01_normal_2","family","Highly Significant (p < 0.01)","Enriched in 01_normal_2"
9.10346205134539,3.61172811641087,0.381030674511559,9.47883820913034,2.57129842357505e-21,3.53553533241569e-20,"Actinomycetaceae","02_obesity_1_vs_01_normal_2","family","Highly Significant (p < 0.01)","Enriched in 02_obesity_1"
57.178480685873,5.95093990578761,0.424448661276265,14.0203997531618,1.16954016808671e-44,3.21623546223845e-43,"Eggerthellaceae","02_obesity_1_vs_01_normal_2","family","Highly Significant (p < 0.01)","Enriched in 02_obesity_1"
183.749816041605,-1.38320200168479,0.584964707097782,-2.36459052127665,0.0180500156682025,0.0283643103357468,"Barnesiellaceae","02_obesity_1_vs_01_normal_2","family","Significant (p < 0.05)","Enriched in 01_normal_2"
136.135798672881,0.593693535978163,0.683734294284119,0.868310308465322,0.385224480415544,0.48153060051943,"Burkholderiaceae","02_obesity_1_vs_01_normal_2","family","Not Significant","No Change"
27.7543670018287,0.811604319020832,0.578909494822106,1.40195371863823,0.160929067546532,0.21588045646486,"Pasteurellaceae","02_obesity_1_vs_01_normal_2","family","Not Significant","No Change"
26.3417049519797,1.86122133300784,0.527687163518289,3.52713020456738,0.000420090123721975,0.000888652184796485,"Desulfovibrionaceae","02_obesity_1_vs_01_normal_2","family","Highly Significant (p < 0.01)","Enriched in 02_obesity_1"
13.8349782300018,3.03087323018741,0.519979373753736,5.82883357143093,5.58161342510328e-09,2.19277670271915e-08,"Monoglobaceae","02_obesity_1_vs_01_normal_2","family","Highly Significant (p < 0.01)","Enriched in 02_obesity_1"
180.382725138606,7.10796358445662,0.47540477931837,14.9513927786926,1.52525467530698e-50,8.38890071418837e-49,"Coriobacteriaceae","02_obesity_1_vs_01_normal_2","family","Highly Significant (p < 0.01)","Enriched in 02_obesity_1"
9.44953980869997,3.18364530728793,0.477482205098963,6.66756849426061,2.60076096583335e-11,1.10032194708334e-10,"Atopobiaceae","02_obesity_1_vs_01_normal_2","family","Highly Significant (p < 0.01)","Enriched in 02_obesity_1"
21.6063866934954,0.860638392419131,0.59073467943072,1.45689498583105,0.145145370363787,0.199574884250208,"Muribaculaceae","02_obesity_1_vs_01_normal_2","family","Not Significant","No Change"
5.80276994895225,0.542522950848211,0.399381855772874,1.35840660512314,0.174334699552616,0.222986243613811,"Cytophagaceae","02_obesity_1_vs_01_normal_2","family","Not Significant","No Change"
4.03562050547057,-0.309318765864619,0.408912610205506,-0.756442227861757,0.449384097927095,0.549247230799783,"Coraliomargaritaceae","02_obesity_1_vs_01_normal_2","family","Not Significant","No Change"
635.461285514184,-5.90013285027431,0.720228443138245,-8.19202977400575,2.56857071701854e-16,1.56968210484466e-15,"Selenomonadaceae","02_obesity_1_vs_01_normal_2","family","Highly Significant (p < 0.01)","Enriched in 01_normal_2"
29.3712022679324,4.72955083862699,0.54219235795583,8.7230127264396,2.70895815486449e-18,2.12846712167924e-17,"Yersiniaceae","02_obesity_1_vs_01_normal_2","family","Highly Significant (p < 0.01)","Enriched in 02_obesity_1"
4.92943325233484,-1.85135344026709,0.436463640675851,-4.24171286616297,2.21820365754672e-05,5.80958100786046e-05,"Synergistaceae","02_obesity_1_vs_01_normal_2","family","Highly Significant (p < 0.01)","Enriched in 01_normal_2"
5.54950176958989,0.281875319955125,0.450721162875465,0.625387364012032,0.53171685337806,0.609258894495694,"Vibrionaceae","02_obesity_1_vs_01_normal_2","family","Not Significant","No Change"
3.51166702812008,0.570675328598033,0.414974925559377,1.37520436404387,0.169068095737241,0.221398696798768,"Staphylococcaceae","02_obesity_1_vs_01_normal_2","family","Not Significant","No Change"
8.80163871599965,0.0137839726210973,0.523403527084117,0.0263352688849612,0.978989924157197,0.978989924157197,"Symbiobacteriaceae","02_obesity_1_vs_01_normal_2","family","Not Significant","No Change"
4.42660483493131,0.283390491187937,0.438828675535465,0.645788452275003,0.518416367559094,0.60665745139894,"Anoxybacillaceae","02_obesity_1_vs_01_normal_2","family","Not Significant","No Change"
4.12643506438833,-2.10162299245812,0.396526558748492,-5.30008128356197,1.15751136190809e-07,3.97894530655907e-07,"Caldilineaceae","02_obesity_1_vs_01_normal_2","family","Highly Significant (p < 0.01)","Enriched in 01_normal_2"
5.44744038250853,-0.852902300540956,0.433455806404351,-1.96767995246399,0.0491048739122218,0.071072843820321,"Pseudomonadaceae","02_obesity_1_vs_01_normal_2","family","Not Significant","No Change"
