"taxon","effect_size","p_value","p_value_bh","comparison","level","significance","direction"
"Bacteroidaceae",-0.733768897785472,6.03288450659028e-05,0.00093433889761413,"03_diabetic_2_vs_04_t2d_obesity_3","family","Highly Significant (p < 0.01)","No Change"
"Tannerellaceae",-0.328702466845697,0.256560018060481,0.639310115304162,"03_diabetic_2_vs_04_t2d_obesity_3","family","Not Significant","No Change"
"Prevotellaceae",-0.20820987354963,0.367500289545694,0.839823164896029,"03_diabetic_2_vs_04_t2d_obesity_3","family","Not Significant","No Change"
"Sutterellaceae",-0.314855753010872,0.0315079196280656,0.12169282640974,"03_diabetic_2_vs_04_t2d_obesity_3","family","Not Significant","No Change"
"Enterobacteriaceae",-0.282259005569328,0.0246602205613348,0.0976428395716151,"03_diabetic_2_vs_04_t2d_obesity_3","family","Not Significant","No Change"
"Oscillospiraceae",-0.280498730302646,0.275055951715006,0.672267353831672,"03_diabetic_2_vs_04_t2d_obesity_3","family","Not Significant","No Change"
"Butyricicoccaceae",-0.0605582276681388,0.718814458610609,0.982986348069416,"03_diabetic_2_vs_04_t2d_obesity_3","family","Not Significant","No Change"
"Eubacteriaceae",0.178825600591565,0.0578553099704674,0.214735118890491,"03_diabetic_2_vs_04_t2d_obesity_3","family","Not Significant","No Change"
"Clostridiaceae",0.0949978172153388,0.24533474704002,0.664848488171738,"03_diabetic_2_vs_04_t2d_obesity_3","family","Not Significant","No Change"
"Lachnospiraceae",-0.495284235496122,0.00227607983325427,0.0145067778119916,"03_diabetic_2_vs_04_t2d_obesity_3","family","Significant (p < 0.05)","No Change"
"Peptostreptococcaceae",0.0840065963313811,0.711790551972119,0.983815737792202,"03_diabetic_2_vs_04_t2d_obesity_3","family","Not Significant","No Change"
"Acidaminococcaceae",0.38175481409377,0.0108749050708357,0.0595415649232789,"03_diabetic_2_vs_04_t2d_obesity_3","family","Not Significant","No Change"
"Veillonellaceae",-0.0434888991134633,0.710409866081634,0.985653757140639,"03_diabetic_2_vs_04_t2d_obesity_3","family","Not Significant","No Change"
"Lactobacillaceae",-0.864146034234686,8.77310595264261e-06,0.000236131123593636,"03_diabetic_2_vs_04_t2d_obesity_3","family","Highly Significant (p < 0.01)","No Change"
"Enterococcaceae",0.239129406705808,0.0937449345255628,0.296945189980717,"03_diabetic_2_vs_04_t2d_obesity_3","family","Not Significant","No Change"
"Rikenellaceae",0.443633785469494,9.11930787022644e-05,0.00101786927480164,"03_diabetic_2_vs_04_t2d_obesity_3","family","Highly Significant (p < 0.01)","No Change"
"Odoribacteraceae",0.0677147859004132,0.0854032033362663,0.297836149605802,"03_diabetic_2_vs_04_t2d_obesity_3","family","Not Significant","No Change"
"Flavobacteriaceae",-0.0136458398246684,0.70775029027011,0.943256569617905,"03_diabetic_2_vs_04_t2d_obesity_3","family","Not Significant","No Change"
"Turicibacteraceae",-0.191378585312392,0.336845253712043,0.666239981663921,"03_diabetic_2_vs_04_t2d_obesity_3","family","Not Significant","No Change"
"Fusobacteriaceae",-0.398371566679283,0.0114661305223497,0.042210045475706,"03_diabetic_2_vs_04_t2d_obesity_3","family","Significant (p < 0.05)","No Change"
"Aristaeellaceae",0.419093972398091,0.0131368608282302,0.0629088092179262,"03_diabetic_2_vs_04_t2d_obesity_3","family","Not Significant","No Change"
"Christensenellaceae",-0.0624837066295272,0.83571231809362,0.9875347979964,"03_diabetic_2_vs_04_t2d_obesity_3","family","Not Significant","No Change"
"Coprobacillaceae",-0.335497008884471,0.0957809053392198,0.290184133880526,"03_diabetic_2_vs_04_t2d_obesity_3","family","Not Significant","No Change"
"Dehalococcoidaceae",0.112185614016254,0.436638019881056,0.853606769816318,"03_diabetic_2_vs_04_t2d_obesity_3","family","Not Significant","No Change"
"Bifidobacteriaceae",0.426475490148016,0.0304984432736933,0.129149908562435,"03_diabetic_2_vs_04_t2d_obesity_3","family","Not Significant","No Change"
"Akkermansiaceae",1.06675129580926,3.25461356983718e-06,5.11522082758686e-05,"03_diabetic_2_vs_04_t2d_obesity_3","family","Highly Significant (p < 0.01)","Enriched in 03_diabetic_2"
"Cellulosilyticaceae",0.318540842183139,0.202534332264084,0.461720766042154,"03_diabetic_2_vs_04_t2d_obesity_3","family","Not Significant","No Change"
"Anaerotignaceae",-0.186838165655358,0.32502990631182,0.62433330408806,"03_diabetic_2_vs_04_t2d_obesity_3","family","Not Significant","No Change"
"Acutalibacteraceae",0.400478259080736,0.0828271789691883,0.26264520402738,"03_diabetic_2_vs_04_t2d_obesity_3","family","Not Significant","No Change"
"Peptococcaceae",0.399262021956003,0.0659415535060469,0.211645471415556,"03_diabetic_2_vs_04_t2d_obesity_3","family","Not Significant","No Change"
"Anaerovoracaceae",0.666755267884644,0.000326634628050465,0.00277251163421319,"03_diabetic_2_vs_04_t2d_obesity_3","family","Highly Significant (p < 0.01)","No Change"
"Erysipelotrichaceae",-0.646666731796422,0.000611486203238218,0.00442595018083276,"03_diabetic_2_vs_04_t2d_obesity_3","family","Highly Significant (p < 0.01)","No Change"
"Streptococcaceae",0.379373347568456,0.0350557472144077,0.142779805977199,"03_diabetic_2_vs_04_t2d_obesity_3","family","Not Significant","No Change"
"Bacillaceae",-0.260648595390392,0.106590777808654,0.312307409566748,"03_diabetic_2_vs_04_t2d_obesity_3","family","Not Significant","No Change"
"Actinomycetaceae",-0.224363639718495,0.303321652802392,0.557260171295421,"03_diabetic_2_vs_04_t2d_obesity_3","family","Not Significant","No Change"
"Eggerthellaceae",1.01306781035948,6.93128626723595e-05,0.000517348311478094,"03_diabetic_2_vs_04_t2d_obesity_3","family","Highly Significant (p < 0.01)","Enriched in 03_diabetic_2"
"Barnesiellaceae",0.606702234871314,0.000908910034893741,0.00629475432979509,"03_diabetic_2_vs_04_t2d_obesity_3","family","Highly Significant (p < 0.01)","No Change"
"Burkholderiaceae",-0.320254196787099,0.0616656809729697,0.192273388841016,"03_diabetic_2_vs_04_t2d_obesity_3","family","Not Significant","No Change"
"Pasteurellaceae",-0.284432203038958,0.0606350393193311,0.19250869809786,"03_diabetic_2_vs_04_t2d_obesity_3","family","Not Significant","No Change"
"Desulfovibrionaceae",0.25415555028149,0.277717968951105,0.650511969744103,"03_diabetic_2_vs_04_t2d_obesity_3","family","Not Significant","No Change"
"Monoglobaceae",-0.0988229899150286,0.6390551803454,0.896422852109392,"03_diabetic_2_vs_04_t2d_obesity_3","family","Not Significant","No Change"
"Coriobacteriaceae",0.95556265087525,6.09538859477926e-05,0.000605521137491725,"03_diabetic_2_vs_04_t2d_obesity_3","family","Highly Significant (p < 0.01)","No Change"
"Atopobiaceae",0.0344392777385094,0.66876829891038,0.90830808677543,"03_diabetic_2_vs_04_t2d_obesity_3","family","Not Significant","No Change"
"Muribaculaceae",0.309538492664612,0.180774899517119,0.463469578112404,"03_diabetic_2_vs_04_t2d_obesity_3","family","Not Significant","No Change"
"Cytophagaceae",0.244178502817567,0.27312786189467,0.564829260513463,"03_diabetic_2_vs_04_t2d_obesity_3","family","Not Significant","No Change"
"Coraliomargaritaceae",-0.215861898351126,0.308064590374668,0.5714866362321,"03_diabetic_2_vs_04_t2d_obesity_3","family","Not Significant","No Change"
"Selenomonadaceae",-0.533040294476891,0.003126348311877,0.0168497903910369,"03_diabetic_2_vs_04_t2d_obesity_3","family","Significant (p < 0.05)","No Change"
"Yersiniaceae",-0.241085725884841,0.362228834200932,0.643777965467251,"03_diabetic_2_vs_04_t2d_obesity_3","family","Not Significant","No Change"
"Synergistaceae",-0.480940744592657,0.0255480243789717,0.0791326403322338,"03_diabetic_2_vs_04_t2d_obesity_3","family","Not Significant","No Change"
"Vibrionaceae",-0.571249707098818,0.00319609220615131,0.0153543408647146,"03_diabetic_2_vs_04_t2d_obesity_3","family","Significant (p < 0.05)","No Change"
"Staphylococcaceae",-0.494512001654541,0.0283339845725112,0.0715486596410613,"03_diabetic_2_vs_04_t2d_obesity_3","family","Not Significant","No Change"
"Symbiobacteriaceae",0.0358844171453808,0.729421204617425,0.945834051634973,"03_diabetic_2_vs_04_t2d_obesity_3","family","Not Significant","No Change"
"Anoxybacillaceae",0.0832286855904982,0.65873351324291,0.905320480495628,"03_diabetic_2_vs_04_t2d_obesity_3","family","Not Significant","No Change"
"Caldilineaceae",-0.608004121131365,0.00365501296445911,0.017587854750879,"03_diabetic_2_vs_04_t2d_obesity_3","family","Significant (p < 0.05)","No Change"
"Pseudomonadaceae",-0.446175676294253,0.0167107083539114,0.0573114239191401,"03_diabetic_2_vs_04_t2d_obesity_3","family","Not Significant","No Change"
