"baseMean","log2FoldChange","lfcSE","stat","pvalue","padj","taxon","comparison","level","significance","direction"
18137.7297368113,0.306000658587316,0.342230108573431,0.894137163626147,0.371248507306708,0.638083371933405,"Bacteroidaceae","03_diabetic_2_vs_01_normal_2","family","Not Significant","No Change"
1642.7450538058,0.120843903372654,0.45806337465032,0.26381481266627,0.791922619962627,0.932730427486498,"Tannerellaceae","03_diabetic_2_vs_01_normal_2","family","Not Significant","No Change"
11088.7981672952,-0.00960955325566242,0.62941577423786,-0.0152674172605514,0.987818836712382,0.987818836712382,"Prevotellaceae","03_diabetic_2_vs_01_normal_2","family","Not Significant","No Change"
924.959549739517,0.0584995021464878,0.553127345681134,0.105761363279644,0.915771692441289,0.932730427486498,"Sutterellaceae","03_diabetic_2_vs_01_normal_2","family","Not Significant","No Change"
347.445800919174,1.00106639698957,0.633981471693112,1.57901522629064,0.114332564613949,0.29944243113177,"Enterobacteriaceae","03_diabetic_2_vs_01_normal_2","family","Not Significant","No Change"
11805.2462451259,0.0377910491851853,0.246357186830192,0.153399418427496,0.878083303486538,0.932730427486498,"Oscillospiraceae","03_diabetic_2_vs_01_normal_2","family","Not Significant","No Change"
170.154890133844,-0.584421074853876,0.391904435228586,-1.491233633304,0.135900166278324,0.324978658491644,"Butyricicoccaceae","03_diabetic_2_vs_01_normal_2","family","Not Significant","No Change"
288.854437264323,-1.03516213624302,0.406484183833062,-2.5466234048313,0.0108770745497943,0.0747798875298357,"Eubacteriaceae","03_diabetic_2_vs_01_normal_2","family","Not Significant","No Change"
359.591704305727,-0.239197411976685,0.439791202660554,-0.54388857832908,0.586518149157587,0.819454659673113,"Clostridiaceae","03_diabetic_2_vs_01_normal_2","family","Not Significant","No Change"
14148.6757536385,0.0684293450808318,0.252020147035597,0.27152331226585,0.785988572326209,0.932730427486498,"Lachnospiraceae","03_diabetic_2_vs_01_normal_2","family","Not Significant","No Change"
298.089773115301,-0.324151041327771,0.522139923164267,-0.620812596292875,0.534722934407703,0.816937816456212,"Peptostreptococcaceae","03_diabetic_2_vs_01_normal_2","family","Not Significant","No Change"
2766.75383689841,0.549519038749946,0.559090173186139,0.982880875223313,0.325666071451387,0.597054464327542,"Acidaminococcaceae","03_diabetic_2_vs_01_normal_2","family","Not Significant","No Change"
859.213509217712,-0.109386590371555,0.608446004568683,-0.179780275571202,0.857325069119856,0.932730427486498,"Veillonellaceae","03_diabetic_2_vs_01_normal_2","family","Not Significant","No Change"
138.594173373696,1.08722135803254,0.535335032869148,2.0309176334034,0.0422633507016243,0.151915247130056,"Lactobacillaceae","03_diabetic_2_vs_01_normal_2","family","Not Significant","No Change"
41.0635626493829,1.2554655785129,0.43095181652857,2.91323885956904,0.00357700876812642,0.046608944674288,"Enterococcaceae","03_diabetic_2_vs_01_normal_2","family","Significant (p < 0.05)","Enriched in 03_diabetic_2"
1807.44510017699,-0.794563394993315,0.428922221722353,-1.8524649802538,0.0639590818048052,0.206926441133193,"Rikenellaceae","03_diabetic_2_vs_01_normal_2","family","Not Significant","No Change"
209.175682963157,-0.163761966673806,0.456506956272089,-0.358728305064864,0.71979835147576,0.920672310027136,"Odoribacteraceae","03_diabetic_2_vs_01_normal_2","family","Not Significant","No Change"
47.804830653903,0.506045236988146,0.507401520494232,0.99732700149427,0.318605811492708,0.597054464327542,"Flavobacteriaceae","03_diabetic_2_vs_01_normal_2","family","Not Significant","No Change"
52.558396343987,0.887222682105914,0.575950213951921,1.54045030388682,0.123450627620113,0.308626569050283,"Turicibacteraceae","03_diabetic_2_vs_01_normal_2","family","Not Significant","No Change"
36.989117903391,1.42242329529056,0.626868051974022,2.26909521200086,0.0232625364838563,0.121103036018764,"Fusobacteriaceae","03_diabetic_2_vs_01_normal_2","family","Not Significant","No Change"
252.700564381964,-1.2170833502643,0.540059032839811,-2.2536116910488,0.0242206072037528,0.121103036018764,"Aristaeellaceae","03_diabetic_2_vs_01_normal_2","family","Not Significant","No Change"
63.6697338278768,-0.0627399063308455,0.504101894658122,-0.124458779059728,0.900952036103031,0.932730427486498,"Christensenellaceae","03_diabetic_2_vs_01_normal_2","family","Not Significant","No Change"
499.477089008697,1.33667515499059,0.467378313830204,2.85994261059404,0.00423717678857164,0.046608944674288,"Coprobacillaceae","03_diabetic_2_vs_01_normal_2","family","Significant (p < 0.05)","Enriched in 03_diabetic_2"
248.404196285466,-0.465648058602972,0.684229970988086,-0.680543206738718,0.496160573638807,0.779680901432411,"Dehalococcoidaceae","03_diabetic_2_vs_01_normal_2","family","Not Significant","No Change"
395.811954677714,-0.44926262189691,0.527939433651184,-0.850973792182653,0.394783911315375,0.657973185525625,"Bifidobacteriaceae","03_diabetic_2_vs_01_normal_2","family","Not Significant","No Change"
3354.43931737243,-0.329896144319558,0.648333128489866,-0.508837401364898,0.61086620084723,0.819454659673113,"Akkermansiaceae","03_diabetic_2_vs_01_normal_2","family","Not Significant","No Change"
4.33537746703736,-0.0763346199868771,0.418855638405556,-0.18224565455883,0.855389945716424,0.932730427486498,"Cellulosilyticaceae","03_diabetic_2_vs_01_normal_2","family","Not Significant","No Change"
7.22563308463988,1.03272794100656,0.486412394211116,2.12315301439117,0.0337410317646848,0.142750519004436,"Anaerotignaceae","03_diabetic_2_vs_01_normal_2","family","Not Significant","No Change"
28.0370450413089,-0.627295033751283,0.486498057166102,-1.28940912406791,0.197255891074015,0.417272077271956,"Acutalibacteraceae","03_diabetic_2_vs_01_normal_2","family","Not Significant","No Change"
11.5968302157336,-0.25134530618709,0.449406688693181,-0.559282521846683,0.575968921789083,0.819454659673113,"Peptococcaceae","03_diabetic_2_vs_01_normal_2","family","Not Significant","No Change"
42.1577792694227,-0.22509066755783,0.419645180894989,-0.536383301430444,0.591693669730554,0.819454659673113,"Anaerovoracaceae","03_diabetic_2_vs_01_normal_2","family","Not Significant","No Change"
127.066193109861,0.669970210803341,0.496362719226392,1.34975932891883,0.177093194674252,0.39481177761941,"Erysipelotrichaceae","03_diabetic_2_vs_01_normal_2","family","Not Significant","No Change"
300.619699841234,1.31825174802754,0.508909222677869,2.59034753013697,0.00958790837149647,0.0747798875298357,"Streptococcaceae","03_diabetic_2_vs_01_normal_2","family","Not Significant","No Change"
91.3722135202603,1.2173880502924,0.550449571618639,2.21162502990525,0.0269925844875915,0.123716012234794,"Bacillaceae","03_diabetic_2_vs_01_normal_2","family","Not Significant","No Change"
9.10346205134539,-0.102287656183832,0.440270150882787,-0.232329300495922,0.816282256456385,0.932730427486498,"Actinomycetaceae","03_diabetic_2_vs_01_normal_2","family","Not Significant","No Change"
57.178480685873,0.762508768908152,0.454864325658406,1.67634330919321,0.0936709663185556,0.264485542973878,"Eggerthellaceae","03_diabetic_2_vs_01_normal_2","family","Not Significant","No Change"
183.749816041605,-1.49360547015598,0.582688904744014,-2.56329828489208,0.0103682929198492,0.0747798875298357,"Barnesiellaceae","03_diabetic_2_vs_01_normal_2","family","Not Significant","No Change"
136.135798672881,-0.703309658703852,0.680285613799756,-1.03384467411488,0.30120878294121,0.591660109348806,"Burkholderiaceae","03_diabetic_2_vs_01_normal_2","family","Not Significant","No Change"
27.7543670018287,2.28359704056764,0.576079492370506,3.9640311290563,7.36946364475429e-05,0.00135106833487162,"Pasteurellaceae","03_diabetic_2_vs_01_normal_2","family","Highly Significant (p < 0.01)","Enriched in 03_diabetic_2"
26.3417049519797,1.06605368750518,0.529781770079533,2.01225060527308,0.0441935264378344,0.151915247130056,"Desulfovibrionaceae","03_diabetic_2_vs_01_normal_2","family","Not Significant","No Change"
13.8349782300018,0.953038557330834,0.533299510331006,1.78706062703734,0.0739276902501436,0.225890164653217,"Monoglobaceae","03_diabetic_2_vs_01_normal_2","family","Not Significant","No Change"
180.382725138606,-0.0866987891530151,0.523871649838118,-0.165496241645842,0.868553407778051,0.932730427486498,"Coriobacteriaceae","03_diabetic_2_vs_01_normal_2","family","Not Significant","No Change"
9.44953980869997,0.161569690243555,0.517333378172637,0.312312518504535,0.754803027148597,0.932730427486498,"Atopobiaceae","03_diabetic_2_vs_01_normal_2","family","Not Significant","No Change"
21.6063866934954,0.982341853923963,0.590463516988783,1.66367917010972,0.09617656108141,0.264485542973878,"Muribaculaceae","03_diabetic_2_vs_01_normal_2","family","Not Significant","No Change"
5.80276994895225,-0.0491643506733316,0.432123906907881,-0.113773734540941,0.909417160167874,0.932730427486498,"Cytophagaceae","03_diabetic_2_vs_01_normal_2","family","Not Significant","No Change"
4.03562050547057,-1.09214302031203,0.450256431943323,-2.42560226313326,0.0152830093200853,0.0933961680671877,"Coraliomargaritaceae","03_diabetic_2_vs_01_normal_2","family","Not Significant","No Change"
635.461285514184,-0.31715282903223,0.715058478315792,-0.443534114551349,0.657379449440146,0.860854040933525,"Selenomonadaceae","03_diabetic_2_vs_01_normal_2","family","Not Significant","No Change"
29.3712022679324,-0.784037705932776,0.584048053341042,-1.34241985988601,0.179459898917913,0.39481177761941,"Yersiniaceae","03_diabetic_2_vs_01_normal_2","family","Not Significant","No Change"
4.92943325233484,0.483779662029376,0.435918039024877,1.10979500438101,0.267087372494323,0.544066869895842,"Synergistaceae","03_diabetic_2_vs_01_normal_2","family","Not Significant","No Change"
5.54950176958989,0.934029934487573,0.45754626227006,2.04138906053674,0.0412121709393258,0.151915247130056,"Vibrionaceae","03_diabetic_2_vs_01_normal_2","family","Not Significant","No Change"
3.51166702812008,0.233350210564064,0.441176214571063,0.528927450884768,0.596855778363183,0.819454659673113,"Staphylococcaceae","03_diabetic_2_vs_01_normal_2","family","Not Significant","No Change"
8.80163871599965,0.498153039968567,0.530261816393321,0.939447315586198,0.347501129690832,0.616534262354701,"Symbiobacteriaceae","03_diabetic_2_vs_01_normal_2","family","Not Significant","No Change"
4.42660483493131,0.368298509604756,0.463235566208745,0.795056633105739,0.426580559528423,0.690056787472449,"Anoxybacillaceae","03_diabetic_2_vs_01_normal_2","family","Not Significant","No Change"
4.12643506438833,1.53303141171801,0.383914356483766,3.99315989576137,6.51985705504017e-05,0.00135106833487162,"Caldilineaceae","03_diabetic_2_vs_01_normal_2","family","Highly Significant (p < 0.01)","Enriched in 03_diabetic_2"
5.44744038250853,1.77801765534587,0.430105944301143,4.13390625938658,3.56648990291031e-05,0.00135106833487162,"Pseudomonadaceae","03_diabetic_2_vs_01_normal_2","family","Highly Significant (p < 0.01)","Enriched in 03_diabetic_2"
