"baseMean","log2FoldChange","lfcSE","stat","pvalue","padj","taxon","comparison","level","significance","direction"
2995.65313258165,-2.97000586467651,0.319163715427623,-9.30558744967997,1.33253650291199e-20,3.17143687693053e-19,"Blautia","04_t2d_obesity_3_vs_02_obesity_1","genus","Highly Significant (p < 0.01)","Enriched in 02_obesity_1"
456.801587510784,-3.39624487905261,0.51500587457402,-6.59457502666696,4.26475702718793e-11,3.17191303897102e-10,"Anaerobutyricum","04_t2d_obesity_3_vs_02_obesity_1","genus","Highly Significant (p < 0.01)","Enriched in 02_obesity_1"
16.2508350381226,0.0331258050020999,0.436455738977343,0.075897283604786,0.93950081799722,0.963798252945424,"Sellimonas","04_t2d_obesity_3_vs_02_obesity_1","genus","Not Significant","No Change"
2666.71208427051,-2.52102882780189,0.378444786995149,-6.66154988636217,2.70954793779972e-11,2.14957469732111e-10,"Mediterraneibacter","04_t2d_obesity_3_vs_02_obesity_1","genus","Highly Significant (p < 0.01)","Enriched in 02_obesity_1"
33.6253208859393,0.0198268437964804,0.516490403621442,0.0383876324854477,0.969378621561977,0.977593694626062,"Lachnoanaerobaculum","04_t2d_obesity_3_vs_02_obesity_1","genus","Not Significant","No Change"
1231.32265343221,-2.1397636572007,0.463658793898178,-4.61495324872584,3.93183813510876e-06,1.23128615283669e-05,"Enterocloster","04_t2d_obesity_3_vs_02_obesity_1","genus","Highly Significant (p < 0.01)","Enriched in 02_obesity_1"
127.538455077089,0.518222351192725,0.540190595574023,0.95933241977685,0.337391308165195,0.418224642413106,"Chakrabartyella","04_t2d_obesity_3_vs_02_obesity_1","genus","Not Significant","No Change"
712.134467986084,-0.83883451633874,0.398849186358054,-2.10313708797616,0.0354537877620368,0.0534050727048403,"Claveliimonas","04_t2d_obesity_3_vs_02_obesity_1","genus","Not Significant","No Change"
463.065329948145,-1.7795639175027,0.348675315390061,-5.10378520920505,3.3292613194223e-07,1.1652414617978e-06,"Lachnoclostridium","04_t2d_obesity_3_vs_02_obesity_1","genus","Highly Significant (p < 0.01)","Enriched in 02_obesity_1"
207.01193372807,-0.290653143163206,0.430601424501602,-0.674993454793192,0.49967992334758,0.588727482102906,"Lacrimispora","04_t2d_obesity_3_vs_02_obesity_1","genus","Not Significant","No Change"
1268.86537124859,-1.04094396082547,0.455919756039316,-2.28317362219265,0.0224201432390227,0.0360540141276176,"Lachnospira","04_t2d_obesity_3_vs_02_obesity_1","genus","Significant (p < 0.05)","Enriched in 02_obesity_1"
6.90369864112363,-2.61729652166041,0.524953966777079,-4.98576387131454,6.17174834625465e-07,1.98496771136298e-06,"Eisenbergiella","04_t2d_obesity_3_vs_02_obesity_1","genus","Highly Significant (p < 0.01)","Enriched in 02_obesity_1"
859.566962205459,-3.20456715944837,0.41755473414271,-7.67460382416147,1.65930680209585e-14,1.97457509449406e-13,"Anaerostipes","04_t2d_obesity_3_vs_02_obesity_1","genus","Highly Significant (p < 0.01)","Enriched in 02_obesity_1"
4.46797384039654,0.279742277153023,0.445657199966511,0.627707298735539,0.530195703145282,0.612556200721248,"Wansuia","04_t2d_obesity_3_vs_02_obesity_1","genus","Not Significant","No Change"
64.683990461888,-0.409288374255488,0.587519466502142,-0.696637979831084,0.486029381090276,0.587308167055162,"Tyzzerella","04_t2d_obesity_3_vs_02_obesity_1","genus","Not Significant","No Change"
21.2564867077468,-1.7343653667792,0.572825535411487,-3.02773752139615,0.00246391996989784,0.00472913671641683,"Hungatella","04_t2d_obesity_3_vs_02_obesity_1","genus","Highly Significant (p < 0.01)","Enriched in 02_obesity_1"
978.454389824398,-0.655796991682947,0.433625891058454,-1.51235663092485,0.130443161534884,0.180496932821526,"Roseburia","04_t2d_obesity_3_vs_02_obesity_1","genus","Not Significant","No Change"
1638.18099774842,-1.0658280244199,0.482833057822896,-2.20744625321584,0.027282898001327,0.0427192745020778,"Dorea","04_t2d_obesity_3_vs_02_obesity_1","genus","Significant (p < 0.05)","Enriched in 02_obesity_1"
8.94028390694764,2.00247810340464,0.503256818421475,3.97903819700973,6.91946245246267e-05,0.00017154500663397,"Stomatobaculum","04_t2d_obesity_3_vs_02_obesity_1","genus","Highly Significant (p < 0.01)","Enriched in 04_t2d_obesity_3"
8.25655964226247,-0.00601107579213889,0.477923622015745,-0.0125774820813122,0.98996488581514,0.98996488581514,"Anaerotignum","04_t2d_obesity_3_vs_02_obesity_1","genus","Not Significant","No Change"
7019.04347801336,-0.265837887567392,0.327953127311713,-0.810597202553029,0.417597023889524,0.512309750957251,"Faecalibacterium","04_t2d_obesity_3_vs_02_obesity_1","genus","Not Significant","No Change"
1073.7663809108,1.49745725439146,0.471846766414273,3.17360923286846,0.00150556237952644,0.00303664276548553,"Solibaculum","04_t2d_obesity_3_vs_02_obesity_1","genus","Highly Significant (p < 0.01)","Enriched in 04_t2d_obesity_3"
191.590872977318,-1.84880296649899,0.486947491278853,-3.79671935806372,0.000146623620832406,0.00033554251690493,"Flavonifractor","04_t2d_obesity_3_vs_02_obesity_1","genus","Highly Significant (p < 0.01)","Enriched in 02_obesity_1"
1865.99551112906,0.781594280183002,0.485143073684322,1.6110593401805,0.107166789383337,0.150033505136671,"Ruminococcus","04_t2d_obesity_3_vs_02_obesity_1","genus","Not Significant","No Change"
286.000685172093,1.15319073267185,0.513361696824363,2.2463513343622,0.024681512874415,0.0391613337607385,"Paludihabitans","04_t2d_obesity_3_vs_02_obesity_1","genus","Significant (p < 0.05)","Enriched in 04_t2d_obesity_3"
158.829144163027,2.78127970480097,0.497127996985762,5.59469537355513,2.21009469015807e-08,9.69602991166658e-08,"Lawsonibacter","04_t2d_obesity_3_vs_02_obesity_1","genus","Highly Significant (p < 0.01)","Enriched in 04_t2d_obesity_3"
75.3204756186897,1.6265512590149,0.537206320861492,3.02779620389887,0.0024634415831779,0.00472913671641683,"Ruthenibacterium","04_t2d_obesity_3_vs_02_obesity_1","genus","Highly Significant (p < 0.01)","Enriched in 04_t2d_obesity_3"
980.894112632189,3.50941530710139,0.518699477497888,6.76579688113467,1.32577434938717e-11,1.1269081969791e-10,"Vescimonas","04_t2d_obesity_3_vs_02_obesity_1","genus","Highly Significant (p < 0.01)","Enriched in 04_t2d_obesity_3"
29.6158715616719,1.55829478993441,0.545902752354737,2.85452817963043,0.00431008078185659,0.00789076327755283,"Pusillibacter","04_t2d_obesity_3_vs_02_obesity_1","genus","Highly Significant (p < 0.01)","Enriched in 04_t2d_obesity_3"
34.325003987141,2.02630936758607,0.462208723967849,4.38397040668367,1.16535610982446e-05,3.3018423111693e-05,"Anaerotruncus","04_t2d_obesity_3_vs_02_obesity_1","genus","Highly Significant (p < 0.01)","Enriched in 04_t2d_obesity_3"
199.323277551207,2.76819400380611,0.481889866001573,5.74445365862305,9.2218245890303e-09,4.38958850437842e-08,"Oscillibacter","04_t2d_obesity_3_vs_02_obesity_1","genus","Highly Significant (p < 0.01)","Enriched in 04_t2d_obesity_3"
1404.24909683438,0.539967077430385,0.458008120330304,1.17894651527352,0.238419473889684,0.30507438056852,"Subdoligranulum","04_t2d_obesity_3_vs_02_obesity_1","genus","Not Significant","No Change"
379.188414448757,-0.319573441566373,0.461454038642487,-0.692535799462282,0.488600912087908,0.587308167055162,"Eubacterium","04_t2d_obesity_3_vs_02_obesity_1","genus","Not Significant","No Change"
439.124010506402,-1.35328141516403,0.508844208062629,-2.65952013154774,0.00782520533547704,0.0141090823472995,"Clostridium","04_t2d_obesity_3_vs_02_obesity_1","genus","Significant (p < 0.05)","Enriched in 02_obesity_1"
4.79838132734845,-0.855881497815276,0.439344302045445,-1.94808830757693,0.0514043976245751,0.07459906484542,"Desulforamulus","04_t2d_obesity_3_vs_02_obesity_1","genus","Not Significant","No Change"
36.5442593221815,-0.215429155502607,0.539947068855054,-0.398981989029813,0.689906475418332,0.75320064747506,"Acutalibacter","04_t2d_obesity_3_vs_02_obesity_1","genus","Not Significant","No Change"
7.35593235095805,-0.0213409470997031,0.420128833015987,-0.0507961973152435,0.959487921070048,0.975889423994322,"Mogibacterium","04_t2d_obesity_3_vs_02_obesity_1","genus","Not Significant","No Change"
26.0218861375201,1.61680105329228,0.494844588300078,3.2672905625712,0.00108582174330326,0.00222780668022565,"Emergencia","04_t2d_obesity_3_vs_02_obesity_1","genus","Highly Significant (p < 0.01)","Enriched in 04_t2d_obesity_3"
205.870514638212,-6.45061558724294,0.605412370074736,-10.6549120997423,1.65400842888039e-26,9.84135015183829e-25,"Intestinibacter","04_t2d_obesity_3_vs_02_obesity_1","genus","Highly Significant (p < 0.01)","Enriched in 02_obesity_1"
80.5924807908265,1.14794545519563,0.568755052845786,2.0183477042566,0.0435550617249555,0.0639883005588853,"Christensenella","04_t2d_obesity_3_vs_02_obesity_1","genus","Not Significant","No Change"
2835.67253906217,3.14625629381477,0.628740647884722,5.00406058428027,5.61351019073663e-07,1.85557697971572e-06,"Phascolarctobacterium","04_t2d_obesity_3_vs_02_obesity_1","genus","Highly Significant (p < 0.01)","Enriched in 04_t2d_obesity_3"
318.475783334234,-1.74172186667784,0.761766527339075,-2.28642478261922,0.0222294198650715,0.0360540141276176,"Acidaminococcus","04_t2d_obesity_3_vs_02_obesity_1","genus","Significant (p < 0.05)","Enriched in 02_obesity_1"
140.638037195727,0.404713698304166,0.761679714587172,0.531343674451827,0.595180645594724,0.668174498356341,"Megasphaera","04_t2d_obesity_3_vs_02_obesity_1","genus","Not Significant","No Change"
21.4269611035779,-5.23075028758789,0.552267048321022,-9.47141478654246,2.76078696941586e-21,8.21334123401217e-20,"Longicatena","04_t2d_obesity_3_vs_02_obesity_1","genus","Highly Significant (p < 0.01)","Enriched in 02_obesity_1"
7.22462089443225,-3.1604844341536,0.485947245992216,-6.50376035715659,7.83366567564435e-11,5.07298087499052e-10,"Holdemania","04_t2d_obesity_3_vs_02_obesity_1","genus","Highly Significant (p < 0.01)","Enriched in 02_obesity_1"
44.4626475765226,-5.25956044388307,0.597377721622642,-8.80441344480784,1.31538660445705e-18,1.95663757412986e-17,"Thomasclavelia","04_t2d_obesity_3_vs_02_obesity_1","genus","Highly Significant (p < 0.01)","Enriched in 02_obesity_1"
407.226242268871,-1.86349934120274,0.564175421063938,-3.30304949777588,0.000956395046190991,0.00203233947315586,"Streptococcus","04_t2d_obesity_3_vs_02_obesity_1","genus","Highly Significant (p < 0.01)","Enriched in 02_obesity_1"
4.95659977043807,-2.77881287396068,0.501107494517423,-5.54534287426041,2.93378690436667e-08,1.20386428144701e-07,"Staphylococcus","04_t2d_obesity_3_vs_02_obesity_1","genus","Highly Significant (p < 0.01)","Enriched in 02_obesity_1"
1241.54042161487,-2.85175916106247,0.619718012665371,-4.60170448942934,4.19047464330129e-06,1.27863200654578e-05,"Bifidobacterium","04_t2d_obesity_3_vs_02_obesity_1","genus","Highly Significant (p < 0.01)","Enriched in 02_obesity_1"
10.0283626748649,-3.40024025804697,0.408004494175484,-8.3338304028203,7.82680194867938e-17,1.03487714654761e-15,"Schaalia","04_t2d_obesity_3_vs_02_obesity_1","genus","Highly Significant (p < 0.01)","Enriched in 02_obesity_1"
28.4559974331337,-2.85683230043765,0.523936691732858,-5.45262881091419,4.96305968390702e-08,1.96868034128312e-07,"Eggerthella","04_t2d_obesity_3_vs_02_obesity_1","genus","Highly Significant (p < 0.01)","Enriched in 02_obesity_1"
19.1050723284319,-0.601117177815766,0.469763215128393,-1.27961738692433,0.200679731914062,0.262427341733774,"Gordonibacter","04_t2d_obesity_3_vs_02_obesity_1","genus","Not Significant","No Change"
11.1441221602519,0.0386626303826498,0.418856354578424,0.0923052257893125,0.926455536518794,0.958680076919447,"Adlercreutzia","04_t2d_obesity_3_vs_02_obesity_1","genus","Not Significant","No Change"
10361.3025921036,-1.32937228777581,0.421608177738035,-3.15309891498787,0.00161547056743302,0.00320401662540883,"Phocaeicola","04_t2d_obesity_3_vs_02_obesity_1","genus","Highly Significant (p < 0.01)","Enriched in 02_obesity_1"
9408.1758146354,-0.568154037152233,0.397654311445205,-1.42876367940631,0.153072168093586,0.204669528125132,"Bacteroides","04_t2d_obesity_3_vs_02_obesity_1","genus","Not Significant","No Change"
9902.32301107703,2.01811208487323,0.866016097567128,2.33034015250137,0.0197881801708121,0.0336399062903806,"Segatella","04_t2d_obesity_3_vs_02_obesity_1","genus","Significant (p < 0.05)","Enriched in 04_t2d_obesity_3"
1504.56465614199,2.17834479291196,0.748598685606811,2.90989663059079,0.0036154831257091,0.00672253893686536,"Prevotella","04_t2d_obesity_3_vs_02_obesity_1","genus","Highly Significant (p < 0.01)","Enriched in 04_t2d_obesity_3"
1921.84713238006,0.186543041582056,0.499468178872089,0.373483335821937,0.708788745646059,0.759872619206135,"Parabacteroides","04_t2d_obesity_3_vs_02_obesity_1","genus","Not Significant","No Change"
2036.01891081419,3.01091712805949,0.465300567711982,6.4709079184344,9.74157891628089e-11,5.79623945518713e-10,"Alistipes","04_t2d_obesity_3_vs_02_obesity_1","genus","Highly Significant (p < 0.01)","Enriched in 04_t2d_obesity_3"
4397.38408898853,3.15520038960854,0.697842738654634,4.52136307342171,6.14426985604785e-06,1.78333686065779e-05,"Akkermansia","04_t2d_obesity_3_vs_02_obesity_1","genus","Highly Significant (p < 0.01)","Enriched in 04_t2d_obesity_3"
5.14735565686649,-0.659550402071467,0.453924307723485,-1.45299643762026,0.146224743100209,0.200008556654308,"Coraliomargarita","04_t2d_obesity_3_vs_02_obesity_1","genus","Not Significant","No Change"
553.056388145305,0.277958683941129,0.720460933215087,0.385806740000081,0.699639803251428,0.75688305988109,"Turicimonas","04_t2d_obesity_3_vs_02_obesity_1","genus","Not Significant","No Change"
35.1548654316897,-3.64625407543169,0.561071194974455,-6.49873689487428,8.09971736343024e-11,5.07298087499052e-10,"Yersinia","04_t2d_obesity_3_vs_02_obesity_1","genus","Highly Significant (p < 0.01)","Enriched in 02_obesity_1"
48.0348858907864,-2.4631910889825,0.677803030313011,-3.6340809627909,0.000278973256496296,0.000614774398575171,"Klebsiella","04_t2d_obesity_3_vs_02_obesity_1","genus","Highly Significant (p < 0.01)","Enriched in 02_obesity_1"
775.54812252367,0.304413700128075,0.521564871422756,0.583654530447339,0.559452764565913,0.640143067147535,"Coprococcus","04_t2d_obesity_3_vs_02_obesity_1","genus","Not Significant","No Change"
18.8091841335923,1.10408290682465,0.590867519508217,1.86857945372185,0.0616813465006409,0.0873819075425745,"Ligilactobacillus","04_t2d_obesity_3_vs_02_obesity_1","genus","Not Significant","No Change"
640.737885130368,-5.762791621028,0.586970937517751,-9.81784829994879,9.43355407247458e-23,3.74197644874825e-21,"Faecalibacillus","04_t2d_obesity_3_vs_02_obesity_1","genus","Highly Significant (p < 0.01)","Enriched in 02_obesity_1"
31.1395656360107,-1.9318616709919,0.648315319043247,-2.9798180210254,0.00288419670576386,0.0054479271108873,"Haemophilus","04_t2d_obesity_3_vs_02_obesity_1","genus","Highly Significant (p < 0.01)","Enriched in 02_obesity_1"
69.4877805015736,2.2066827761684,0.556866352713233,3.96267931329793,7.411330380802e-05,0.000179989452105191,"Butyricimonas","04_t2d_obesity_3_vs_02_obesity_1","genus","Highly Significant (p < 0.01)","Enriched in 04_t2d_obesity_3"
165.467244442395,3.00396150728308,0.655685987067403,4.58140263255966,4.61867634980024e-06,1.37405621406557e-05,"Barnesiella","04_t2d_obesity_3_vs_02_obesity_1","genus","Highly Significant (p < 0.01)","Enriched in 04_t2d_obesity_3"
25.7789274836779,2.02007865650259,0.598334800743863,3.37616774754065,0.000735030896812463,0.00159033957673969,"Coprobacter","04_t2d_obesity_3_vs_02_obesity_1","genus","Highly Significant (p < 0.01)","Enriched in 04_t2d_obesity_3"
58.0715378571428,-0.238295191183684,0.563148918400276,-0.423147738364842,0.672187474193602,0.740651013231839,"Aureibaculum","04_t2d_obesity_3_vs_02_obesity_1","genus","Not Significant","No Change"
6.51198512437938,1.59075373097982,0.371183355348255,4.28562786574127,1.82223801271425e-05,4.81880718917769e-05,"Spirosoma","04_t2d_obesity_3_vs_02_obesity_1","genus","Highly Significant (p < 0.01)","Enriched in 04_t2d_obesity_3"
6.93798775374692,3.12018981211887,0.452350381285059,6.89772782606015,5.28408596488963e-12,5.24005191518222e-11,"Petroclostridium","04_t2d_obesity_3_vs_02_obesity_1","genus","Highly Significant (p < 0.01)","Enriched in 04_t2d_obesity_3"
293.123135411026,3.19157439893414,0.597742723376008,5.33937808712812,9.32659610268133e-08,3.46832792568462e-07,"Aristaeella","04_t2d_obesity_3_vs_02_obesity_1","genus","Highly Significant (p < 0.01)","Enriched in 04_t2d_obesity_3"
40.355275865416,2.22361307567208,0.510844670049038,4.35281643529455,1.34399679385041e-05,3.71943298763253e-05,"Intestinimonas","04_t2d_obesity_3_vs_02_obesity_1","genus","Highly Significant (p < 0.01)","Enriched in 04_t2d_obesity_3"
9.21333340756902,1.42281491297775,0.541016487347686,2.62989196494371,0.00854120063613842,0.0151249664577718,"Caldinitratiruptor","04_t2d_obesity_3_vs_02_obesity_1","genus","Significant (p < 0.05)","Enriched in 04_t2d_obesity_3"
18.7543557625213,1.42252014722761,0.541733346797848,2.62586779203466,0.00864283797586958,0.0151249664577718,"Agathobacter","04_t2d_obesity_3_vs_02_obesity_1","genus","Significant (p < 0.05)","Enriched in 04_t2d_obesity_3"
23.5618214883744,3.02720965681034,0.539619971212148,5.60989180961987,2.02453141416939e-08,9.26612454946759e-08,"Candidatus Epulonipiscium","04_t2d_obesity_3_vs_02_obesity_1","genus","Highly Significant (p < 0.01)","Enriched in 04_t2d_obesity_3"
854.917429152902,2.95013753403831,0.578881464853196,5.09627223042365,3.4640689328132e-07,1.17778343715649e-06,"Simiaoa","04_t2d_obesity_3_vs_02_obesity_1","genus","Highly Significant (p < 0.01)","Enriched in 04_t2d_obesity_3"
30.254849760062,3.03542105025038,0.583771600400031,5.19967235160181,1.99640132704475e-07,7.19914417934318e-07,"Anaeropeptidivorans","04_t2d_obesity_3_vs_02_obesity_1","genus","Highly Significant (p < 0.01)","Enriched in 04_t2d_obesity_3"
5.30847482466437,1.93265230401012,0.360907762968949,5.35497570933767,8.55679115926355e-08,3.28470370307214e-07,"Cellulosilyticum","04_t2d_obesity_3_vs_02_obesity_1","genus","Highly Significant (p < 0.01)","Enriched in 04_t2d_obesity_3"
17.4467346464749,-0.598498611575367,0.530613876587216,-1.12793622252168,0.259346854845998,0.328322082198656,"Monoglobus","04_t2d_obesity_3_vs_02_obesity_1","genus","Not Significant","No Change"
60.9199961848019,0.223176924556682,0.498187486099316,0.44797778102397,0.654169232159967,0.72753400586015,"Enterococcus","04_t2d_obesity_3_vs_02_obesity_1","genus","Not Significant","No Change"
312.99793292374,0.995028861230586,0.754413728443003,1.31894320545329,0.187188100444207,0.247504266142896,"Dehalococcoides","04_t2d_obesity_3_vs_02_obesity_1","genus","Not Significant","No Change"
328.671668453409,0.182737727438362,0.739294027939052,0.247178687413159,0.804769938619487,0.847501085802822,"Sutterella","04_t2d_obesity_3_vs_02_obesity_1","genus","Not Significant","No Change"
688.777246122893,0.532764311407982,0.779346437031215,0.683603961079818,0.494225282733272,0.588128086452593,"Dialister","04_t2d_obesity_3_vs_02_obesity_1","genus","Not Significant","No Change"
50.6391383843365,0.212129959197033,0.626728328955593,0.338471949322182,0.735007562187481,0.780945534824198,"Veillonella","04_t2d_obesity_3_vs_02_obesity_1","genus","Not Significant","No Change"
118.371265376822,-6.11574019993297,0.680904020032635,-8.98179481983355,2.66385237025595e-19,4.52854902943512e-18,"Allobaculum","04_t2d_obesity_3_vs_02_obesity_1","genus","Highly Significant (p < 0.01)","Enriched in 02_obesity_1"
7.57667198054909,-1.10507506546996,0.504462302301803,-2.19059989304975,0.0284807589038458,0.0434514142250981,"Flintibacter","04_t2d_obesity_3_vs_02_obesity_1","genus","Significant (p < 0.05)","Enriched in 02_obesity_1"
163.706316201844,4.11277391480954,0.677851435130608,6.06736771755465,1.30023631299636e-09,7.36800577364604e-09,"Anaeromicropila","04_t2d_obesity_3_vs_02_obesity_1","genus","Highly Significant (p < 0.01)","Enriched in 04_t2d_obesity_3"
51.7562345577553,-4.34560040359527,0.570025676162273,-7.62351694901227,2.46855870090299e-14,2.67053168552233e-13,"Terrisporobacter","04_t2d_obesity_3_vs_02_obesity_1","genus","Highly Significant (p < 0.01)","Enriched in 02_obesity_1"
25.7912129561299,-2.92965733817627,0.524165681619559,-5.5891818959308,2.28141880274508e-08,9.69602991166658e-08,"Romboutsia","04_t2d_obesity_3_vs_02_obesity_1","genus","Highly Significant (p < 0.01)","Enriched in 02_obesity_1"
72.8843223452886,-3.37507276334174,0.51532312322281,-6.54943007842181,5.77570752721357e-11,4.0429952690495e-10,"Clostridioides","04_t2d_obesity_3_vs_02_obesity_1","genus","Highly Significant (p < 0.01)","Enriched in 02_obesity_1"
7.92065113637623,0.464258422472535,0.390200308367006,1.18979511937206,0.234126928349372,0.302838092104079,"Aminipila","04_t2d_obesity_3_vs_02_obesity_1","genus","Not Significant","No Change"
62.3736059855466,-3.63400287117698,0.617386705499387,-5.88610483317346,3.95403562519949e-09,2.05624232868232e-08,"Turicibacter","04_t2d_obesity_3_vs_02_obesity_1","genus","Highly Significant (p < 0.01)","Enriched in 02_obesity_1"
244.637120590636,0.255411716526884,0.462325424465635,0.5524500773932,0.58064002903302,0.658058699570757,"Collinsella","04_t2d_obesity_3_vs_02_obesity_1","genus","Not Significant","No Change"
174.693144353814,1.091819663499,0.527148089299995,2.07118205616345,0.0383417858272545,0.057033406418041,"Odoribacter","04_t2d_obesity_3_vs_02_obesity_1","genus","Not Significant","No Change"
246.716427231501,0.543807239142567,0.815018961025018,0.667232622979276,0.504623556088205,0.588727482102906,"Salmonella","04_t2d_obesity_3_vs_02_obesity_1","genus","Not Significant","No Change"
40.2403966067785,-2.12536913386387,0.650183746039882,-3.26887460169375,0.00107976143273132,0.00222780668022565,"Escherichia","04_t2d_obesity_3_vs_02_obesity_1","genus","Highly Significant (p < 0.01)","Enriched in 02_obesity_1"
28.4924956996908,0.587851080409661,0.557449631152182,1.05453667481068,0.291637278833673,0.365314065065337,"Desulfovibrio","04_t2d_obesity_3_vs_02_obesity_1","genus","Not Significant","No Change"
335.186472132345,2.62004527829902,0.669624935942784,3.91270566202883,9.12677517253422e-05,0.000217217249106314,"Paraprevotella","04_t2d_obesity_3_vs_02_obesity_1","genus","Highly Significant (p < 0.01)","Enriched in 04_t2d_obesity_3"
185.840280590632,-2.04279028687754,0.77947257790687,-2.62073399985805,0.00877406924656745,0.0151320904397323,"Cupriavidus","04_t2d_obesity_3_vs_02_obesity_1","genus","Significant (p < 0.05)","Enriched in 02_obesity_1"
34.4377067608108,-2.94930740301934,0.687809085864623,-4.28797389222019,1.80310279979092e-05,4.81880718917769e-05,"Duodenibacillus","04_t2d_obesity_3_vs_02_obesity_1","genus","Highly Significant (p < 0.01)","Enriched in 02_obesity_1"
652.960503735001,3.42936774872118,0.814768690833384,4.20900776785306,2.56494571721226e-05,6.6354030510491e-05,"Megamonas","04_t2d_obesity_3_vs_02_obesity_1","genus","Highly Significant (p < 0.01)","Enriched in 04_t2d_obesity_3"
107.169870627709,0.944297281388769,0.659465249252775,1.43191363374906,0.152168539904216,0.204669528125132,"Bacillus","04_t2d_obesity_3_vs_02_obesity_1","genus","Not Significant","No Change"
98.531102223588,3.99830100198387,0.692087761023916,5.77715894884277,7.59725089786561e-09,3.76697023685837e-08,"Hoylesella","04_t2d_obesity_3_vs_02_obesity_1","genus","Highly Significant (p < 0.01)","Enriched in 04_t2d_obesity_3"
11.4041736918256,5.71114784541204,0.484328216074158,11.7918957761849,4.29756827253099e-32,5.11410624431187e-30,"Acetivibrio","04_t2d_obesity_3_vs_02_obesity_1","genus","Highly Significant (p < 0.01)","Enriched in 04_t2d_obesity_3"
5.38120981747114,1.68537229797595,0.432485686989082,3.89694352594494,9.74143233603377e-05,0.000227300087840788,"Anoxybacillus","04_t2d_obesity_3_vs_02_obesity_1","genus","Highly Significant (p < 0.01)","Enriched in 04_t2d_obesity_3"
15.8795867683159,-1.15247045816623,0.523866691465355,-2.19993077808124,0.0278118066397419,0.0429818829886921,"Parolsenella","04_t2d_obesity_3_vs_02_obesity_1","genus","Significant (p < 0.05)","Enriched in 02_obesity_1"
122.266752177851,-6.43848711513062,0.713388997526772,-9.02521224388381,1.79347369836375e-19,3.55705616842143e-18,"Catenibacterium","04_t2d_obesity_3_vs_02_obesity_1","genus","Highly Significant (p < 0.01)","Enriched in 02_obesity_1"
8.32093816600306,-3.24803580601697,0.478338526260165,-6.79024504133373,1.11943244314741e-11,1.02471123641955e-10,"Lactobacillus","04_t2d_obesity_3_vs_02_obesity_1","genus","Highly Significant (p < 0.01)","Enriched in 02_obesity_1"
8.2864406288751,-1.06225624019939,0.457829376623337,-2.32020113701294,0.0203299991279053,0.0340742238904328,"Massilistercora","04_t2d_obesity_3_vs_02_obesity_1","genus","Significant (p < 0.05)","Enriched in 02_obesity_1"
6.98976266520323,-1.96230864941668,0.524186582952127,-3.74353085949912,0.000181452305399412,0.000407411780047737,"Pseudomonas","04_t2d_obesity_3_vs_02_obesity_1","genus","Highly Significant (p < 0.01)","Enriched in 02_obesity_1"
5.25909339979985,0.853708549711818,0.456129172804406,1.87163768645401,0.0612567458514603,0.0873819075425745,"Caldilinea","04_t2d_obesity_3_vs_02_obesity_1","genus","Not Significant","No Change"
15.8287636600205,0.0582766171601411,0.591722388706162,0.098486415711879,0.921546058208989,0.958680076919447,"Dellaglioa","04_t2d_obesity_3_vs_02_obesity_1","genus","Not Significant","No Change"
7.85498937963287,-3.27485392612589,0.556450023079195,-5.88526155144001,3.97424987896582e-09,2.05624232868232e-08,"Vibrio","04_t2d_obesity_3_vs_02_obesity_1","genus","Highly Significant (p < 0.01)","Enriched in 02_obesity_1"
17.8468289807747,-2.68904150245354,0.655027964537655,-4.10523160541943,4.03909998078547e-05,0.000102266573981589,"Fusobacterium","04_t2d_obesity_3_vs_02_obesity_1","genus","Highly Significant (p < 0.01)","Enriched in 02_obesity_1"
9.01836946649089,1.2067260446184,0.523088849165729,2.30692366419777,0.0210590760419141,0.034805972902608,"Caproicibacterium","04_t2d_obesity_3_vs_02_obesity_1","genus","Significant (p < 0.05)","Enriched in 04_t2d_obesity_3"
