"taxon","p_value","effect_size","max_mean_abundance","enriched_group","level","p_value_bh","significance"
"Blautia",5.72013836917125e-18,0.968469610260659,9.29971337762216,"02_obesity_1","genus",1.44433493821574e-16,"Highly Significant (p < 0.01)"
"Anaerobutyricum",4.58473178842563e-13,0.380111538511393,2.39944808299475,"02_obesity_1","genus",3.38637952636533e-12,"Highly Significant (p < 0.01)"
"Sellimonas",3.87054701244196e-14,-0.609723788348935,0.245626060915997,"02_obesity_1","genus",4.88656560320797e-13,"Highly Significant (p < 0.01)"
"Mediterraneibacter",6.42208456980307e-15,0.776026307279522,5.97071352942235,"02_obesity_1","genus",1.08105090258352e-13,"Highly Significant (p < 0.01)"
"Lachnoanaerobaculum",1.06337354625224e-07,-0.958116916236763,0.110123280451503,"02_obesity_1","genus",2.90272238301288e-07,"Highly Significant (p < 0.01)"
"Enterocloster",0.041566301558643,0.145075466032166,1.39661002482491,"02_obesity_1","genus",0.042406024822454,"Significant (p < 0.05)"
"Claveliimonas",0.00246038467315346,0.0911066655953348,1.23340672912156,"02_obesity_1","genus",0.00322725781803246,"Highly Significant (p < 0.01)"
"Lachnoclostridium",2.45199903620382e-12,0.0178850618948717,1.04204061161624,"01_normal_2","genus",1.54782439160366e-11,"Highly Significant (p < 0.01)"
"Lacrimispora",1.58310648927863e-07,-0.355618464580542,0.440941068840973,"03_diabetic_2","genus",4.20773040571426e-07,"Highly Significant (p < 0.01)"
"Lachnospira",3.64292908702223e-05,0.473515663599387,2.97519556267728,"01_normal_2","genus",6.5702828176651e-05,"Highly Significant (p < 0.01)"
"Eisenbergiella",0.00172519888492084,-1.34149276626679,0.0455509773370292,"01_normal_2","genus",0.00235466334293249,"Highly Significant (p < 0.01)"
"Anaerostipes",1.33272229953049e-10,0.406893225370588,2.55207277861075,"02_obesity_1","genus",6.11840692057181e-10,"Highly Significant (p < 0.01)"
"Hungatella",0.00485730312325751,-0.313873129806697,0.485429287917368,"03_diabetic_2","genus",0.00584032875534533,"Highly Significant (p < 0.01)"
"Dorea",4.69399142268462e-13,0.603249030289694,4.01096545903615,"02_obesity_1","genus",3.38637952636533e-12,"Highly Significant (p < 0.01)"
"Stomatobaculum",0.0202122686912338,-1.76197722875115,0.0172980706060117,"01_normal_2","genus",0.0217174376363257,"Significant (p < 0.05)"
"Anaerotignum",5.29125742714078e-06,-1.91269055934303,0.01222570519061,"02_obesity_1","genus",1.13705744710898e-05,"Highly Significant (p < 0.01)"
"Faecalibacterium",1.32112909106955e-05,1.11549212201126,13.0464420251754,"01_normal_2","genus",2.69632588683106e-05,"Highly Significant (p < 0.01)"
"Solibaculum",3.0065269955361e-09,0.457499327248601,2.8674719336692,"04_t2d_obesity_3","genus",1.01219742183049e-08,"Highly Significant (p < 0.01)"
"Flavonifractor",0.0349811881886668,-0.624212733143693,0.237566630939533,"02_obesity_1","genus",0.0360520408883198,"Significant (p < 0.05)"
"Ruminococcus",3.18021341356419e-05,0.637045580371986,4.33556278905881,"04_t2d_obesity_3","genus",5.84002826854516e-05,"Highly Significant (p < 0.01)"
"Paludihabitans",0.00376442428757236,-0.245306224382448,0.568450969640225,"04_t2d_obesity_3","genus",0.00463666893957083,"Highly Significant (p < 0.01)"
"Lawsonibacter",3.03890527238454e-05,-0.27852726267266,0.526589157357369,"04_t2d_obesity_3","genus",5.68387837983035e-05,"Highly Significant (p < 0.01)"
"Ruthenibacterium",0.000147105690870667,-0.662653043915435,0.217442763447666,"04_t2d_obesity_3","genus",0.00024356843898258,"Highly Significant (p < 0.01)"
"Vescimonas",0.000715404352076502,0.353917799383085,2.25900715843589,"04_t2d_obesity_3","genus",0.00104718608057575,"Highly Significant (p < 0.01)"
"Pusillibacter",0.000189536178790956,-1.20737821678924,0.0620318569450558,"04_t2d_obesity_3","genus",0.000299111782154477,"Highly Significant (p < 0.01)"
"Anaerotruncus",1.75005092585266e-09,-0.76067483635538,0.173509261230081,"04_t2d_obesity_3","genus",6.09500494865927e-09,"Highly Significant (p < 0.01)"
"Oscillibacter",0.044101836868296,-0.42737055443268,0.373790520869073,"01_normal_2","genus",0.0445428552369789,"Significant (p < 0.05)"
"Eubacterium",6.13719276226962e-05,-0.200233360388087,0.630617401883687,"02_obesity_1","genus",0.000106871804998143,"Highly Significant (p < 0.01)"
"Clostridium",0.000165982070758971,-0.11975417597397,0.759006074797251,"02_obesity_1","genus",0.000266098240423112,"Highly Significant (p < 0.01)"
"Desulforamulus",3.58756325910713e-07,-1.8490713410509,0.0141546122825573,"02_obesity_1","genus",9.2908689530723e-07,"Highly Significant (p < 0.01)"
"Acutalibacter",8.18196541229584e-09,-0.802594014891962,0.157544493561344,"02_obesity_1","genus",2.58243283325588e-08,"Highly Significant (p < 0.01)"
"Mogibacterium",2.31274193953387e-10,-1.75028215125181,0.0177702447754025,"02_obesity_1","genus",9.73278899553838e-10,"Highly Significant (p < 0.01)"
"Emergencia",2.06472026467647e-08,-1.16049844965016,0.069102739627442,"04_t2d_obesity_3","genus",5.95819276378067e-08,"Highly Significant (p < 0.01)"
"Intestinibacter",7.50031868206167e-15,-0.0600863298902787,0.870789475349379,"02_obesity_1","genus",1.08218883841175e-13,"Highly Significant (p < 0.01)"
"Phascolarctobacterium",1.6672036608588e-05,0.973783618476617,9.41420329286164,"04_t2d_obesity_3","genus",3.23822249512959e-05,"Highly Significant (p < 0.01)"
"Acidaminococcus",0.0124803854865606,-0.311890879733075,0.487650001268359,"02_obesity_1","genus",0.0141631340914901,"Significant (p < 0.05)"
"Megasphaera",0.0289314476885995,-0.67783148451361,0.209974447492348,"02_obesity_1","genus",0.0301244970778201,"Significant (p < 0.05)"
"Longicatena",2.99132711194241e-08,-1.20287291755791,0.0626787250083516,"02_obesity_1","genus",8.39233439739399e-08,"Highly Significant (p < 0.01)"
"Holdemania",1.54210945199468e-13,-1.74708528966151,0.0179015423738248,"02_obesity_1","genus",1.29794212209552e-12,"Highly Significant (p < 0.01)"
"Thomasclavelia",1.39820143848272e-13,-0.929340164254795,0.117667396636276,"02_obesity_1","genus",1.28380313897049e-12,"Highly Significant (p < 0.01)"
"Streptococcus",2.07023594486521e-15,0.263945942411477,1.83630875961142,"02_obesity_1","genus",4.18187660862773e-14,"Highly Significant (p < 0.01)"
"Staphylococcus",1.33481479546092e-05,-1.67039300394483,0.0213592826921838,"03_diabetic_2","genus",2.69632588683106e-05,"Highly Significant (p < 0.01)"
"Bifidobacterium",5.46694514470234e-14,0.411500217876418,2.5792892584029,"02_obesity_1","genus",6.13512732905485e-13,"Highly Significant (p < 0.01)"
"Schaalia",2.33162152435536e-23,-1.57997564967812,0.0263031547170569,"02_obesity_1","genus",1.81117965728894e-21,"Highly Significant (p < 0.01)"
"Eggerthella",1.19287256444313e-10,-1.30014903941667,0.050100526773668,"02_obesity_1","genus",6.0240064504378e-10,"Highly Significant (p < 0.01)"
"Gordonibacter",1.02142602730874e-13,-1.01673604862625,0.0962186895595978,"02_obesity_1","genus",1.03164028758183e-12,"Highly Significant (p < 0.01)"
"Adlercreutzia",3.49960814307783e-11,-1.26266018570181,0.0546175057167858,"02_obesity_1","genus",1.86031801289927e-10,"Highly Significant (p < 0.01)"
"Phocaeicola",1.60464847747788e-05,1.25209476966827,17.868773561784,"03_diabetic_2","genus",3.17783325931894e-05,"Highly Significant (p < 0.01)"
"Bacteroides",0.013348994808359,1.18455731375285,15.2952748453883,"03_diabetic_2","genus",0.0149805386182695,"Significant (p < 0.05)"
"Segatella",0.0490602093979693,1.27980220127637,19.0459297654033,"01_normal_2","genus",0.0490602093979693,"Significant (p < 0.05)"
"Parabacteroides",0.0014467222125957,0.444044067798673,2.77999433917577,"03_diabetic_2","genus",0.00200162936263241,"Highly Significant (p < 0.01)"
"Alistipes",2.39239591698438e-06,0.72438807871712,5.30136854342194,"04_t2d_obesity_3","genus",5.25286929598744e-06,"Highly Significant (p < 0.01)"
"Akkermansia",1.87909091438111e-11,1.25235951547797,17.8796696831751,"04_t2d_obesity_3","genus",1.05437879084718e-10,"Highly Significant (p < 0.01)"
"Coraliomargarita",5.1947732257136e-07,-1.59468067736372,0.025427416873218,"01_normal_2","genus",1.27968803852945e-06,"Highly Significant (p < 0.01)"
"Turicimonas",0.0173635695625388,-0.00590795352841097,0.986487544626127,"04_t2d_obesity_3","genus",0.0188572099550153,"Significant (p < 0.05)"
"Yersinia",1.72579162012137e-06,-0.989593397071266,0.102424148652334,"02_obesity_1","genus",3.90161562444274e-06,"Highly Significant (p < 0.01)"
"Klebsiella",0.0138966792711687,-0.757694936344865,0.174703891035592,"03_diabetic_2","genus",0.015377015131024,"Significant (p < 0.05)"
"Coprococcus",0.00190127603572088,0.142998455974367,1.38994668959248,"02_obesity_1","genus",0.00256038506143745,"Highly Significant (p < 0.01)"
"Faecalibacillus",2.11585036128371e-10,0.209864614572447,1.62130359880382,"02_obesity_1","genus",9.29134289085457e-10,"Highly Significant (p < 0.01)"
"Butyricimonas",0.00028284092450129,-0.719039548157122,0.190966934952306,"04_t2d_obesity_3","genus",0.000432832323858034,"Highly Significant (p < 0.01)"
"Barnesiella",2.90860948743139e-05,-0.229801364877242,0.58911203889399,"04_t2d_obesity_3","genus",5.54282185340698e-05,"Highly Significant (p < 0.01)"
"Aureibaculum",0.000110421527746946,-0.742880026449489,0.180766342557681,"02_obesity_1","genus",0.000185876238374026,"Highly Significant (p < 0.01)"
"Spirosoma",1.58392440280131e-09,-1.78898856869607,0.0162549154327649,"04_t2d_obesity_3","genus",5.713441595819e-09,"Highly Significant (p < 0.01)"
"Petroclostridium",0.0008947485712537,-1.75779018562405,0.0174656579035387,"04_t2d_obesity_3","genus",0.00129099436709462,"Highly Significant (p < 0.01)"
"Aristaeella",0.0100966329896469,-0.10577700797753,0.783831004356465,"04_t2d_obesity_3","genus",0.0115881810449357,"Significant (p < 0.05)"
"Intestinimonas",7.78321508209047e-05,-0.861009374868909,0.137716974017434,"04_t2d_obesity_3","genus",0.000133238088693413,"Highly Significant (p < 0.01)"
"Caldinitratiruptor",0.00273785239357282,-1.40552912554601,0.0393060883098914,"02_obesity_1","genus",0.00345653864688568,"Highly Significant (p < 0.01)"
"Agathobacter",2.97278576305829e-10,-1.28500507368727,0.0518783978032752,"04_t2d_obesity_3","genus",1.20100544827555e-09,"Highly Significant (p < 0.01)"
"Candidatus Epulonipiscium",0.000565193467894306,-0.694397548731348,0.202115817491645,"03_diabetic_2","genus",0.000839478533195955,"Highly Significant (p < 0.01)"
"Anaeropeptidivorans",4.53734210379161e-07,-0.927731639204139,0.118104020897747,"03_diabetic_2","genus",1.14567888120738e-06,"Highly Significant (p < 0.01)"
"Cellulosilyticum",8.74074777993608e-09,-1.85320009764403,0.0140206751845122,"04_t2d_obesity_3","genus",2.67519856295013e-08,"Highly Significant (p < 0.01)"
"Monoglobus",1.73834359504875e-06,-1.12377199476981,0.0752007600724767,"02_obesity_1","genus",3.90161562444274e-06,"Highly Significant (p < 0.01)"
"Enterococcus",7.53979336268462e-09,-0.756600241347041,0.175144812608913,"02_obesity_1","genus",2.45651332139079e-08,"Highly Significant (p < 0.01)"
"Veillonella",0.0140067860599426,-0.657404998635295,0.22008630951703,"03_diabetic_2","genus",0.015377015131024,"Significant (p < 0.05)"
"Allobaculum",0.0063307239756163,-0.225792669674906,0.594574938878432,"02_obesity_1","genus",0.00743492001787496,"Highly Significant (p < 0.01)"
"Flintibacter",0.001183242776973,-1.29366694427082,0.0508539293994478,"02_obesity_1","genus",0.00165982667325379,"Highly Significant (p < 0.01)"
"Terrisporobacter",1.10358695201624e-08,-0.610741995747866,0.245050860561958,"02_obesity_1","genus",3.27830241628353e-08,"Highly Significant (p < 0.01)"
"Romboutsia",1.30404853862643e-10,-0.666833076095493,0.215359932940018,"02_obesity_1","genus",6.11840692057181e-10,"Highly Significant (p < 0.01)"
"Clostridioides",3.58649437086918e-23,-0.563447702810507,0.273244046227964,"02_obesity_1","genus",1.81117965728894e-21,"Highly Significant (p < 0.01)"
"Aminipila",1.10321530065636e-11,-1.66516661068678,0.0216178898772237,"02_obesity_1","genus",6.5543967862525e-11,"Highly Significant (p < 0.01)"
"Turicibacter",1.04238608847181e-12,-0.546632790567413,0.284030959158986,"02_obesity_1","genus",7.01873299571018e-12,"Highly Significant (p < 0.01)"
"Collinsella",6.72994723824784e-20,-0.11142748903257,0.77369884698581,"02_obesity_1","genus",2.26574890354344e-18,"Highly Significant (p < 0.01)"
"Salmonella",0.0230525562937594,0.0470633247371342,1.11445602138744,"02_obesity_1","genus",0.0245085072175758,"Significant (p < 0.05)"
"Escherichia",0.00464717719637244,-0.548875930745979,0.282567710195331,"02_obesity_1","genus",0.00565499875703152,"Highly Significant (p < 0.01)"
"Desulfovibrio",3.82484591296209e-05,-0.999173384510292,0.100189516502939,"02_obesity_1","genus",6.77735854752932e-05,"Highly Significant (p < 0.01)"
"Paraprevotella",6.93566581785563e-07,0.085383518236272,1.21725946863549,"04_t2d_obesity_3","genus",1.66786249429385e-06,"Highly Significant (p < 0.01)"
"Duodenibacillus",0.0026270133068269,-0.949122600505804,0.112427754492975,"03_diabetic_2","genus",0.00340164543576303,"Highly Significant (p < 0.01)"
"Megamonas",0.00107686203507084,0.254735157132725,1.79777325626029,"01_normal_2","genus",0.00153187416256556,"Highly Significant (p < 0.01)"
"Hoylesella",0.00272520447019973,-0.432846181941487,0.36910730589477,"04_t2d_obesity_3","genus",0.00345653864688568,"Highly Significant (p < 0.01)"
"Acetivibrio",1.55173974292871e-06,-1.47350459721473,0.0336110811028732,"04_t2d_obesity_3","genus",3.64478404734417e-06,"Highly Significant (p < 0.01)"
"Anoxybacillus",0.000195712661343662,-1.72082110777555,0.0190176152306767,"02_obesity_1","genus",0.000304107366087844,"Highly Significant (p < 0.01)"
"Parolsenella",7.91413715380158e-06,-1.1751671213996,0.0668076780792382,"02_obesity_1","genus",1.66526635944575e-05,"Highly Significant (p < 0.01)"
"Catenibacterium",0.00807899450655057,-0.385465782082135,0.411654780247144,"02_obesity_1","genus",0.00937906258806445,"Highly Significant (p < 0.01)"
"Lactobacillus",9.12153782386802e-10,-1.38469378262152,0.0412378188046506,"02_obesity_1","genus",3.54336661619488e-09,"Highly Significant (p < 0.01)"
"Massilistercora",1.2657552730632e-09,-1.3639023992617,0.0432601042523465,"02_obesity_1","genus",4.73486231775492e-09,"Highly Significant (p < 0.01)"
"Pseudomonas",0.00203249791997978,-1.22711365318415,0.0592760178620037,"03_diabetic_2","genus",0.00270108276207839,"Highly Significant (p < 0.01)"
"Caldilinea",0.0269810516547612,-1.70847977346581,0.0195658189497729,"03_diabetic_2","genus",0.02838631476178,"Significant (p < 0.05)"
"Dellaglioa",0.00324472759157471,-1.38873027566667,0.0408563057253976,"03_diabetic_2","genus",0.00404589489813636,"Highly Significant (p < 0.01)"
"Vibrio",0.000403698785035551,-1.80597903586208,0.0156312310027414,"02_obesity_1","genus",0.000608560855053592,"Highly Significant (p < 0.01)"
"Caproicibacterium",0.00596311029860586,-0.612087876963627,0.244292618874412,"02_obesity_1","genus",0.0070855781195199,"Highly Significant (p < 0.01)"
