"taxon","effect_size","p_value","p_value_bh","comparison","level","significance","direction"
"Blautia",-1.17778844233044,1.08388418375236e-11,1.19557411152863e-09,"03_diabetic_2_vs_02_obesity_1","genus","Highly Significant (p < 0.01)","Enriched in 02_obesity_1"
"Anaerobutyricum",-0.962135317849894,6.10404199220743e-07,8.95400533637587e-06,"03_diabetic_2_vs_02_obesity_1","genus","Highly Significant (p < 0.01)","No Change"
"Sellimonas",-0.640607158933311,0.000535186559792675,0.00341447863063989,"03_diabetic_2_vs_02_obesity_1","genus","Highly Significant (p < 0.01)","No Change"
"Mediterraneibacter",-0.75143622729152,1.32119751258016e-06,2.11411418104808e-05,"03_diabetic_2_vs_02_obesity_1","genus","Highly Significant (p < 0.01)","No Change"
"Lachnoanaerobaculum",-0.551209132773049,0.00179123828490683,0.0110730254535423,"03_diabetic_2_vs_02_obesity_1","genus","Significant (p < 0.05)","No Change"
"Enterocloster",-0.000930328038244543,0.552866219976218,0.999624420721538,"03_diabetic_2_vs_02_obesity_1","genus","Not Significant","No Change"
"Chakrabartyella",-0.0439801589112201,0.523843631203181,0.942684180313119,"03_diabetic_2_vs_02_obesity_1","genus","Not Significant","No Change"
"Claveliimonas",0.200150183610925,0.646769594175249,0.992253117340229,"03_diabetic_2_vs_02_obesity_1","genus","Not Significant","No Change"
"Lachnoclostridium",0.461876046446475,0.0547086081797739,0.227238613022277,"03_diabetic_2_vs_02_obesity_1","genus","Not Significant","No Change"
"Lacrimispora",0.573876100133236,0.00815564894424046,0.0444727807514122,"03_diabetic_2_vs_02_obesity_1","genus","Significant (p < 0.05)","No Change"
"Lachnospira",0.201135367539198,0.702875505828212,0.999268833043392,"03_diabetic_2_vs_02_obesity_1","genus","Not Significant","No Change"
"Eisenbergiella",0.168191597963383,0.445221645213452,0.798200600792174,"03_diabetic_2_vs_02_obesity_1","genus","Not Significant","No Change"
"Anaerostipes",-0.518120352793383,0.000456496117122507,0.00366829439448968,"03_diabetic_2_vs_02_obesity_1","genus","Highly Significant (p < 0.01)","No Change"
"Wansuia",0.155645526659777,0.2851730754012,0.617741052322237,"03_diabetic_2_vs_02_obesity_1","genus","Not Significant","No Change"
"Tyzzerella",0.0399701228106969,0.67874653900585,0.973170703638244,"03_diabetic_2_vs_02_obesity_1","genus","Not Significant","No Change"
"Hungatella",0.0884640743874373,0.394621329125774,0.827498405206901,"03_diabetic_2_vs_02_obesity_1","genus","Not Significant","No Change"
"Roseburia",0.0904534272436909,0.905984690998244,1,"03_diabetic_2_vs_02_obesity_1","genus","Not Significant","No Change"
"Dorea",-0.732483880278947,4.71658160441944e-06,6.01001742981741e-05,"03_diabetic_2_vs_02_obesity_1","genus","Highly Significant (p < 0.01)","No Change"
"Stomatobaculum",0.238113623878371,0.141290692126265,0.409621104061125,"03_diabetic_2_vs_02_obesity_1","genus","Not Significant","No Change"
"Anaerotignum",-0.0738245518265852,0.82458525752946,0.976486062811033,"03_diabetic_2_vs_02_obesity_1","genus","Not Significant","No Change"
"Faecalibacterium",0.53317415697485,0.00210839450585997,0.0197647439396406,"03_diabetic_2_vs_02_obesity_1","genus","Significant (p < 0.05)","No Change"
"Solibaculum",-0.140615334993453,0.158376498306496,0.503578330786448,"03_diabetic_2_vs_02_obesity_1","genus","Not Significant","No Change"
"Flavonifractor",-0.0375605632020782,0.0856139676039139,0.315531658173344,"03_diabetic_2_vs_02_obesity_1","genus","Not Significant","No Change"
"Ruminococcus",-0.286132833936324,0.0218994670978798,0.102448992485889,"03_diabetic_2_vs_02_obesity_1","genus","Not Significant","No Change"
"Paludihabitans",-0.292336080966225,0.0123791511732751,0.0621371316990252,"03_diabetic_2_vs_02_obesity_1","genus","Not Significant","No Change"
"Lawsonibacter",-0.177145752937911,0.0846883736121922,0.300962756776118,"03_diabetic_2_vs_02_obesity_1","genus","Not Significant","No Change"
"Ruthenibacterium",-0.360061913674918,0.0384521837940769,0.152647951732802,"03_diabetic_2_vs_02_obesity_1","genus","Not Significant","No Change"
"Vescimonas",0.327985223697474,0.100762804699428,0.375167255630016,"03_diabetic_2_vs_02_obesity_1","genus","Not Significant","No Change"
"Pusillibacter",-0.221796073592536,0.283401418831423,0.66497081182125,"03_diabetic_2_vs_02_obesity_1","genus","Not Significant","No Change"
"Anaerotruncus",-0.618594075570357,0.0011042051058892,0.00656957137151164,"03_diabetic_2_vs_02_obesity_1","genus","Highly Significant (p < 0.01)","No Change"
"Oscillibacter",0.279918210886997,0.101570791838186,0.373187214678503,"03_diabetic_2_vs_02_obesity_1","genus","Not Significant","No Change"
"Subdoligranulum",0.150213251737926,0.789692523268082,0.999618267376826,"03_diabetic_2_vs_02_obesity_1","genus","Not Significant","No Change"
"Eubacterium",-0.182442681559815,0.0430602797100023,0.177870625593759,"03_diabetic_2_vs_02_obesity_1","genus","Not Significant","No Change"
"Clostridium",-0.142804546232025,0.0276678156815243,0.128738910580605,"03_diabetic_2_vs_02_obesity_1","genus","Not Significant","No Change"
"Desulforamulus",-0.0688324790571775,0.800791996199919,0.963891906396637,"03_diabetic_2_vs_02_obesity_1","genus","Not Significant","No Change"
"Acutalibacter",-0.546172570617454,0.00427928483793795,0.0237605835411394,"03_diabetic_2_vs_02_obesity_1","genus","Significant (p < 0.05)","No Change"
"Mogibacterium",-0.313121994728104,0.159269419182222,0.433340120711502,"03_diabetic_2_vs_02_obesity_1","genus","Not Significant","No Change"
"Emergencia",-0.266387518927653,0.15379700657265,0.44976723952549,"03_diabetic_2_vs_02_obesity_1","genus","Not Significant","No Change"
"Intestinibacter",-0.673355926843668,0.000978480823961754,0.00649869174125456,"03_diabetic_2_vs_02_obesity_1","genus","Highly Significant (p < 0.01)","No Change"
"Christensenella",0.141532275080127,0.39354548574949,0.83184491205457,"03_diabetic_2_vs_02_obesity_1","genus","Not Significant","No Change"
"Phascolarctobacterium",0.106299813756646,0.409169425358044,0.902731636093086,"03_diabetic_2_vs_02_obesity_1","genus","Not Significant","No Change"
"Acidaminococcus",0.184765772089457,0.726233636639944,0.974953852897902,"03_diabetic_2_vs_02_obesity_1","genus","Not Significant","No Change"
"Megasphaera",0.0814091839876543,0.678250843582709,0.955750471518658,"03_diabetic_2_vs_02_obesity_1","genus","Not Significant","No Change"
"Longicatena",-0.0019621605298194,0.732874380686719,0.959603628502279,"03_diabetic_2_vs_02_obesity_1","genus","Not Significant","No Change"
"Holdemania",-0.334417169963469,0.11539820531293,0.344312298551352,"03_diabetic_2_vs_02_obesity_1","genus","Not Significant","No Change"
"Thomasclavelia",-0.52613280113669,0.00465888987046152,0.0266815919450627,"03_diabetic_2_vs_02_obesity_1","genus","Significant (p < 0.05)","No Change"
"Streptococcus",-1.03692317487937,6.26815153511401e-09,1.81228064165198e-07,"03_diabetic_2_vs_02_obesity_1","genus","Highly Significant (p < 0.01)","Enriched in 02_obesity_1"
"Staphylococcus",0.19723654569798,0.266485081655811,0.60196145524824,"03_diabetic_2_vs_02_obesity_1","genus","Not Significant","No Change"
"Bifidobacterium",-1.02765966309275,2.32575080859397e-06,2.21099101878719e-05,"03_diabetic_2_vs_02_obesity_1","genus","Highly Significant (p < 0.01)","Enriched in 02_obesity_1"
"Schaalia",-0.733652532519769,0.000642140941374929,0.00381136410500991,"03_diabetic_2_vs_02_obesity_1","genus","Highly Significant (p < 0.01)","No Change"
"Eggerthella",-0.251737273541311,0.266403889984451,0.614093628496402,"03_diabetic_2_vs_02_obesity_1","genus","Not Significant","No Change"
"Gordonibacter",-0.494355664969236,0.0205523961569544,0.0872334912786703,"03_diabetic_2_vs_02_obesity_1","genus","Not Significant","No Change"
"Adlercreutzia",-0.401115290441334,0.0714719865709781,0.250977127905182,"03_diabetic_2_vs_02_obesity_1","genus","Not Significant","No Change"
"Phocaeicola",0.399406064809066,0.0621781128732332,0.268550438414893,"03_diabetic_2_vs_02_obesity_1","genus","Not Significant","No Change"
"Bacteroides",0.300768628246719,0.187552728418955,0.588434035278509,"03_diabetic_2_vs_02_obesity_1","genus","Not Significant","No Change"
"Segatella",0.479678142442817,0.00189192026835644,0.0174504974570432,"03_diabetic_2_vs_02_obesity_1","genus","Significant (p < 0.05)","No Change"
"Prevotella",0.544654950581746,0.00112778473162764,0.0118342132893722,"03_diabetic_2_vs_02_obesity_1","genus","Significant (p < 0.05)","No Change"
"Parabacteroides",0.601846600475305,0.00243115689684879,0.0200088411891068,"03_diabetic_2_vs_02_obesity_1","genus","Significant (p < 0.05)","No Change"
"Alistipes",0.176144861037354,0.684897735444474,0.993941640745467,"03_diabetic_2_vs_02_obesity_1","genus","Not Significant","No Change"
"Akkermansia",-0.200646901893047,0.211240142930942,0.560238474603294,"03_diabetic_2_vs_02_obesity_1","genus","Not Significant","No Change"
"Coraliomargarita",-0.0599120307591238,0.729788824523121,0.950142520782271,"03_diabetic_2_vs_02_obesity_1","genus","Not Significant","No Change"
"Turicimonas",-0.250748796995506,0.165705528495956,0.509368364020881,"03_diabetic_2_vs_02_obesity_1","genus","Not Significant","No Change"
"Yersinia",0.108444299074439,0.812006512769482,0.976995717207736,"03_diabetic_2_vs_02_obesity_1","genus","Not Significant","No Change"
"Klebsiella",0.499896460419681,0.00569823952068525,0.037747472357187,"03_diabetic_2_vs_02_obesity_1","genus","Significant (p < 0.05)","No Change"
"Coprococcus",-0.154710445990275,0.165389631903238,0.515765169932361,"03_diabetic_2_vs_02_obesity_1","genus","Not Significant","No Change"
"Ligilactobacillus",0.60362080547688,0.000835527407641179,0.00752072202082963,"03_diabetic_2_vs_02_obesity_1","genus","Highly Significant (p < 0.01)","No Change"
"Faecalibacillus",-0.698226716069877,0.000326390997067085,0.00231441240655399,"03_diabetic_2_vs_02_obesity_1","genus","Highly Significant (p < 0.01)","No Change"
"Haemophilus",0.287193404519883,0.0851212891395276,0.315415463504079,"03_diabetic_2_vs_02_obesity_1","genus","Not Significant","No Change"
"Butyricimonas",0.139958586661621,0.245499411231105,0.616339568329104,"03_diabetic_2_vs_02_obesity_1","genus","Not Significant","No Change"
"Barnesiella",0.238246823707456,0.2163653095126,0.592404698997479,"03_diabetic_2_vs_02_obesity_1","genus","Not Significant","No Change"
"Coprobacter",0.40934571242277,0.0174075291292482,0.087776142447599,"03_diabetic_2_vs_02_obesity_1","genus","Not Significant","No Change"
"Aureibaculum",-0.134284773414695,0.534244363706113,0.937081108450082,"03_diabetic_2_vs_02_obesity_1","genus","Not Significant","No Change"
"Spirosoma",-0.202223429624622,0.431963255199229,0.779468245650652,"03_diabetic_2_vs_02_obesity_1","genus","Not Significant","No Change"
"Petroclostridium",0.365884982524989,0.0469602355457561,0.169853172182818,"03_diabetic_2_vs_02_obesity_1","genus","Not Significant","No Change"
"Aristaeella",0.0886556330665883,0.609773734539257,0.970255420744503,"03_diabetic_2_vs_02_obesity_1","genus","Not Significant","No Change"
"Intestinimonas",-0.152163857821098,0.488281115003567,0.870326182516173,"03_diabetic_2_vs_02_obesity_1","genus","Not Significant","No Change"
"Caldinitratiruptor",0.417277952795704,0.0445414833831185,0.165536803420104,"03_diabetic_2_vs_02_obesity_1","genus","Not Significant","No Change"
"Agathobacter",-0.2569119041749,0.304070602407077,0.673893684252133,"03_diabetic_2_vs_02_obesity_1","genus","Not Significant","No Change"
"Candidatus Epulonipiscium",0.272555352998064,0.0766641088286203,0.263118383904873,"03_diabetic_2_vs_02_obesity_1","genus","Not Significant","No Change"
"Simiaoa",0.308910363297426,0.0948795901711625,0.357343557564778,"03_diabetic_2_vs_02_obesity_1","genus","Not Significant","No Change"
"Anaeropeptidivorans",0.0681217559278436,0.445412598870432,0.81299331082402,"03_diabetic_2_vs_02_obesity_1","genus","Not Significant","No Change"
"Cellulosilyticum",-0.0263170243409847,0.693901638728245,0.921302763693313,"03_diabetic_2_vs_02_obesity_1","genus","Not Significant","No Change"
"Monoglobus",-0.11191388893524,0.557405346045179,0.913808664438974,"03_diabetic_2_vs_02_obesity_1","genus","Not Significant","No Change"
"Enterococcus",-0.346951537103616,0.00698374209304406,0.0381833765090854,"03_diabetic_2_vs_02_obesity_1","genus","Significant (p < 0.05)","No Change"
"Dehalococcoides",0.270482912378927,0.109169728189161,0.389932903091186,"03_diabetic_2_vs_02_obesity_1","genus","Not Significant","No Change"
"Sutterella",0.433559456953232,0.00478715482936264,0.0342728028382395,"03_diabetic_2_vs_02_obesity_1","genus","Significant (p < 0.05)","No Change"
"Dialister",0.0319690929289832,0.746453411129619,0.996929431010684,"03_diabetic_2_vs_02_obesity_1","genus","Not Significant","No Change"
"Veillonella",0.0563795121126141,0.557785516824612,0.938909430755869,"03_diabetic_2_vs_02_obesity_1","genus","Not Significant","No Change"
"Allobaculum",0.157222039330166,0.392222534948592,0.848706336697058,"03_diabetic_2_vs_02_obesity_1","genus","Not Significant","No Change"
"Flintibacter",0.130793494255808,0.582845836455539,0.894919371012145,"03_diabetic_2_vs_02_obesity_1","genus","Not Significant","No Change"
"Anaeromicropila",0.146414579859625,0.301122700707553,0.697098615590496,"03_diabetic_2_vs_02_obesity_1","genus","Not Significant","No Change"
"Terrisporobacter",-0.179247034399898,0.242520246511495,0.63578843113452,"03_diabetic_2_vs_02_obesity_1","genus","Not Significant","No Change"
"Romboutsia",-0.211405626072271,0.246281836961122,0.590056388958347,"03_diabetic_2_vs_02_obesity_1","genus","Not Significant","No Change"
"Clostridioides",-0.944031749839064,1.81745467323467e-06,2.03927790127134e-05,"03_diabetic_2_vs_02_obesity_1","genus","Highly Significant (p < 0.01)","No Change"
"Aminipila",-0.38754574876806,0.0818170268972472,0.275911196940189,"03_diabetic_2_vs_02_obesity_1","genus","Not Significant","No Change"
"Turicibacter",-0.510392199560673,0.00722126062015656,0.0370724300577971,"03_diabetic_2_vs_02_obesity_1","genus","Significant (p < 0.05)","No Change"
"Collinsella",-1.10815862468265,1.10405648571023e-07,2.05484990480013e-06,"03_diabetic_2_vs_02_obesity_1","genus","Highly Significant (p < 0.01)","Enriched in 02_obesity_1"
"Odoribacter",0.161801387133325,0.287807001362151,0.750599512760658,"03_diabetic_2_vs_02_obesity_1","genus","Not Significant","No Change"
"Salmonella",0.198756523082777,0.481555430686467,0.904678555571458,"03_diabetic_2_vs_02_obesity_1","genus","Not Significant","No Change"
"Escherichia",0.119809727344535,0.585270869580916,0.921935856554167,"03_diabetic_2_vs_02_obesity_1","genus","Not Significant","No Change"
"Desulfovibrio",0.0423889178262486,0.704008162426745,0.968703640171905,"03_diabetic_2_vs_02_obesity_1","genus","Not Significant","No Change"
"Paraprevotella",0.507233091247057,0.00432826190810521,0.0298601644218372,"03_diabetic_2_vs_02_obesity_1","genus","Significant (p < 0.05)","No Change"
"Cupriavidus",0.169778342662711,0.510758316443736,0.90555607606247,"03_diabetic_2_vs_02_obesity_1","genus","Not Significant","No Change"
"Duodenibacillus",0.678738807614349,0.000342082550011823,0.00364222634926883,"03_diabetic_2_vs_02_obesity_1","genus","Highly Significant (p < 0.01)","No Change"
"Megamonas",0.669230423932031,8.89825740255923e-05,0.00133808765787123,"03_diabetic_2_vs_02_obesity_1","genus","Highly Significant (p < 0.01)","No Change"
"Bacillus",0.214598641483973,0.1883283055715,0.552056981986336,"03_diabetic_2_vs_02_obesity_1","genus","Not Significant","No Change"
"Hoylesella",0.434367463144664,0.020635693857759,0.102346261116712,"03_diabetic_2_vs_02_obesity_1","genus","Not Significant","No Change"
"Acetivibrio",0.59124478181418,0.00158716724324879,0.0119954625363482,"03_diabetic_2_vs_02_obesity_1","genus","Significant (p < 0.05)","No Change"
"Anoxybacillus",0.312065614460408,0.106259270906744,0.33359156694866,"03_diabetic_2_vs_02_obesity_1","genus","Not Significant","No Change"
"Parolsenella",0.138686631760655,0.790155798981253,0.978728262270251,"03_diabetic_2_vs_02_obesity_1","genus","Not Significant","No Change"
"Catenibacterium",0.185412761369137,0.318293413269925,0.750375039003074,"03_diabetic_2_vs_02_obesity_1","genus","Not Significant","No Change"
"Lactobacillus",-0.131092749621593,0.452236096790757,0.794344215956842,"03_diabetic_2_vs_02_obesity_1","genus","Not Significant","No Change"
"Massilistercora",-0.170883566385714,0.502664929534202,0.822612518491912,"03_diabetic_2_vs_02_obesity_1","genus","Not Significant","No Change"
"Pseudomonas",0.189783277601275,0.191901617284229,0.51690388249462,"03_diabetic_2_vs_02_obesity_1","genus","Not Significant","No Change"
"Caldilinea",0.651862655039526,0.000322156728207085,0.00401547632997918,"03_diabetic_2_vs_02_obesity_1","genus","Highly Significant (p < 0.01)","No Change"
"Dellaglioa",0.610530098865338,0.000957715160278743,0.00806399022588092,"03_diabetic_2_vs_02_obesity_1","genus","Highly Significant (p < 0.01)","No Change"
"Vibrio",0.313265418042288,0.0945829372592602,0.302858640665465,"03_diabetic_2_vs_02_obesity_1","genus","Not Significant","No Change"
"Fusobacterium",0.429684134863662,0.00688751869830863,0.0425609734671019,"03_diabetic_2_vs_02_obesity_1","genus","Significant (p < 0.05)","No Change"
"Caproicibacterium",0.262291166713094,0.210090972450235,0.545380941213188,"03_diabetic_2_vs_02_obesity_1","genus","Not Significant","No Change"
