"taxon","effect_size","p_value","p_value_bh","comparison","level","significance","direction"
"Blautia",0.00491227438141463,0.522795849120914,1,"01_normal_2_vs_03_diabetic_2","genus","Not Significant","No Change"
"Anaerobutyricum",0.0134895416108187,0.757053652284782,1,"01_normal_2_vs_03_diabetic_2","genus","Not Significant","No Change"
"Sellimonas",-0.0113958149251896,0.764308418982919,0.996402478597019,"01_normal_2_vs_03_diabetic_2","genus","Not Significant","No Change"
"Mediterraneibacter",0.0288885955533937,0.232555283181318,1,"01_normal_2_vs_03_diabetic_2","genus","Not Significant","No Change"
"Lachnoanaerobaculum",-0.0977304682704353,0.50862688590586,1,"01_normal_2_vs_03_diabetic_2","genus","Not Significant","No Change"
"Enterocloster",-0.090533327569322,0.49964900946021,1,"01_normal_2_vs_03_diabetic_2","genus","Not Significant","No Change"
"Chakrabartyella",-0.128089789716294,0.290561833121195,1,"01_normal_2_vs_03_diabetic_2","genus","Not Significant","No Change"
"Claveliimonas",-0.0876672410041484,0.232434305619143,1,"01_normal_2_vs_03_diabetic_2","genus","Not Significant","No Change"
"Lachnoclostridium",-0.12709778662757,0.114828578397041,1,"01_normal_2_vs_03_diabetic_2","genus","Not Significant","No Change"
"Lacrimispora",-0.0286174721646762,0.863074644156306,1,"01_normal_2_vs_03_diabetic_2","genus","Not Significant","No Change"
"Lachnospira",-0.0459967095387092,0.288513152579455,1,"01_normal_2_vs_03_diabetic_2","genus","Not Significant","No Change"
"Eisenbergiella",-0.0795824830560637,0.499404605988959,0.998789655612277,"01_normal_2_vs_03_diabetic_2","genus","Not Significant","No Change"
"Anaerostipes",-0.0581472090408584,0.79603688117252,1,"01_normal_2_vs_03_diabetic_2","genus","Not Significant","No Change"
"Wansuia",0.00888271640380462,0.730747692946033,0.996528477006014,"01_normal_2_vs_03_diabetic_2","genus","Not Significant","No Change"
"Tyzzerella",0.00903093659345007,0.863286929885504,1,"01_normal_2_vs_03_diabetic_2","genus","Not Significant","No Change"
"Hungatella",0.060690570063604,0.58545680420858,0.995785424849219,"01_normal_2_vs_03_diabetic_2","genus","Not Significant","No Change"
"Roseburia",0.00795933999804437,0.7024001857978,1,"01_normal_2_vs_03_diabetic_2","genus","Not Significant","No Change"
"Dorea",-0.0665599516862296,0.370585648786678,1,"01_normal_2_vs_03_diabetic_2","genus","Not Significant","No Change"
"Stomatobaculum",0.00976437385915772,0.768947231328751,1,"01_normal_2_vs_03_diabetic_2","genus","Not Significant","No Change"
"Anaerotignum",0.0386206580721311,0.593955301735554,0.9991178271973,"01_normal_2_vs_03_diabetic_2","genus","Not Significant","No Change"
"Faecalibacterium",-0.0856751306383688,0.584694220091353,1,"01_normal_2_vs_03_diabetic_2","genus","Not Significant","No Change"
"Solibaculum",0.00786169211101273,0.85405990890889,1,"01_normal_2_vs_03_diabetic_2","genus","Not Significant","No Change"
"Flavonifractor",0.00773293404489296,0.76234958995652,1,"01_normal_2_vs_03_diabetic_2","genus","Not Significant","No Change"
"Ruminococcus",-0.0452509307740038,0.477754588086857,1,"01_normal_2_vs_03_diabetic_2","genus","Not Significant","No Change"
"Paludihabitans",-0.15006126251112,0.281082760571012,1,"01_normal_2_vs_03_diabetic_2","genus","Not Significant","No Change"
"Lawsonibacter",-0.107053418247279,0.555247043965246,1,"01_normal_2_vs_03_diabetic_2","genus","Not Significant","No Change"
"Ruthenibacterium",-0.0502502106261478,0.667725154370564,1,"01_normal_2_vs_03_diabetic_2","genus","Not Significant","No Change"
"Vescimonas",-0.0174672747075352,0.236710374721922,1,"01_normal_2_vs_03_diabetic_2","genus","Not Significant","No Change"
"Pusillibacter",-0.146683278568188,0.356030518934284,0.995567750261502,"01_normal_2_vs_03_diabetic_2","genus","Not Significant","No Change"
"Anaerotruncus",-0.0670671752975477,0.590948684480373,0.99895599485157,"01_normal_2_vs_03_diabetic_2","genus","Not Significant","No Change"
"Oscillibacter",-0.123140378466422,0.0505073356166789,0.972714140662862,"01_normal_2_vs_03_diabetic_2","genus","Not Significant","No Change"
"Subdoligranulum",-0.0602055856692552,0.462785614456122,1,"01_normal_2_vs_03_diabetic_2","genus","Not Significant","No Change"
"Eubacterium",-0.139651675188015,0.158950492315298,0.99806694512248,"01_normal_2_vs_03_diabetic_2","genus","Not Significant","No Change"
"Clostridium",0.125459237835587,0.505168507442273,1,"01_normal_2_vs_03_diabetic_2","genus","Not Significant","No Change"
"Desulforamulus",-0.0238022092858384,0.658697265687042,0.998215279363871,"01_normal_2_vs_03_diabetic_2","genus","Not Significant","No Change"
"Acutalibacter",-0.0958217538646818,0.457058771958457,0.999012027059202,"01_normal_2_vs_03_diabetic_2","genus","Not Significant","No Change"
"Mogibacterium",-0.0923125048937946,0.508164544848282,0.99585140365054,"01_normal_2_vs_03_diabetic_2","genus","Not Significant","No Change"
"Emergencia",-0.00158708739025292,0.76930715368434,0.998530189201196,"01_normal_2_vs_03_diabetic_2","genus","Not Significant","No Change"
"Intestinibacter",0.0702864455525574,0.551073868210865,0.973654597716264,"01_normal_2_vs_03_diabetic_2","genus","Not Significant","No Change"
"Christensenella",0.0666296853749345,0.772259283603156,1,"01_normal_2_vs_03_diabetic_2","genus","Not Significant","No Change"
"Phascolarctobacterium",0.106103901165304,0.313943870227439,0.998451293021268,"01_normal_2_vs_03_diabetic_2","genus","Not Significant","No Change"
"Acidaminococcus",0.061713690424336,0.651452382687523,0.997249224330301,"01_normal_2_vs_03_diabetic_2","genus","Not Significant","No Change"
"Megasphaera",-0.068563604409463,0.704644539690224,1,"01_normal_2_vs_03_diabetic_2","genus","Not Significant","No Change"
"Longicatena",-0.0571379399759993,0.652438836306562,1,"01_normal_2_vs_03_diabetic_2","genus","Not Significant","No Change"
"Holdemania",-0.0593318183078431,0.645455006809176,0.99949292340976,"01_normal_2_vs_03_diabetic_2","genus","Not Significant","No Change"
"Thomasclavelia",0.0211920726966964,0.682581855838895,1,"01_normal_2_vs_03_diabetic_2","genus","Not Significant","No Change"
"Streptococcus",0.130611589271599,0.31148784266718,0.98728782385521,"01_normal_2_vs_03_diabetic_2","genus","Not Significant","No Change"
"Staphylococcus",0.0558286625412145,0.573906821054368,0.982853924410457,"01_normal_2_vs_03_diabetic_2","genus","Not Significant","No Change"
"Bifidobacterium",-0.0728478381161069,0.571618902913751,1,"01_normal_2_vs_03_diabetic_2","genus","Not Significant","No Change"
"Phocaeicola",0.0736658955263256,0.70370515886215,1,"01_normal_2_vs_03_diabetic_2","genus","Not Significant","No Change"
"Bacteroides",-0.04544974785831,0.335184420786541,1,"01_normal_2_vs_03_diabetic_2","genus","Not Significant","No Change"
"Segatella",-0.0468041984886009,0.777981445641302,1,"01_normal_2_vs_03_diabetic_2","genus","Not Significant","No Change"
"Prevotella",0.076700644645163,0.602208355930815,1,"01_normal_2_vs_03_diabetic_2","genus","Not Significant","No Change"
"Parabacteroides",0.0403709700007981,0.675281178278785,1,"01_normal_2_vs_03_diabetic_2","genus","Not Significant","No Change"
"Alistipes",-0.171271583489637,0.0999833288339673,1,"01_normal_2_vs_03_diabetic_2","genus","Not Significant","No Change"
"Akkermansia",-0.0442732197783291,0.644914543677353,1,"01_normal_2_vs_03_diabetic_2","genus","Not Significant","No Change"
"Coraliomargarita",-0.114584704829956,0.426975215414353,0.978493933591322,"01_normal_2_vs_03_diabetic_2","genus","Not Significant","No Change"
"Turicimonas",-0.0474353046914186,0.710945472155246,1,"01_normal_2_vs_03_diabetic_2","genus","Not Significant","No Change"
"Klebsiella",0.265603636396939,0.0807384271902544,0.797703414300958,"01_normal_2_vs_03_diabetic_2","genus","Not Significant","No Change"
"Coprococcus",-0.00661150683752328,0.826915647683332,1,"01_normal_2_vs_03_diabetic_2","genus","Not Significant","No Change"
"Ligilactobacillus",0.0855521990162291,0.58007447447742,0.996454029232251,"01_normal_2_vs_03_diabetic_2","genus","Not Significant","No Change"
"Faecalibacillus",-0.103085599390374,0.502419243631895,0.995487541382303,"01_normal_2_vs_03_diabetic_2","genus","Not Significant","No Change"
"Haemophilus",0.0378805444314972,0.514793200164722,0.992753972436183,"01_normal_2_vs_03_diabetic_2","genus","Not Significant","No Change"
"Butyricimonas",0.10159729420851,0.53196378885966,0.999304459447006,"01_normal_2_vs_03_diabetic_2","genus","Not Significant","No Change"
"Barnesiella",0.00130966485524878,0.796520421569458,1,"01_normal_2_vs_03_diabetic_2","genus","Not Significant","No Change"
"Coprobacter",-0.0100597306801682,0.702422788726613,1,"01_normal_2_vs_03_diabetic_2","genus","Not Significant","No Change"
"Aureibaculum",0.145373421776393,0.357127893154072,0.972826898577895,"01_normal_2_vs_03_diabetic_2","genus","Not Significant","No Change"
"Spirosoma",-0.0300302180460798,0.715819871291011,0.99895599485157,"01_normal_2_vs_03_diabetic_2","genus","Not Significant","No Change"
"Petroclostridium",0.031204735984419,0.708944578012674,0.997010670244499,"01_normal_2_vs_03_diabetic_2","genus","Not Significant","No Change"
"Aristaeella",-0.0668648531323112,0.537261822967675,1,"01_normal_2_vs_03_diabetic_2","genus","Not Significant","No Change"
"Intestinimonas",-0.096664731398731,0.508175197248603,0.999268275754785,"01_normal_2_vs_03_diabetic_2","genus","Not Significant","No Change"
"Caldinitratiruptor",-0.0306330870592794,0.751180958856353,0.996259950366836,"01_normal_2_vs_03_diabetic_2","genus","Not Significant","No Change"
"Agathobacter",-0.0187613834933445,0.697703275961937,0.999066263586393,"01_normal_2_vs_03_diabetic_2","genus","Not Significant","No Change"
"Candidatus Epulonipiscium",0.0434235852098438,0.700483905272625,0.998658848139845,"01_normal_2_vs_03_diabetic_2","genus","Not Significant","No Change"
"Simiaoa",-0.0686163056387439,0.39593087087545,1,"01_normal_2_vs_03_diabetic_2","genus","Not Significant","No Change"
"Anaeropeptidivorans",0.0416271663203643,0.604324020274118,0.990498223403471,"01_normal_2_vs_03_diabetic_2","genus","Not Significant","No Change"
"Cellulosilyticum",-0.0216830631163947,0.69800336290862,0.995703061890235,"01_normal_2_vs_03_diabetic_2","genus","Not Significant","No Change"
"Monoglobus",0.0179433478928289,0.673102444672195,0.988856688959021,"01_normal_2_vs_03_diabetic_2","genus","Not Significant","No Change"
"Enterococcus",0.354125240373167,0.0590175994763754,0.718339834405301,"01_normal_2_vs_03_diabetic_2","genus","Not Significant","No Change"
"Dehalococcoides",0.105146886209439,0.531029468194609,0.99847349700335,"01_normal_2_vs_03_diabetic_2","genus","Not Significant","No Change"
"Sutterella",0.0249557430997738,0.835990315402975,1,"01_normal_2_vs_03_diabetic_2","genus","Not Significant","No Change"
"Dialister",-0.0717264601866535,0.469993358000384,1,"01_normal_2_vs_03_diabetic_2","genus","Not Significant","No Change"
"Veillonella",0.0105972347326313,0.682917131011044,0.997863849843042,"01_normal_2_vs_03_diabetic_2","genus","Not Significant","No Change"
"Allobaculum",0.115830820837984,0.435499884746017,0.993838811832826,"01_normal_2_vs_03_diabetic_2","genus","Not Significant","No Change"
"Flintibacter",-0.0578431581002901,0.619522294486401,0.995602226938057,"01_normal_2_vs_03_diabetic_2","genus","Not Significant","No Change"
"Anaeromicropila",-0.0389991162865647,0.604251617888129,1,"01_normal_2_vs_03_diabetic_2","genus","Not Significant","No Change"
"Terrisporobacter",0.000941831642852329,0.686388358448266,0.986670311709473,"01_normal_2_vs_03_diabetic_2","genus","Not Significant","No Change"
"Aminipila",-0.0756925427612834,0.622486494673815,0.982227909370317,"01_normal_2_vs_03_diabetic_2","genus","Not Significant","No Change"
"Turicibacter",-0.00431242424641317,0.773933154715386,1,"01_normal_2_vs_03_diabetic_2","genus","Not Significant","No Change"
"Odoribacter",0.0706731699509685,0.453580243819726,0.99634371486617,"01_normal_2_vs_03_diabetic_2","genus","Not Significant","No Change"
"Salmonella",0.0576051115217871,0.45319621180516,0.987999718030369,"01_normal_2_vs_03_diabetic_2","genus","Not Significant","No Change"
"Escherichia",0.0747810847803699,0.398460054631409,0.985032983845047,"01_normal_2_vs_03_diabetic_2","genus","Not Significant","No Change"
"Desulfovibrio",0.176029534444185,0.336983432387468,0.938623145974508,"01_normal_2_vs_03_diabetic_2","genus","Not Significant","No Change"
"Paraprevotella",-0.143012658726935,0.342445134884692,0.998215279363871,"01_normal_2_vs_03_diabetic_2","genus","Not Significant","No Change"
"Cupriavidus",-0.0445002781925738,0.57481272563978,1,"01_normal_2_vs_03_diabetic_2","genus","Not Significant","No Change"
"Duodenibacillus",0.246219569504573,0.133965428004483,0.896421019271631,"01_normal_2_vs_03_diabetic_2","genus","Not Significant","No Change"
"Megamonas",-0.104944024695638,0.448010243422061,1,"01_normal_2_vs_03_diabetic_2","genus","Not Significant","No Change"
"Bacillus",0.0829411356908827,0.569210704883942,1,"01_normal_2_vs_03_diabetic_2","genus","Not Significant","No Change"
"Hoylesella",0.0197510991001485,0.617487776449462,0.989434364895427,"01_normal_2_vs_03_diabetic_2","genus","Not Significant","No Change"
"Acetivibrio",-0.0168828519347041,0.679353731189279,0.998396476046062,"01_normal_2_vs_03_diabetic_2","genus","Not Significant","No Change"
"Anoxybacillus",-0.0140187138124393,0.758957929654152,0.999246940439547,"01_normal_2_vs_03_diabetic_2","genus","Not Significant","No Change"
"Catenibacterium",0.0993932071067735,0.415960612202426,0.988746958999993,"01_normal_2_vs_03_diabetic_2","genus","Not Significant","No Change"
"Lactobacillus",-0.0567248553224969,0.590187730212585,0.999246940439547,"01_normal_2_vs_03_diabetic_2","genus","Not Significant","No Change"
"Massilistercora",-0.00655206808620792,0.721380787212383,0.996951447978707,"01_normal_2_vs_03_diabetic_2","genus","Not Significant","No Change"
"Pseudomonas",-0.0309562512723359,0.770499885387371,0.999420806719004,"01_normal_2_vs_03_diabetic_2","genus","Not Significant","No Change"
"Caldilinea",0.213122443560454,0.242087121598952,0.90285068215659,"01_normal_2_vs_03_diabetic_2","genus","Not Significant","No Change"
"Dellaglioa",0.294850123254684,0.0736581021772963,0.751316394140991,"01_normal_2_vs_03_diabetic_2","genus","Not Significant","No Change"
"Vibrio",0.121680906575846,0.381423474393198,0.988288262600364,"01_normal_2_vs_03_diabetic_2","genus","Not Significant","No Change"
"Fusobacterium",0.069696936105128,0.34809941735044,0.985436365781047,"01_normal_2_vs_03_diabetic_2","genus","Not Significant","No Change"
"Caproicibacterium",-0.0209790848410345,0.785860728320497,0.995883602036905,"01_normal_2_vs_03_diabetic_2","genus","Not Significant","No Change"
