"baseMean","log2FoldChange","lfcSE","stat","pvalue","padj","taxon","comparison","level","significance","direction"
2995.65313258165,0.64953167114408,0.317732528927271,2.04427187023321,0.0409266965622305,0.0579794867964932,"Blautia","04_t2d_obesity_3_vs_03_diabetic_2","genus","Not Significant","No Change"
456.801587510784,1.85956207271422,0.515061940733584,3.61036591068195,0.000305765343191285,0.00061671314982649,"Anaerobutyricum","04_t2d_obesity_3_vs_03_diabetic_2","genus","Highly Significant (p < 0.01)","Enriched in 04_t2d_obesity_3"
16.2508350381226,2.17522368993378,0.452252753628692,4.80975222921401,1.51117497056321e-06,4.86026544586546e-06,"Sellimonas","04_t2d_obesity_3_vs_03_diabetic_2","genus","Highly Significant (p < 0.01)","Enriched in 04_t2d_obesity_3"
2666.71208427051,1.03905632308546,0.376688488690144,2.75839680341324,0.00580856419942964,0.00934079918556928,"Mediterraneibacter","04_t2d_obesity_3_vs_03_diabetic_2","genus","Highly Significant (p < 0.01)","Enriched in 04_t2d_obesity_3"
33.6253208859393,2.2851688627655,0.52302709364051,4.36912139074798,1.24747413020101e-05,3.37385048849818e-05,"Lachnoanaerobaculum","04_t2d_obesity_3_vs_03_diabetic_2","genus","Highly Significant (p < 0.01)","Enriched in 04_t2d_obesity_3"
1231.32265343221,1.06505881681777,0.461570250868152,2.30746850520487,0.0210287160454454,0.0329265422290526,"Enterocloster","04_t2d_obesity_3_vs_03_diabetic_2","genus","Significant (p < 0.05)","Enriched in 04_t2d_obesity_3"
127.538455077089,1.18568305940933,0.538465611831314,2.20196616711853,0.0276676984299698,0.0411557014145801,"Chakrabartyella","04_t2d_obesity_3_vs_03_diabetic_2","genus","Significant (p < 0.05)","Enriched in 04_t2d_obesity_3"
712.134467986084,-0.675328807007093,0.396907242713297,-1.70147766110409,0.0888533291015282,0.116192814978921,"Claveliimonas","04_t2d_obesity_3_vs_03_diabetic_2","genus","Not Significant","No Change"
463.065329948145,-2.20882029564094,0.34704136828303,-6.36471757407185,1.95649402414808e-10,1.16771163377401e-09,"Lachnoclostridium","04_t2d_obesity_3_vs_03_diabetic_2","genus","Highly Significant (p < 0.01)","Enriched in 03_diabetic_2"
207.01193372807,-1.26765399664318,0.42857539147414,-2.95783197509991,0.00309810948102673,0.00519260603158002,"Lacrimispora","04_t2d_obesity_3_vs_03_diabetic_2","genus","Highly Significant (p < 0.01)","Enriched in 03_diabetic_2"
1268.86537124859,-1.35731090867566,0.45359027454351,-2.99237215798256,0.00276818579770142,0.00477411753516621,"Lachnospira","04_t2d_obesity_3_vs_03_diabetic_2","genus","Highly Significant (p < 0.01)","Enriched in 03_diabetic_2"
6.90369864112363,-0.41376882193153,0.553999887149611,-0.746875281979597,0.455138847729671,0.496894705319549,"Eisenbergiella","04_t2d_obesity_3_vs_03_diabetic_2","genus","Not Significant","No Change"
859.566962205459,-0.222534437101701,0.415821703619392,-0.535167922127966,0.59253374571091,0.618522067891213,"Anaerostipes","04_t2d_obesity_3_vs_03_diabetic_2","genus","Not Significant","No Change"
4.46797384039654,0.570650512136033,0.468321238082138,1.21850231365324,0.223033146091339,0.276468170675722,"Wansuia","04_t2d_obesity_3_vs_03_diabetic_2","genus","Not Significant","No Change"
64.683990461888,-0.511089254076856,0.585415865616744,-0.873036219369313,0.382643336232958,0.437832278958866,"Tyzzerella","04_t2d_obesity_3_vs_03_diabetic_2","genus","Not Significant","No Change"
21.2564867077468,-2.62315604815122,0.571473318647369,-4.59016363941542,4.42898645387949e-06,1.28548631222356e-05,"Hungatella","04_t2d_obesity_3_vs_03_diabetic_2","genus","Highly Significant (p < 0.01)","Enriched in 03_diabetic_2"
978.454389824398,0.246958315096148,0.431491643166634,0.572336264229287,0.567094186121376,0.602537572753962,"Roseburia","04_t2d_obesity_3_vs_03_diabetic_2","genus","Not Significant","No Change"
1638.18099774842,3.47817712703836,0.480942817897116,7.23199723045334,4.7594190878042e-13,8.53794504140169e-12,"Dorea","04_t2d_obesity_3_vs_03_diabetic_2","genus","Highly Significant (p < 0.01)","Enriched in 04_t2d_obesity_3"
8.94028390694764,0.247334309008608,0.503250835650657,0.491473220682938,0.623091787991388,0.644764545834567,"Stomatobaculum","04_t2d_obesity_3_vs_03_diabetic_2","genus","Not Significant","No Change"
8.25655964226247,0.497265099365829,0.487971165686404,1.01904607143406,0.308181094735035,0.359544610524208,"Anaerotignum","04_t2d_obesity_3_vs_03_diabetic_2","genus","Not Significant","No Change"
7019.04347801336,-0.337913950081612,0.326251698843897,-1.03574617781008,0.300320572994166,0.353843051349562,"Faecalibacterium","04_t2d_obesity_3_vs_03_diabetic_2","genus","Not Significant","No Change"
1073.7663809108,3.01685910241366,0.469669590674018,6.42336477029351,1.33294561103605e-10,8.81225153962721e-10,"Solibaculum","04_t2d_obesity_3_vs_03_diabetic_2","genus","Highly Significant (p < 0.01)","Enriched in 04_t2d_obesity_3"
191.590872977318,1.04841221049218,0.486234348971013,2.15618705817651,0.0310690616930949,0.0450880285546133,"Flavonifractor","04_t2d_obesity_3_vs_03_diabetic_2","genus","Significant (p < 0.05)","Enriched in 04_t2d_obesity_3"
1865.99551112906,2.36289300505386,0.482734289112573,4.89481078586243,9.84003574947614e-07,3.34561215482189e-06,"Ruminococcus","04_t2d_obesity_3_vs_03_diabetic_2","genus","Highly Significant (p < 0.01)","Enriched in 04_t2d_obesity_3"
286.000685172093,2.1160501244428,0.511353601455003,4.13813478270574,3.50140672761855e-05,8.68057084555432e-05,"Paludihabitans","04_t2d_obesity_3_vs_03_diabetic_2","genus","Highly Significant (p < 0.01)","Enriched in 04_t2d_obesity_3"
158.829144163027,4.079069077899,0.497690105178446,8.19600196077127,2.4851428520025e-16,9.85773331294323e-15,"Lawsonibacter","04_t2d_obesity_3_vs_03_diabetic_2","genus","Highly Significant (p < 0.01)","Enriched in 04_t2d_obesity_3"
75.3204756186897,1.95372162368919,0.536321736752826,3.64281641001173,0.000269671180907849,0.000553290871173001,"Ruthenibacterium","04_t2d_obesity_3_vs_03_diabetic_2","genus","Highly Significant (p < 0.01)","Enriched in 04_t2d_obesity_3"
980.894112632189,0.610926259005502,0.51589785266369,1.18420004241375,0.236333885360744,0.289935385133283,"Vescimonas","04_t2d_obesity_3_vs_03_diabetic_2","genus","Not Significant","No Change"
29.6158715616719,2.86438723148781,0.553242311451302,5.17745510818535,2.24933044297117e-07,8.63452653914739e-07,"Pusillibacter","04_t2d_obesity_3_vs_03_diabetic_2","genus","Highly Significant (p < 0.01)","Enriched in 04_t2d_obesity_3"
34.325003987141,2.73772653062857,0.466478487285213,5.86892344502626,4.38633897293657e-09,2.26945364251936e-08,"Anaerotruncus","04_t2d_obesity_3_vs_03_diabetic_2","genus","Highly Significant (p < 0.01)","Enriched in 04_t2d_obesity_3"
199.323277551207,0.910831895860475,0.479396604477886,1.89995483354011,0.0574390471544692,0.0785660530043888,"Oscillibacter","04_t2d_obesity_3_vs_03_diabetic_2","genus","Not Significant","No Change"
1404.24909683438,0.393730921720336,0.455671298031805,0.864067856415337,0.387550615463486,0.439224030858618,"Subdoligranulum","04_t2d_obesity_3_vs_03_diabetic_2","genus","Not Significant","No Change"
379.188414448757,2.09729009997516,0.459965782164746,4.55966548229879,5.12351695874405e-06,1.45166313831082e-05,"Eubacterium","04_t2d_obesity_3_vs_03_diabetic_2","genus","Highly Significant (p < 0.01)","Enriched in 04_t2d_obesity_3"
439.124010506402,0.542799223674524,0.506619088396169,1.07141486790972,0.2839829305946,0.34135321960361,"Clostridium","04_t2d_obesity_3_vs_03_diabetic_2","genus","Not Significant","No Change"
4.79838132734845,0.114452575814794,0.469870013277052,0.24358348602959,0.807553419360535,0.814397092405964,"Desulforamulus","04_t2d_obesity_3_vs_03_diabetic_2","genus","Not Significant","No Change"
36.5442593221815,2.62644174395326,0.5474654887637,4.79745627415594,1.6069327344295e-06,5.03223672097658e-06,"Acutalibacter","04_t2d_obesity_3_vs_03_diabetic_2","genus","Highly Significant (p < 0.01)","Enriched in 04_t2d_obesity_3"
7.35593235095805,2.43699870977716,0.47238446484728,5.15893068279676,2.48364234022684e-07,9.23604495271855e-07,"Mogibacterium","04_t2d_obesity_3_vs_03_diabetic_2","genus","Highly Significant (p < 0.01)","Enriched in 04_t2d_obesity_3"
26.0218861375201,2.73390285311029,0.50150326634414,5.45141584628132,4.99703672006305e-08,2.20239766550927e-07,"Emergencia","04_t2d_obesity_3_vs_03_diabetic_2","genus","Highly Significant (p < 0.01)","Enriched in 04_t2d_obesity_3"
205.870514638212,-1.04773245396459,0.607681765688891,-1.72414660620405,0.0846813802462576,0.111967602770052,"Intestinibacter","04_t2d_obesity_3_vs_03_diabetic_2","genus","Not Significant","No Change"
80.5924807908265,-1.27154522553117,0.56549278219971,-2.2485613708189,0.0245404164194867,0.0374398660758836,"Christensenella","04_t2d_obesity_3_vs_03_diabetic_2","genus","Significant (p < 0.05)","Enriched in 03_diabetic_2"
2835.67253906217,3.98120314908914,0.625557914261765,6.36424391463011,1.96254056096472e-10,1.16771163377401e-09,"Phascolarctobacterium","04_t2d_obesity_3_vs_03_diabetic_2","genus","Highly Significant (p < 0.01)","Enriched in 04_t2d_obesity_3"
318.475783334234,3.68631810311497,0.76117704929524,4.84291809182643,1.27946040974143e-06,4.22932746553418e-06,"Acidaminococcus","04_t2d_obesity_3_vs_03_diabetic_2","genus","Highly Significant (p < 0.01)","Enriched in 04_t2d_obesity_3"
140.638037195727,1.85391240603298,0.758583093288886,2.44391474372995,0.0145288594424931,0.023052456982089,"Megasphaera","04_t2d_obesity_3_vs_03_diabetic_2","genus","Significant (p < 0.05)","Enriched in 04_t2d_obesity_3"
21.4269611035779,-0.751963677124515,0.580208219757374,-1.29602382647899,0.194967276287773,0.244222167139421,"Longicatena","04_t2d_obesity_3_vs_03_diabetic_2","genus","Not Significant","No Change"
7.22462089443225,-1.67554927206596,0.507330760018853,-3.30267628953484,0.0009576687048702,0.00178066524811803,"Holdemania","04_t2d_obesity_3_vs_03_diabetic_2","genus","Highly Significant (p < 0.01)","Enriched in 03_diabetic_2"
44.4626475765226,-2.74951347036053,0.598871311294672,-4.59115909963442,4.40791152746591e-06,1.28548631222356e-05,"Thomasclavelia","04_t2d_obesity_3_vs_03_diabetic_2","genus","Highly Significant (p < 0.01)","Enriched in 03_diabetic_2"
407.226242268871,1.13172585501482,0.561925219026335,2.014015062317,0.0440079521197648,0.0616111329676707,"Streptococcus","04_t2d_obesity_3_vs_03_diabetic_2","genus","Not Significant","No Change"
4.95659977043807,-1.58065596729093,0.522642607177235,-3.02435344073453,0.00249165162292766,0.00442547079296106,"Staphylococcus","04_t2d_obesity_3_vs_03_diabetic_2","genus","Highly Significant (p < 0.01)","Enriched in 03_diabetic_2"
1241.54042161487,4.46800479998534,0.619994385068961,7.20652461955501,5.73979498581626e-13,8.53794504140169e-12,"Bifidobacterium","04_t2d_obesity_3_vs_03_diabetic_2","genus","Highly Significant (p < 0.01)","Enriched in 04_t2d_obesity_3"
10.0283626748649,0.380798118218882,0.463555246658352,0.821472998016861,0.411376898418306,0.457512625343724,"Schaalia","04_t2d_obesity_3_vs_03_diabetic_2","genus","Not Significant","No Change"
28.4559974331337,2.521206548511,0.56759597303473,4.44190351638864,8.91665431755202e-06,2.46763224136905e-05,"Eggerthella","04_t2d_obesity_3_vs_03_diabetic_2","genus","Highly Significant (p < 0.01)","Enriched in 04_t2d_obesity_3"
19.1050723284319,3.73870076745767,0.518178867032245,7.21507766009495,5.39032048837164e-13,8.53794504140169e-12,"Gordonibacter","04_t2d_obesity_3_vs_03_diabetic_2","genus","Highly Significant (p < 0.01)","Enriched in 04_t2d_obesity_3"
11.1441221602519,3.29613178113645,0.472266457359116,6.97938998159686,2.96464484592871e-12,3.20720669695924e-11,"Adlercreutzia","04_t2d_obesity_3_vs_03_diabetic_2","genus","Highly Significant (p < 0.01)","Enriched in 04_t2d_obesity_3"
10361.3025921036,-1.26637517275497,0.419407311437859,-3.0194399053594,0.00253242527432282,0.00443174423006493,"Phocaeicola","04_t2d_obesity_3_vs_03_diabetic_2","genus","Highly Significant (p < 0.01)","Enriched in 03_diabetic_2"
9408.1758146354,-0.609273280086686,0.395580638980757,-1.54019994926072,0.123511622280169,0.159759598384132,"Bacteroides","04_t2d_obesity_3_vs_03_diabetic_2","genus","Not Significant","No Change"
9902.32301107703,0.507669294488204,0.861479646885215,0.589299232226489,0.555660559819603,0.601123696532116,"Segatella","04_t2d_obesity_3_vs_03_diabetic_2","genus","Not Significant","No Change"
1504.56465614199,-0.0203720445439855,0.744669472520545,-0.0273571635413367,0.978174863991294,0.978174863991294,"Prevotella","04_t2d_obesity_3_vs_03_diabetic_2","genus","Not Significant","No Change"
1921.84713238006,0.447940096024248,0.496904007939306,0.901462030628179,0.367342713065403,0.4244056587843,"Parabacteroides","04_t2d_obesity_3_vs_03_diabetic_2","genus","Not Significant","No Change"
2036.01891081419,2.27208895787819,0.46292334440233,4.90813216778176,9.19478846828296e-07,3.21817596389904e-06,"Alistipes","04_t2d_obesity_3_vs_03_diabetic_2","genus","Highly Significant (p < 0.01)","Enriched in 04_t2d_obesity_3"
4397.38408898853,10.8134896371121,0.701835228349594,15.4074477887647,1.45859677335012e-53,8.67865080143323e-52,"Akkermansia","04_t2d_obesity_3_vs_03_diabetic_2","genus","Highly Significant (p < 0.01)","Enriched in 04_t2d_obesity_3"
5.14735565686649,0.4164919052255,0.485874508862548,0.857200568518246,0.391334048345984,0.439327846728038,"Coraliomargarita","04_t2d_obesity_3_vs_03_diabetic_2","genus","Not Significant","No Change"
553.056388145305,2.91808127870989,0.717201334464913,4.06870586888548,4.7274980231047e-05,0.000110845313757151,"Turicimonas","04_t2d_obesity_3_vs_03_diabetic_2","genus","Highly Significant (p < 0.01)","Enriched in 04_t2d_obesity_3"
35.1548654316897,2.10752624500535,0.601778272714309,3.50216407033009,0.000461495335817906,0.00090029417971034,"Yersinia","04_t2d_obesity_3_vs_03_diabetic_2","genus","Highly Significant (p < 0.01)","Enriched in 04_t2d_obesity_3"
48.0348858907864,-3.98093992438934,0.674568918939072,-5.90145767559283,3.60303862122572e-09,1.94891634511755e-08,"Klebsiella","04_t2d_obesity_3_vs_03_diabetic_2","genus","Highly Significant (p < 0.01)","Enriched in 03_diabetic_2"
775.54812252367,2.11162454811655,0.519136117009932,4.06757395397352,4.75051344673505e-05,0.000110845313757151,"Coprococcus","04_t2d_obesity_3_vs_03_diabetic_2","genus","Highly Significant (p < 0.01)","Enriched in 04_t2d_obesity_3"
18.8091841335923,-3.96914098198819,0.572595655936842,-6.93183914483974,4.15404155865144e-12,4.11942454566268e-11,"Ligilactobacillus","04_t2d_obesity_3_vs_03_diabetic_2","genus","Highly Significant (p < 0.01)","Enriched in 03_diabetic_2"
640.737885130368,1.27782208798899,0.589366891251626,2.168126691466,0.0301490485339436,0.0442930466115961,"Faecalibacillus","04_t2d_obesity_3_vs_03_diabetic_2","genus","Significant (p < 0.05)","Enriched in 04_t2d_obesity_3"
31.1395656360107,-2.78929875310629,0.645761880552053,-4.31939208105898,1.56459595981828e-05,4.13748709374167e-05,"Haemophilus","04_t2d_obesity_3_vs_03_diabetic_2","genus","Highly Significant (p < 0.01)","Enriched in 03_diabetic_2"
69.4877805015736,2.25565802024133,0.555787161396066,4.05849248941881,4.9390521668472e-05,0.00011302830920285,"Butyricimonas","04_t2d_obesity_3_vs_03_diabetic_2","genus","Highly Significant (p < 0.01)","Enriched in 04_t2d_obesity_3"
165.467244442395,3.29294464814639,0.65338523291722,5.03982104622126,4.65967347383782e-07,1.68030649511121e-06,"Barnesiella","04_t2d_obesity_3_vs_03_diabetic_2","genus","Highly Significant (p < 0.01)","Enriched in 04_t2d_obesity_3"
25.7789274836779,0.635545888716081,0.597592595040718,1.0635103145359,0.287550590130097,0.342185202254816,"Coprobacter","04_t2d_obesity_3_vs_03_diabetic_2","genus","Not Significant","No Change"
58.0715378571428,1.71534695696675,0.563735050482591,3.0428247374335,0.00234368789695742,0.0042257402990596,"Aureibaculum","04_t2d_obesity_3_vs_03_diabetic_2","genus","Highly Significant (p < 0.01)","Enriched in 04_t2d_obesity_3"
6.51198512437938,2.26124165625496,0.406202179362299,5.56678858740962,2.5947688761891e-08,1.23510998506601e-07,"Spirosoma","04_t2d_obesity_3_vs_03_diabetic_2","genus","Highly Significant (p < 0.01)","Enriched in 04_t2d_obesity_3"
6.93798775374692,1.84157112444018,0.460494892144011,3.99911303221202,6.35803114754494e-05,0.00014275579369016,"Petroclostridium","04_t2d_obesity_3_vs_03_diabetic_2","genus","Highly Significant (p < 0.01)","Enriched in 04_t2d_obesity_3"
293.123135411026,2.22407862802647,0.594907040237299,3.73853136305014,0.000185098404183584,0.000393334108890116,"Aristaeella","04_t2d_obesity_3_vs_03_diabetic_2","genus","Highly Significant (p < 0.01)","Enriched in 04_t2d_obesity_3"
40.355275865416,3.45247120864886,0.51645949267641,6.68488285646057,2.3110943752e-11,1.96443021892e-10,"Intestinimonas","04_t2d_obesity_3_vs_03_diabetic_2","genus","Highly Significant (p < 0.01)","Enriched in 04_t2d_obesity_3"
9.21333340756902,1.0948848604111,0.546512695110162,2.00340242817305,0.0451341110545806,0.0624530141336639,"Caldinitratiruptor","04_t2d_obesity_3_vs_03_diabetic_2","genus","Not Significant","No Change"
18.7543557625213,3.96506002247534,0.566751943809384,6.99611190713253,2.63163366123642e-12,3.20720669695924e-11,"Agathobacter","04_t2d_obesity_3_vs_03_diabetic_2","genus","Highly Significant (p < 0.01)","Enriched in 04_t2d_obesity_3"
23.5618214883744,1.01193676758726,0.536767193189514,1.88524332415744,0.0593969940705376,0.0803209351635679,"Candidatus Epulonipiscium","04_t2d_obesity_3_vs_03_diabetic_2","genus","Not Significant","No Change"
854.917429152902,0.84504583763202,0.575835217955307,1.4675132942244,0.142236475496882,0.180065325363073,"Simiaoa","04_t2d_obesity_3_vs_03_diabetic_2","genus","Not Significant","No Change"
30.254849760062,1.92737083754957,0.582457342960448,3.30903346115158,0.000936186477038322,0.00176835223440572,"Anaeropeptidivorans","04_t2d_obesity_3_vs_03_diabetic_2","genus","Highly Significant (p < 0.01)","Enriched in 04_t2d_obesity_3"
5.30847482466437,2.20425627958794,0.399274050883056,5.52065999458989,3.37728719212492e-08,1.54575836870333e-07,"Cellulosilyticum","04_t2d_obesity_3_vs_03_diabetic_2","genus","Highly Significant (p < 0.01)","Enriched in 04_t2d_obesity_3"
17.4467346464749,1.87554697723018,0.542983760403566,3.45414930243254,0.000552031670124304,0.00105954465717407,"Monoglobus","04_t2d_obesity_3_vs_03_diabetic_2","genus","Highly Significant (p < 0.01)","Enriched in 04_t2d_obesity_3"
60.9199961848019,0.876532682653254,0.497383635451179,1.76228693543194,0.0780208300975233,0.104319986310172,"Enterococcus","04_t2d_obesity_3_vs_03_diabetic_2","genus","Not Significant","No Change"
312.99793292374,1.72001526091149,0.750798409345319,2.29091489739743,0.0219683361945444,0.0339510650279322,"Dehalococcoides","04_t2d_obesity_3_vs_03_diabetic_2","genus","Significant (p < 0.05)","Enriched in 04_t2d_obesity_3"
328.671668453409,-1.53228452201019,0.735447466560586,-2.08347243233581,0.037208181978661,0.0533466705477187,"Sutterella","04_t2d_obesity_3_vs_03_diabetic_2","genus","Not Significant","No Change"
688.777246122893,2.92276818296173,0.775614807290125,3.76832437376154,0.000164347053028174,0.00035558726018823,"Dialister","04_t2d_obesity_3_vs_03_diabetic_2","genus","Highly Significant (p < 0.01)","Enriched in 04_t2d_obesity_3"
50.6391383843365,-0.471755965729952,0.624123965542407,-0.755869012849016,0.449727734239631,0.495533336801075,"Veillonella","04_t2d_obesity_3_vs_03_diabetic_2","genus","Not Significant","No Change"
118.371265376822,-4.62107257819805,0.678242646554259,-6.81330288160872,9.53830246653298e-12,8.73121533474942e-11,"Allobaculum","04_t2d_obesity_3_vs_03_diabetic_2","genus","Highly Significant (p < 0.01)","Enriched in 03_diabetic_2"
7.57667198054909,0.789604394666625,0.529581342733849,1.49099738028999,0.135962182701934,0.173973115500324,"Flintibacter","04_t2d_obesity_3_vs_03_diabetic_2","genus","Not Significant","No Change"
163.706316201844,3.94543576978733,0.67571535793195,5.83890202209177,5.25459578486447e-09,2.60540374332863e-08,"Anaeromicropila","04_t2d_obesity_3_vs_03_diabetic_2","genus","Highly Significant (p < 0.01)","Enriched in 04_t2d_obesity_3"
51.7562345577553,0.684068158488023,0.584883389636186,1.16958041655711,0.242169862031625,0.294063403895544,"Terrisporobacter","04_t2d_obesity_3_vs_03_diabetic_2","genus","Not Significant","No Change"
25.7912129561299,2.31342676592791,0.567788640728256,4.07445059654711,4.61231027538237e-05,0.000110845313757151,"Romboutsia","04_t2d_obesity_3_vs_03_diabetic_2","genus","Highly Significant (p < 0.01)","Enriched in 04_t2d_obesity_3"
72.8843223452886,3.44452553186292,0.559885623909827,6.15219499262885,7.64178399268065e-10,4.33034426251903e-09,"Clostridioides","04_t2d_obesity_3_vs_03_diabetic_2","genus","Highly Significant (p < 0.01)","Enriched in 04_t2d_obesity_3"
7.92065113637623,2.90982891207717,0.446223274148375,6.52101555579018,6.98329412383284e-11,5.54008000490739e-10,"Aminipila","04_t2d_obesity_3_vs_03_diabetic_2","genus","Highly Significant (p < 0.01)","Enriched in 04_t2d_obesity_3"
62.3736059855466,-0.358337700907644,0.618732622615216,-0.5791479030038,0.562489379778863,0.602537572753962,"Turicibacter","04_t2d_obesity_3_vs_03_diabetic_2","genus","Not Significant","No Change"
244.637120590636,8.02094743448816,0.512069630557131,15.6637827276759,2.67502266369397e-55,3.18327696979583e-53,"Collinsella","04_t2d_obesity_3_vs_03_diabetic_2","genus","Highly Significant (p < 0.01)","Enriched in 04_t2d_obesity_3"
174.693144353814,0.282866243767008,0.524715541002275,0.539084935862004,0.589828249458075,0.618522067891213,"Odoribacter","04_t2d_obesity_3_vs_03_diabetic_2","genus","Not Significant","No Change"
246.716427231501,2.28321713856909,0.811361206543191,2.81405756173228,0.00489204676963373,0.00797470637789607,"Salmonella","04_t2d_obesity_3_vs_03_diabetic_2","genus","Highly Significant (p < 0.01)","Enriched in 04_t2d_obesity_3"
40.2403966067785,-1.87998172129326,0.648029898563565,-2.90107250523543,0.00371887819458443,0.00614647923827149,"Escherichia","04_t2d_obesity_3_vs_03_diabetic_2","genus","Highly Significant (p < 0.01)","Enriched in 03_diabetic_2"
28.4924956996908,2.23821693319063,0.561453101164758,3.98647176148347,6.70631052129765e-05,0.000147787213339707,"Desulfovibrio","04_t2d_obesity_3_vs_03_diabetic_2","genus","Highly Significant (p < 0.01)","Enriched in 04_t2d_obesity_3"
335.186472132345,3.57498836225403,0.66687877212618,5.36077696828773,8.28647728883664e-08,3.28696932457187e-07,"Paraprevotella","04_t2d_obesity_3_vs_03_diabetic_2","genus","Highly Significant (p < 0.01)","Enriched in 04_t2d_obesity_3"
185.840280590632,-0.367664832582511,0.776004592820853,-0.473792083170556,0.635648180653511,0.652087357739378,"Cupriavidus","04_t2d_obesity_3_vs_03_diabetic_2","genus","Not Significant","No Change"
34.4377067608108,-5.12614110374827,0.684368226542412,-7.49032597501892,6.87027649769665e-14,1.6351258064518e-12,"Duodenibacillus","04_t2d_obesity_3_vs_03_diabetic_2","genus","Highly Significant (p < 0.01)","Enriched in 03_diabetic_2"
652.960503735001,-2.3968178319629,0.809585674118829,-2.96054872088942,0.00307091545501983,0.00519260603158002,"Megamonas","04_t2d_obesity_3_vs_03_diabetic_2","genus","Highly Significant (p < 0.01)","Enriched in 03_diabetic_2"
107.169870627709,-2.15881698645291,0.655573395808831,-3.29302104120533,0.000991170566646967,0.00181460457586137,"Bacillus","04_t2d_obesity_3_vs_03_diabetic_2","genus","Highly Significant (p < 0.01)","Enriched in 03_diabetic_2"
98.531102223588,2.95318332140391,0.689220300442036,4.28481766934297,1.82889115262201e-05,4.73126189482651e-05,"Hoylesella","04_t2d_obesity_3_vs_03_diabetic_2","genus","Highly Significant (p < 0.01)","Enriched in 04_t2d_obesity_3"
11.4041736918256,3.3822886082143,0.48376317380477,6.99162067590385,2.71728750156118e-12,3.20720669695924e-11,"Acetivibrio","04_t2d_obesity_3_vs_03_diabetic_2","genus","Highly Significant (p < 0.01)","Enriched in 04_t2d_obesity_3"
5.38120981747114,1.69649918450905,0.454900821346012,3.72938254868228,0.000191949551175862,0.000400736782279432,"Anoxybacillus","04_t2d_obesity_3_vs_03_diabetic_2","genus","Highly Significant (p < 0.01)","Enriched in 04_t2d_obesity_3"
15.8795867683159,3.05461110327805,0.567154764467139,5.38585108448831,7.21026427234676e-08,3.06436231574737e-07,"Parolsenella","04_t2d_obesity_3_vs_03_diabetic_2","genus","Highly Significant (p < 0.01)","Enriched in 04_t2d_obesity_3"
122.266752177851,-5.74874966769473,0.7103199233788,-8.09318375915669,5.81250740211141e-16,1.72922095212815e-14,"Catenibacterium","04_t2d_obesity_3_vs_03_diabetic_2","genus","Highly Significant (p < 0.01)","Enriched in 03_diabetic_2"
8.32093816600306,0.140154525751349,0.525677303529326,0.266617038267338,0.78976403573074,0.803264275657761,"Lactobacillus","04_t2d_obesity_3_vs_03_diabetic_2","genus","Not Significant","No Change"
8.2864406288751,2.11653121020359,0.508259410404844,4.16427353212744,3.12345478607182e-05,7.90832169239462e-05,"Massilistercora","04_t2d_obesity_3_vs_03_diabetic_2","genus","Highly Significant (p < 0.01)","Enriched in 04_t2d_obesity_3"
6.98976266520323,-2.8243393829293,0.526438080243514,-5.36499825700841,8.09500009771434e-08,3.28696932457187e-07,"Pseudomonas","04_t2d_obesity_3_vs_03_diabetic_2","genus","Highly Significant (p < 0.01)","Enriched in 03_diabetic_2"
5.25909339979985,-2.84555824132325,0.440918029052832,-6.45371260375992,1.09142703776022e-10,7.63998926432151e-10,"Caldilinea","04_t2d_obesity_3_vs_03_diabetic_2","genus","Highly Significant (p < 0.01)","Enriched in 03_diabetic_2"
15.8287636600205,-2.12059837066545,0.58826181203026,-3.60485472165303,0.000312327592519697,0.000619449725164066,"Dellaglioa","04_t2d_obesity_3_vs_03_diabetic_2","genus","Highly Significant (p < 0.01)","Enriched in 03_diabetic_2"
7.85498937963287,-2.68804418432372,0.563395950417573,-4.77114573211153,1.83180940641894e-06,5.58936716317573e-06,"Vibrio","04_t2d_obesity_3_vs_03_diabetic_2","genus","Highly Significant (p < 0.01)","Enriched in 03_diabetic_2"
17.8468289807747,-4.2215073753263,0.652575442727871,-6.46899515200835,9.86567610640436e-11,7.33759660413824e-10,"Fusobacterium","04_t2d_obesity_3_vs_03_diabetic_2","genus","Highly Significant (p < 0.01)","Enriched in 03_diabetic_2"
9.01836946649089,1.18555998063625,0.532486267065108,2.22646113893353,0.0259833091969358,0.039139415119435,"Caproicibacterium","04_t2d_obesity_3_vs_03_diabetic_2","genus","Significant (p < 0.05)","Enriched in 04_t2d_obesity_3"
