"taxon","effect_size","p_value","p_value_bh","comparison","level","significance","direction"
"Blautia",-0.0542039603304862,0.178163894846409,0.596693053232202,"03_diabetic_2_vs_04_t2d_obesity_3","genus","Not Significant","No Change"
"Anaerobutyricum",0.41712345278011,0.0106311354466367,0.0631819751916258,"03_diabetic_2_vs_04_t2d_obesity_3","genus","Not Significant","No Change"
"Sellimonas",0.202631468509866,0.318041509238321,0.725551626700022,"03_diabetic_2_vs_04_t2d_obesity_3","genus","Not Significant","No Change"
"Mediterraneibacter",-0.0113296184191917,0.442385782750068,0.978150035403309,"03_diabetic_2_vs_04_t2d_obesity_3","genus","Not Significant","No Change"
"Lachnoanaerobaculum",0.0939186231652935,0.616279954204972,0.93071338573855,"03_diabetic_2_vs_04_t2d_obesity_3","genus","Not Significant","No Change"
"Enterocloster",0.0328920865299445,0.528508369357635,0.991755531896951,"03_diabetic_2_vs_04_t2d_obesity_3","genus","Not Significant","No Change"
"Chakrabartyella",0.21671526627906,0.0913867834542121,0.35484520608513,"03_diabetic_2_vs_04_t2d_obesity_3","genus","Not Significant","No Change"
"Claveliimonas",-0.370252787549466,0.174013741952027,0.545616972767337,"03_diabetic_2_vs_04_t2d_obesity_3","genus","Not Significant","No Change"
"Lachnoclostridium",-1.020693766744,0.000171840879569427,0.00177119616366831,"03_diabetic_2_vs_04_t2d_obesity_3","genus","Highly Significant (p < 0.01)","Enriched in 04_t2d_obesity_3"
"Lacrimispora",-0.599107376460775,0.000350390733753952,0.00503473044864928,"03_diabetic_2_vs_04_t2d_obesity_3","genus","Highly Significant (p < 0.01)","No Change"
"Lachnospira",-0.531544316148471,0.0034688746266209,0.0246410034070382,"03_diabetic_2_vs_04_t2d_obesity_3","genus","Significant (p < 0.05)","No Change"
"Eisenbergiella",-0.288311908426876,0.187405020449576,0.423224537699796,"03_diabetic_2_vs_04_t2d_obesity_3","genus","Not Significant","No Change"
"Anaerostipes",-0.285037917422763,0.0518231273732933,0.220191346797918,"03_diabetic_2_vs_04_t2d_obesity_3","genus","Not Significant","No Change"
"Wansuia",-0.222233970116306,0.324105987564866,0.596508088914829,"03_diabetic_2_vs_04_t2d_obesity_3","genus","Not Significant","No Change"
"Tyzzerella",-0.0453893997629164,0.748332048107676,0.991080040714413,"03_diabetic_2_vs_04_t2d_obesity_3","genus","Not Significant","No Change"
"Hungatella",-0.42745051386003,0.010996946437193,0.0566350528373974,"03_diabetic_2_vs_04_t2d_obesity_3","genus","Not Significant","No Change"
"Roseburia",-0.0340657071186054,0.824856528005589,1,"03_diabetic_2_vs_04_t2d_obesity_3","genus","Not Significant","No Change"
"Dorea",0.394530647639183,0.0167155262848962,0.0948693045479742,"03_diabetic_2_vs_04_t2d_obesity_3","genus","Not Significant","No Change"
"Stomatobaculum",-0.0594593478669658,0.59117011812445,0.913848047806209,"03_diabetic_2_vs_04_t2d_obesity_3","genus","Not Significant","No Change"
"Anaerotignum",-0.171188307401549,0.393907031713116,0.753944215840272,"03_diabetic_2_vs_04_t2d_obesity_3","genus","Not Significant","No Change"
"Faecalibacterium",-0.691902179422942,0.00117175510785818,0.0120373653495972,"03_diabetic_2_vs_04_t2d_obesity_3","genus","Significant (p < 0.05)","No Change"
"Solibaculum",0.77437126387839,2.33077613366205e-06,9.47516039922844e-05,"03_diabetic_2_vs_04_t2d_obesity_3","genus","Highly Significant (p < 0.01)","No Change"
"Flavonifractor",-0.0317545452151315,0.72858748948213,0.994938075641676,"03_diabetic_2_vs_04_t2d_obesity_3","genus","Not Significant","No Change"
"Ruminococcus",0.424839799062666,0.00432314529894948,0.0337246069361557,"03_diabetic_2_vs_04_t2d_obesity_3","genus","Significant (p < 0.05)","No Change"
"Paludihabitans",0.227718875957755,0.0180736493012408,0.100813283476132,"03_diabetic_2_vs_04_t2d_obesity_3","genus","Not Significant","No Change"
"Lawsonibacter",0.617315836445016,0.000588392124292733,0.00617809331534122,"03_diabetic_2_vs_04_t2d_obesity_3","genus","Highly Significant (p < 0.01)","No Change"
"Ruthenibacterium",0.478893884437052,0.0118403328762793,0.0707783745125546,"03_diabetic_2_vs_04_t2d_obesity_3","genus","Not Significant","No Change"
"Vescimonas",0.168059677399451,0.00176238062878804,0.0204604516400262,"03_diabetic_2_vs_04_t2d_obesity_3","genus","Significant (p < 0.05)","No Change"
"Pusillibacter",0.283421838640684,0.193245705074043,0.544575613666726,"03_diabetic_2_vs_04_t2d_obesity_3","genus","Not Significant","No Change"
"Anaerotruncus",0.606856271313822,0.00586597508716898,0.0381307242125457,"03_diabetic_2_vs_04_t2d_obesity_3","genus","Significant (p < 0.05)","No Change"
"Oscillibacter",-0.0191608071835238,0.432676251515051,0.915047690428213,"03_diabetic_2_vs_04_t2d_obesity_3","genus","Not Significant","No Change"
"Subdoligranulum",-0.110508330356586,0.855486268944238,1,"03_diabetic_2_vs_04_t2d_obesity_3","genus","Not Significant","No Change"
"Eubacterium",0.264471843880282,0.0341487794620188,0.155407994522577,"03_diabetic_2_vs_04_t2d_obesity_3","genus","Not Significant","No Change"
"Clostridium",0.0907155207923264,0.301635623818553,0.813631523883838,"03_diabetic_2_vs_04_t2d_obesity_3","genus","Not Significant","No Change"
"Desulforamulus",-0.233149490089076,0.213218231888366,0.504847655990848,"03_diabetic_2_vs_04_t2d_obesity_3","genus","Not Significant","No Change"
"Acutalibacter",0.308971089265894,0.153619975543326,0.447011779536843,"03_diabetic_2_vs_04_t2d_obesity_3","genus","Not Significant","No Change"
"Mogibacterium",0.0633323943286267,0.642334541411862,0.911767916829438,"03_diabetic_2_vs_04_t2d_obesity_3","genus","Not Significant","No Change"
"Emergencia",0.558596908460587,0.00998563469932126,0.0566185511403332,"03_diabetic_2_vs_04_t2d_obesity_3","genus","Not Significant","No Change"
"Intestinibacter",-0.190328834614769,0.303883912383731,0.653594028503668,"03_diabetic_2_vs_04_t2d_obesity_3","genus","Not Significant","No Change"
"Christensenella",-0.0498603891380057,0.798830584932118,0.987280590651503,"03_diabetic_2_vs_04_t2d_obesity_3","genus","Not Significant","No Change"
"Phascolarctobacterium",0.32822421432285,0.0586830195561908,0.259826779615545,"03_diabetic_2_vs_04_t2d_obesity_3","genus","Not Significant","No Change"
"Acidaminococcus",-0.119310000569975,0.805441124251784,0.990509293519281,"03_diabetic_2_vs_04_t2d_obesity_3","genus","Not Significant","No Change"
"Megasphaera",-0.173379555316717,0.541210404625505,0.908709617522136,"03_diabetic_2_vs_04_t2d_obesity_3","genus","Not Significant","No Change"
"Longicatena",-0.307898688968773,0.154269152990325,0.378757970439084,"03_diabetic_2_vs_04_t2d_obesity_3","genus","Not Significant","No Change"
"Holdemania",-0.401178784322822,0.0410883490839877,0.142262715979382,"03_diabetic_2_vs_04_t2d_obesity_3","genus","Not Significant","No Change"
"Thomasclavelia",-0.384941558411248,0.0253208217623071,0.0940914358413322,"03_diabetic_2_vs_04_t2d_obesity_3","genus","Not Significant","No Change"
"Streptococcus",0.381409242432385,0.027107264779071,0.137191649447304,"03_diabetic_2_vs_04_t2d_obesity_3","genus","Not Significant","No Change"
"Staphylococcus",-0.43929556585213,0.0203306193174919,0.0835139572933073,"03_diabetic_2_vs_04_t2d_obesity_3","genus","Not Significant","No Change"
"Bifidobacterium",0.531498041970375,0.00955797134588071,0.0601696759214986,"03_diabetic_2_vs_04_t2d_obesity_3","genus","Not Significant","No Change"
"Schaalia",-0.217187795218454,0.247421623004094,0.536063584646467,"03_diabetic_2_vs_04_t2d_obesity_3","genus","Not Significant","No Change"
"Eggerthella",-0.0326985082856472,0.757158509232385,0.948518825264301,"03_diabetic_2_vs_04_t2d_obesity_3","genus","Not Significant","No Change"
"Gordonibacter",0.00544897599126653,0.626537673349216,0.922651316553495,"03_diabetic_2_vs_04_t2d_obesity_3","genus","Not Significant","No Change"
"Adlercreutzia",0.127502681080463,0.397981658026976,0.751231614866383,"03_diabetic_2_vs_04_t2d_obesity_3","genus","Not Significant","No Change"
"Phocaeicola",-0.572387810465564,0.00657826171998901,0.0379110902180261,"03_diabetic_2_vs_04_t2d_obesity_3","genus","Significant (p < 0.05)","No Change"
"Bacteroides",-0.368901830684953,0.203421498067146,0.623675580857518,"03_diabetic_2_vs_04_t2d_obesity_3","genus","Not Significant","No Change"
"Segatella",-0.319943043897385,0.0395585604271006,0.183608639851549,"03_diabetic_2_vs_04_t2d_obesity_3","genus","Not Significant","No Change"
"Prevotella",-0.10463766205549,0.469177695346128,0.953160766599803,"03_diabetic_2_vs_04_t2d_obesity_3","genus","Not Significant","No Change"
"Parabacteroides",-0.268505062481047,0.393606341316423,0.884797294722816,"03_diabetic_2_vs_04_t2d_obesity_3","genus","Not Significant","No Change"
"Alistipes",0.493949678798281,3.61450402716074e-05,0.000924069196373238,"03_diabetic_2_vs_04_t2d_obesity_3","genus","Highly Significant (p < 0.01)","No Change"
"Akkermansia",1.10945799131186,1.62490509835707e-06,7.48818124279026e-05,"03_diabetic_2_vs_04_t2d_obesity_3","genus","Highly Significant (p < 0.01)","Enriched in 03_diabetic_2"
"Coraliomargarita",-0.163299541434176,0.482277553992701,0.793110681222718,"03_diabetic_2_vs_04_t2d_obesity_3","genus","Not Significant","No Change"
"Turicimonas",0.170022219771371,0.381873521701918,0.855798968266538,"03_diabetic_2_vs_04_t2d_obesity_3","genus","Not Significant","No Change"
"Yersinia",-0.167050232610855,0.460753262117116,0.766034798357282,"03_diabetic_2_vs_04_t2d_obesity_3","genus","Not Significant","No Change"
"Klebsiella",-0.553585587431689,0.00153680208953705,0.0117114553692136,"03_diabetic_2_vs_04_t2d_obesity_3","genus","Significant (p < 0.05)","No Change"
"Coprococcus",0.0755615521758941,0.675454420915247,0.998681848278242,"03_diabetic_2_vs_04_t2d_obesity_3","genus","Not Significant","No Change"
"Ligilactobacillus",-0.48420606996678,0.00791072270875146,0.0394818151294567,"03_diabetic_2_vs_04_t2d_obesity_3","genus","Significant (p < 0.05)","No Change"
"Faecalibacillus",0.18080883535711,0.429656971843448,0.829268825220134,"03_diabetic_2_vs_04_t2d_obesity_3","genus","Not Significant","No Change"
"Haemophilus",-0.254489124863636,0.0850846805854674,0.299511411943237,"03_diabetic_2_vs_04_t2d_obesity_3","genus","Not Significant","No Change"
"Butyricimonas",0.407335411349202,0.0337189925867969,0.161443739645832,"03_diabetic_2_vs_04_t2d_obesity_3","genus","Not Significant","No Change"
"Barnesiella",0.578895295335538,0.00447816827385443,0.0334277502228857,"03_diabetic_2_vs_04_t2d_obesity_3","genus","Significant (p < 0.05)","No Change"
"Coprobacter",-0.0190356460804403,0.789881630858018,0.972925233931922,"03_diabetic_2_vs_04_t2d_obesity_3","genus","Not Significant","No Change"
"Aureibaculum",0.041683469135603,0.734509362424546,0.98296803895231,"03_diabetic_2_vs_04_t2d_obesity_3","genus","Not Significant","No Change"
"Spirosoma",0.301405348715909,0.204700520546606,0.521042479555797,"03_diabetic_2_vs_04_t2d_obesity_3","genus","Not Significant","No Change"
"Petroclostridium",0.0961290186385029,0.590538696298783,0.883065801920877,"03_diabetic_2_vs_04_t2d_obesity_3","genus","Not Significant","No Change"
"Aristaeella",0.434828373700481,0.0084381106366013,0.0524188965578245,"03_diabetic_2_vs_04_t2d_obesity_3","genus","Not Significant","No Change"
"Intestinimonas",0.461289218478988,0.0278051529870409,0.134495893853265,"03_diabetic_2_vs_04_t2d_obesity_3","genus","Not Significant","No Change"
"Caldinitratiruptor",0.114908653823049,0.586033245345298,0.87381098447519,"03_diabetic_2_vs_04_t2d_obesity_3","genus","Not Significant","No Change"
"Agathobacter",-0.138899903152514,0.6375276077192,0.916215249067084,"03_diabetic_2_vs_04_t2d_obesity_3","genus","Not Significant","No Change"
"Candidatus Epulonipiscium",0.376575197434991,0.0880051233301751,0.304061870602264,"03_diabetic_2_vs_04_t2d_obesity_3","genus","Not Significant","No Change"
"Simiaoa",-0.0885694271222504,0.805124967135942,1,"03_diabetic_2_vs_04_t2d_obesity_3","genus","Not Significant","No Change"
"Anaeropeptidivorans",0.353443958653965,0.133481905717699,0.44263133768558,"03_diabetic_2_vs_04_t2d_obesity_3","genus","Not Significant","No Change"
"Cellulosilyticum",0.362809681623561,0.135640611474648,0.3980834790735,"03_diabetic_2_vs_04_t2d_obesity_3","genus","Not Significant","No Change"
"Monoglobus",-0.0946779851189066,0.75272615556714,0.962267801680736,"03_diabetic_2_vs_04_t2d_obesity_3","genus","Not Significant","No Change"
"Enterococcus",0.292754466270275,0.0462376163989235,0.20823653260008,"03_diabetic_2_vs_04_t2d_obesity_3","genus","Not Significant","No Change"
"Dehalococcoides",0.14440910079257,0.318935710241003,0.791954635220576,"03_diabetic_2_vs_04_t2d_obesity_3","genus","Not Significant","No Change"
"Sutterella",-0.513656387170287,0.00474309411306124,0.0301018868016878,"03_diabetic_2_vs_04_t2d_obesity_3","genus","Significant (p < 0.05)","No Change"
"Dialister",-0.148510162490623,0.393814154197708,0.846625949046879,"03_diabetic_2_vs_04_t2d_obesity_3","genus","Not Significant","No Change"
"Veillonella",0.204275494556529,0.45976763261503,0.905833093028264,"03_diabetic_2_vs_04_t2d_obesity_3","genus","Not Significant","No Change"
"Allobaculum",-0.589222329816625,0.0021862791331493,0.0127121342041769,"03_diabetic_2_vs_04_t2d_obesity_3","genus","Significant (p < 0.05)","No Change"
"Flintibacter",-0.0667679115684607,0.681269477446498,0.920084564804416,"03_diabetic_2_vs_04_t2d_obesity_3","genus","Not Significant","No Change"
"Anaeromicropila",-0.00575600631303518,0.794113732798057,0.988285751094824,"03_diabetic_2_vs_04_t2d_obesity_3","genus","Not Significant","No Change"
"Terrisporobacter",-0.194058810612395,0.403083376559903,0.738059715513862,"03_diabetic_2_vs_04_t2d_obesity_3","genus","Not Significant","No Change"
"Romboutsia",-0.184045880599308,0.432271951026207,0.747762243644955,"03_diabetic_2_vs_04_t2d_obesity_3","genus","Not Significant","No Change"
"Clostridioides",-0.231774523732368,0.369366454915052,0.695254890025638,"03_diabetic_2_vs_04_t2d_obesity_3","genus","Not Significant","No Change"
"Aminipila",0.253291139417372,0.260550007946634,0.590197664083492,"03_diabetic_2_vs_04_t2d_obesity_3","genus","Not Significant","No Change"
"Turicibacter",-0.197980939764042,0.402189257346216,0.773596968501507,"03_diabetic_2_vs_04_t2d_obesity_3","genus","Not Significant","No Change"
"Collinsella",0.985826996489055,2.44886222160014e-05,0.00052376641794007,"03_diabetic_2_vs_04_t2d_obesity_3","genus","Highly Significant (p < 0.01)","No Change"
"Odoribacter",-0.0490417084833451,0.585410601439516,0.982247474331401,"03_diabetic_2_vs_04_t2d_obesity_3","genus","Not Significant","No Change"
"Salmonella",-0.0620874648709557,0.787126284311234,0.992413643175602,"03_diabetic_2_vs_04_t2d_obesity_3","genus","Not Significant","No Change"
"Escherichia",-0.20749105297197,0.197466384755313,0.513877344673601,"03_diabetic_2_vs_04_t2d_obesity_3","genus","Not Significant","No Change"
"Desulfovibrio",0.102774393203176,0.510195160739211,0.857447337551345,"03_diabetic_2_vs_04_t2d_obesity_3","genus","Not Significant","No Change"
"Paraprevotella",0.59815503242254,0.0020738510233718,0.0175936097513777,"03_diabetic_2_vs_04_t2d_obesity_3","genus","Significant (p < 0.05)","No Change"
"Cupriavidus",-0.275297581680707,0.0934754986101342,0.328741926311484,"03_diabetic_2_vs_04_t2d_obesity_3","genus","Not Significant","No Change"
"Duodenibacillus",-0.647768681573048,0.000732579237600905,0.00574847924380802,"03_diabetic_2_vs_04_t2d_obesity_3","genus","Highly Significant (p < 0.01)","No Change"
"Megamonas",-0.409534791720678,0.00822249648810699,0.0475586283393981,"03_diabetic_2_vs_04_t2d_obesity_3","genus","Significant (p < 0.05)","No Change"
"Bacillus",-0.255675551377369,0.111318889933196,0.370515173051957,"03_diabetic_2_vs_04_t2d_obesity_3","genus","Not Significant","No Change"
"Hoylesella",-0.00887191309443757,0.480614848119444,0.900806772194731,"03_diabetic_2_vs_04_t2d_obesity_3","genus","Not Significant","No Change"
"Acetivibrio",0.242337738140676,0.252028704791958,0.619429207534186,"03_diabetic_2_vs_04_t2d_obesity_3","genus","Not Significant","No Change"
"Anoxybacillus",0.0926321799878634,0.576067888645203,0.859950285450653,"03_diabetic_2_vs_04_t2d_obesity_3","genus","Not Significant","No Change"
"Parolsenella",-0.023497940238502,0.773730369053545,0.949863880205431,"03_diabetic_2_vs_04_t2d_obesity_3","genus","Not Significant","No Change"
"Catenibacterium",-0.513936239110575,0.00316151758078556,0.0207205260689856,"03_diabetic_2_vs_04_t2d_obesity_3","genus","Significant (p < 0.05)","No Change"
"Lactobacillus",-0.255487158462284,0.262565967754652,0.531715925219108,"03_diabetic_2_vs_04_t2d_obesity_3","genus","Not Significant","No Change"
"Massilistercora",-0.181858718756976,0.388317394104551,0.704141901502939,"03_diabetic_2_vs_04_t2d_obesity_3","genus","Not Significant","No Change"
"Pseudomonas",-0.39042432666209,0.0394717357606349,0.146367113088852,"03_diabetic_2_vs_04_t2d_obesity_3","genus","Not Significant","No Change"
"Caldilinea",-0.600504798447498,0.00355684037790361,0.0207857497901116,"03_diabetic_2_vs_04_t2d_obesity_3","genus","Significant (p < 0.05)","No Change"
"Dellaglioa",-0.532138623115565,0.00454578649843837,0.0271264981762519,"03_diabetic_2_vs_04_t2d_obesity_3","genus","Significant (p < 0.05)","No Change"
"Vibrio",-0.507071511315504,0.00760552827815764,0.0396518978431019,"03_diabetic_2_vs_04_t2d_obesity_3","genus","Significant (p < 0.05)","No Change"
"Fusobacterium",-0.335223615961943,0.0111562140770319,0.0575485996193189,"03_diabetic_2_vs_04_t2d_obesity_3","genus","Not Significant","No Change"
"Caproicibacterium",0.0388808165497152,0.746314031395906,0.960001251182679,"03_diabetic_2_vs_04_t2d_obesity_3","genus","Not Significant","No Change"
