"taxon","effect_size","p_value","p_value_bh","comparison","level","significance","direction"
"Blautia",1.18272135803235,1.14992248895695e-07,1.87997020124584e-06,"01_normal_2_vs_02_obesity_1","genus","Highly Significant (p < 0.01)","Enriched in 01_normal_2"
"Anaerobutyricum",0.972505286881002,1.19571136510895e-07,2.5130884861878e-06,"01_normal_2_vs_02_obesity_1","genus","Highly Significant (p < 0.01)","No Change"
"Sellimonas",0.729822513413935,8.6701464141536e-05,0.000746100886315965,"01_normal_2_vs_02_obesity_1","genus","Highly Significant (p < 0.01)","No Change"
"Mediterraneibacter",0.735411474787132,1.54041601711351e-05,0.00016846351959254,"01_normal_2_vs_02_obesity_1","genus","Highly Significant (p < 0.01)","No Change"
"Lachnoanaerobaculum",0.411475005106317,0.0235834947413764,0.117218911258288,"01_normal_2_vs_02_obesity_1","genus","Not Significant","No Change"
"Enterocloster",-0.0723449428126939,0.938605177298858,1,"01_normal_2_vs_02_obesity_1","genus","Not Significant","No Change"
"Chakrabartyella",-0.10907772897049,0.5460164549668,0.94845754097893,"01_normal_2_vs_02_obesity_1","genus","Not Significant","No Change"
"Claveliimonas",-0.376588630216067,0.034240523503083,0.147699938613191,"01_normal_2_vs_02_obesity_1","genus","Not Significant","No Change"
"Lachnoclostridium",-0.80367653013005,2.66387066526902e-07,2.18237449645407e-05,"01_normal_2_vs_02_obesity_1","genus","Highly Significant (p < 0.01)","No Change"
"Lacrimispora",-0.689275309862839,0.00429905205732493,0.0260978180151788,"01_normal_2_vs_02_obesity_1","genus","Significant (p < 0.05)","No Change"
"Lachnospira",-0.344026904683984,0.0552173282460095,0.216934751575846,"01_normal_2_vs_02_obesity_1","genus","Not Significant","No Change"
"Eisenbergiella",-0.246732635200231,0.211289989560685,0.510134629565439,"01_normal_2_vs_02_obesity_1","genus","Not Significant","No Change"
"Anaerostipes",0.372500201195338,0.00185262435337015,0.0135448412351547,"01_normal_2_vs_02_obesity_1","genus","Significant (p < 0.05)","No Change"
"Wansuia",-0.17093477184327,0.281193494156811,0.596635829779299,"01_normal_2_vs_02_obesity_1","genus","Not Significant","No Change"
"Tyzzerella",-0.0138223427158262,0.718860769439874,0.982500087201481,"01_normal_2_vs_02_obesity_1","genus","Not Significant","No Change"
"Hungatella",0.00288644818214681,0.668152986212661,0.945812047309762,"01_normal_2_vs_02_obesity_1","genus","Not Significant","No Change"
"Roseburia",-0.0558319072111222,0.730838033835619,1,"01_normal_2_vs_02_obesity_1","genus","Not Significant","No Change"
"Dorea",0.659879867381574,4.3844983787289e-05,0.000462152588070862,"01_normal_2_vs_02_obesity_1","genus","Highly Significant (p < 0.01)","No Change"
"Stomatobaculum",-0.210985337932417,0.148707862221672,0.387179713847644,"01_normal_2_vs_02_obesity_1","genus","Not Significant","No Change"
"Anaerotignum",0.132496867986775,0.679726988812354,0.955542571994189,"01_normal_2_vs_02_obesity_1","genus","Not Significant","No Change"
"Faecalibacterium",-0.755502013168774,0.00560591440918869,0.0288377152099612,"01_normal_2_vs_02_obesity_1","genus","Significant (p < 0.05)","No Change"
"Solibaculum",0.156047776942113,0.148391970831896,0.528275566844071,"01_normal_2_vs_02_obesity_1","genus","Not Significant","No Change"
"Flavonifractor",0.0867344053191484,0.0691007474287563,0.30027379581275,"01_normal_2_vs_02_obesity_1","genus","Not Significant","No Change"
"Ruminococcus",0.287629270810344,0.0697344202940373,0.298271596129854,"01_normal_2_vs_02_obesity_1","genus","Not Significant","No Change"
"Paludihabitans",0.0797545388456151,0.15318865957697,0.543078027036196,"01_normal_2_vs_02_obesity_1","genus","Not Significant","No Change"
"Lawsonibacter",0.0415800684984908,0.295452632495061,0.797675599443433,"01_normal_2_vs_02_obesity_1","genus","Not Significant","No Change"
"Ruthenibacterium",0.289710038607686,0.0694238819257467,0.276570984435741,"01_normal_2_vs_02_obesity_1","genus","Not Significant","No Change"
"Vescimonas",-0.477182646318469,0.00214056840668291,0.0169092312137874,"01_normal_2_vs_02_obesity_1","genus","Significant (p < 0.05)","No Change"
"Pusillibacter",0.0817472338049209,0.778060788800417,0.984581882558532,"01_normal_2_vs_02_obesity_1","genus","Not Significant","No Change"
"Anaerotruncus",0.512249148249981,0.00446126243806968,0.0243686008195426,"01_normal_2_vs_02_obesity_1","genus","Significant (p < 0.05)","No Change"
"Oscillibacter",-0.568013846623966,0.000259976110207493,0.0032572535305159,"01_normal_2_vs_02_obesity_1","genus","Highly Significant (p < 0.01)","No Change"
"Subdoligranulum",-0.228412280215826,0.266703163032213,0.703499348184457,"01_normal_2_vs_02_obesity_1","genus","Not Significant","No Change"
"Eubacterium",0.0186713074290993,0.567318633879984,0.985716589162821,"01_normal_2_vs_02_obesity_1","genus","Not Significant","No Change"
"Clostridium",0.28466544805138,0.00476920787989304,0.0306121305661169,"01_normal_2_vs_02_obesity_1","genus","Significant (p < 0.05)","No Change"
"Desulforamulus",0.0411972403671155,0.736249945730527,0.945583950939543,"01_normal_2_vs_02_obesity_1","genus","Not Significant","No Change"
"Acutalibacter",0.43474587608522,0.0252244571512067,0.118455513034559,"01_normal_2_vs_02_obesity_1","genus","Not Significant","No Change"
"Mogibacterium",0.219277297647137,0.365574906881338,0.728773403465695,"01_normal_2_vs_02_obesity_1","genus","Not Significant","No Change"
"Emergencia",0.295164947782562,0.139995799909011,0.417511203776071,"01_normal_2_vs_02_obesity_1","genus","Not Significant","No Change"
"Intestinibacter",0.748119832291542,0.000118155954825122,0.00105658037212422,"01_normal_2_vs_02_obesity_1","genus","Highly Significant (p < 0.01)","No Change"
"Christensenella",-0.108712918011313,0.500219465200741,0.886198789556252,"01_normal_2_vs_02_obesity_1","genus","Not Significant","No Change"
"Phascolarctobacterium",-0.00966093656824561,0.823732611693342,0.998481488570455,"01_normal_2_vs_02_obesity_1","genus","Not Significant","No Change"
"Acidaminococcus",-0.151326863255893,0.857262516582345,0.996733001843344,"01_normal_2_vs_02_obesity_1","genus","Not Significant","No Change"
"Megasphaera",-0.127423975925334,0.528092225504864,0.907247695495033,"01_normal_2_vs_02_obesity_1","genus","Not Significant","No Change"
"Longicatena",-0.0210214526228452,0.765480451679121,0.9666782188563,"01_normal_2_vs_02_obesity_1","genus","Not Significant","No Change"
"Holdemania",0.278531612058319,0.230323480109383,0.585703337745601,"01_normal_2_vs_02_obesity_1","genus","Not Significant","No Change"
"Thomasclavelia",0.595416073660705,0.00115275328855233,0.00806138607334278,"01_normal_2_vs_02_obesity_1","genus","Highly Significant (p < 0.01)","No Change"
"Streptococcus",1.4436054290367,5.25725738341164e-12,5.92928092179006e-10,"01_normal_2_vs_02_obesity_1","genus","Highly Significant (p < 0.01)","Enriched in 01_normal_2"
"Staphylococcus",-0.146201587826596,0.425014050817953,0.750749917993964,"01_normal_2_vs_02_obesity_1","genus","Not Significant","No Change"
"Bifidobacterium",0.895294462989976,5.83245286001907e-06,6.21161907542545e-05,"01_normal_2_vs_02_obesity_1","genus","Highly Significant (p < 0.01)","No Change"
"Schaalia",0.710250522321712,0.000346501578166165,0.00259600355337927,"01_normal_2_vs_02_obesity_1","genus","Highly Significant (p < 0.01)","No Change"
"Eggerthella",0.22418619393936,0.27950062436208,0.672083394442421,"01_normal_2_vs_02_obesity_1","genus","Not Significant","No Change"
"Gordonibacter",0.474938792539967,0.0322149951167159,0.140160199045548,"01_normal_2_vs_02_obesity_1","genus","Not Significant","No Change"
"Adlercreutzia",0.389229981577513,0.0842502908510609,0.301015119560267,"01_normal_2_vs_02_obesity_1","genus","Not Significant","No Change"
"Phocaeicola",-0.459407075069618,0.0019929829573715,0.0170234610693391,"01_normal_2_vs_02_obesity_1","genus","Significant (p < 0.05)","No Change"
"Bacteroides",-0.462752192691803,0.00078339779447158,0.0094748040842415,"01_normal_2_vs_02_obesity_1","genus","Highly Significant (p < 0.01)","No Change"
"Segatella",-0.513355605127604,0.00125705507700285,0.0118697555489567,"01_normal_2_vs_02_obesity_1","genus","Significant (p < 0.05)","No Change"
"Prevotella",-0.487589576301801,0.00318679515854248,0.022437340696551,"01_normal_2_vs_02_obesity_1","genus","Significant (p < 0.05)","No Change"
"Parabacteroides",-0.56089671911493,0.00614472003194274,0.0362757444923573,"01_normal_2_vs_02_obesity_1","genus","Significant (p < 0.05)","No Change"
"Alistipes",-0.394975651434621,0.0266880652421576,0.119816480115651,"01_normal_2_vs_02_obesity_1","genus","Not Significant","No Change"
"Akkermansia",0.151328681387328,0.297614208011722,0.737033195315226,"01_normal_2_vs_02_obesity_1","genus","Not Significant","No Change"
"Coraliomargarita",-0.0257171218807593,0.533160075089363,0.869876018393627,"01_normal_2_vs_02_obesity_1","genus","Not Significant","No Change"
"Turicimonas",0.210022324960019,0.337311010222071,0.828501681715633,"01_normal_2_vs_02_obesity_1","genus","Not Significant","No Change"
"Yersinia",-0.158341322323255,0.821323463880817,0.972581992967586,"01_normal_2_vs_02_obesity_1","genus","Not Significant","No Change"
"Klebsiella",-0.297788752273449,0.182831460482523,0.508132169335087,"01_normal_2_vs_02_obesity_1","genus","Not Significant","No Change"
"Coprococcus",0.14933411858225,0.202643765438298,0.673489029436099,"01_normal_2_vs_02_obesity_1","genus","Not Significant","No Change"
"Ligilactobacillus",-0.574307298348166,0.00227245170360197,0.0157271820770087,"01_normal_2_vs_02_obesity_1","genus","Significant (p < 0.05)","No Change"
"Faecalibacillus",0.59483992239756,0.00142518872786457,0.0094473392084768,"01_normal_2_vs_02_obesity_1","genus","Highly Significant (p < 0.01)","No Change"
"Haemophilus",-0.227012937467223,0.264368075405351,0.661575983845489,"01_normal_2_vs_02_obesity_1","genus","Not Significant","No Change"
"Butyricimonas",-0.0661837406485097,0.578316154262997,0.923412743506165,"01_normal_2_vs_02_obesity_1","genus","Not Significant","No Change"
"Barnesiella",-0.23250264089454,0.195584660912182,0.536280390543844,"01_normal_2_vs_02_obesity_1","genus","Not Significant","No Change"
"Coprobacter",-0.386785610038003,0.0185488406598908,0.0809093535041583,"01_normal_2_vs_02_obesity_1","genus","Not Significant","No Change"
"Aureibaculum",0.27117843615474,0.166970900594928,0.513715098377489,"01_normal_2_vs_02_obesity_1","genus","Not Significant","No Change"
"Spirosoma",0.178355611901577,0.44923363112009,0.834385019065328,"01_normal_2_vs_02_obesity_1","genus","Not Significant","No Change"
"Petroclostridium",-0.376442519992326,0.0400300535936798,0.145579715456014,"01_normal_2_vs_02_obesity_1","genus","Not Significant","No Change"
"Aristaeella",-0.118972938811097,0.282487743434165,0.700622017305266,"01_normal_2_vs_02_obesity_1","genus","Not Significant","No Change"
"Intestinimonas",0.0703560784123834,0.768113527899611,0.978370535206826,"01_normal_2_vs_02_obesity_1","genus","Not Significant","No Change"
"Caldinitratiruptor",-0.447149444632581,0.0324894424877698,0.117059897098319,"01_normal_2_vs_02_obesity_1","genus","Not Significant","No Change"
"Agathobacter",0.274687048525619,0.331056679849585,0.721593419657081,"01_normal_2_vs_02_obesity_1","genus","Not Significant","No Change"
"Candidatus Epulonipiscium",-0.26451077476525,0.123289884154586,0.365941061043154,"01_normal_2_vs_02_obesity_1","genus","Not Significant","No Change"
"Simiaoa",-0.43791704446859,0.00609111172627129,0.0366709569942362,"01_normal_2_vs_02_obesity_1","genus","Significant (p < 0.05)","No Change"
"Anaeropeptidivorans",-0.0278987351579523,0.648921456764761,0.916209206824119,"01_normal_2_vs_02_obesity_1","genus","Not Significant","No Change"
"Cellulosilyticum",0.0172847227080986,0.665796873937916,0.921017507527679,"01_normal_2_vs_02_obesity_1","genus","Not Significant","No Change"
"Monoglobus",0.159187204788667,0.501823440315623,0.880385653180167,"01_normal_2_vs_02_obesity_1","genus","Not Significant","No Change"
"Enterococcus",0.87547110816531,4.40716559538412e-06,4.45239661444074e-05,"01_normal_2_vs_02_obesity_1","genus","Highly Significant (p < 0.01)","No Change"
"Dehalococcoides",-0.23179933843548,0.251092752130007,0.64533079777701,"01_normal_2_vs_02_obesity_1","genus","Not Significant","No Change"
"Sutterella",-0.40435060219314,0.00647133015160767,0.0382497741805301,"01_normal_2_vs_02_obesity_1","genus","Significant (p < 0.05)","No Change"
"Dialister",-0.101778695200663,0.333379597532881,0.800647810442194,"01_normal_2_vs_02_obesity_1","genus","Not Significant","No Change"
"Veillonella",-0.010570185635387,0.728832426914548,0.964629528876793,"01_normal_2_vs_02_obesity_1","genus","Not Significant","No Change"
"Allobaculum",-0.103602460938772,0.762737274441154,0.986191297912703,"01_normal_2_vs_02_obesity_1","genus","Not Significant","No Change"
"Flintibacter",-0.207886795531194,0.356378725774662,0.71841492304299,"01_normal_2_vs_02_obesity_1","genus","Not Significant","No Change"
"Anaeromicropila",-0.22747184265216,0.130267633010613,0.405195667234988,"01_normal_2_vs_02_obesity_1","genus","Not Significant","No Change"
"Terrisporobacter",0.198618225550893,0.215864796974824,0.545622741896635,"01_normal_2_vs_02_obesity_1","genus","Not Significant","No Change"
"Romboutsia",0.182223080354077,0.277918879561673,0.680566261086425,"01_normal_2_vs_02_obesity_1","genus","Not Significant","No Change"
"Clostridioides",0.919203819348769,6.67817186636177e-05,0.000427394843080774,"01_normal_2_vs_02_obesity_1","genus","Highly Significant (p < 0.01)","No Change"
"Aminipila",0.327462696513415,0.137703834266636,0.424091031925968,"01_normal_2_vs_02_obesity_1","genus","Not Significant","No Change"
"Turicibacter",0.517362292382769,0.00850702163800673,0.0464951251920886,"01_normal_2_vs_02_obesity_1","genus","Significant (p < 0.05)","No Change"
"Collinsella",1.090363574421,5.29737519005573e-07,7.21952497126389e-06,"01_normal_2_vs_02_obesity_1","genus","Highly Significant (p < 0.01)","Enriched in 01_normal_2"
"Odoribacter",-0.0714636413370333,0.6897719581736,0.976355128930139,"01_normal_2_vs_02_obesity_1","genus","Not Significant","No Change"
"Salmonella",-0.179680922028333,0.841088627353818,0.994214919188833,"01_normal_2_vs_02_obesity_1","genus","Not Significant","No Change"
"Escherichia",-0.00589540823366876,0.716107819093329,0.969262864294153,"01_normal_2_vs_02_obesity_1","genus","Not Significant","No Change"
"Desulfovibrio",0.0980810529260354,0.546254221515055,0.890637751398192,"01_normal_2_vs_02_obesity_1","genus","Not Significant","No Change"
"Paraprevotella",-0.656180755032674,0.000125747758841386,0.00226727038657373,"01_normal_2_vs_02_obesity_1","genus","Highly Significant (p < 0.01)","No Change"
"Cupriavidus",-0.228557648397462,0.31780633110415,0.752063680187865,"01_normal_2_vs_02_obesity_1","genus","Not Significant","No Change"
"Duodenibacillus",-0.446886170276357,0.0247633502027637,0.099181652418452,"01_normal_2_vs_02_obesity_1","genus","Not Significant","No Change"
"Megamonas",-0.81668290650946,3.01316349131733e-06,0.000115883707036576,"01_normal_2_vs_02_obesity_1","genus","Highly Significant (p < 0.01)","No Change"
"Bacillus",-0.116624589049699,0.43743828508652,0.815085215386517,"01_normal_2_vs_02_obesity_1","genus","Not Significant","No Change"
"Hoylesella",-0.453232664673297,0.0512234196135025,0.163416070474162,"01_normal_2_vs_02_obesity_1","genus","Not Significant","No Change"
"Acetivibrio",-0.626122325423301,0.00185737019800261,0.0116265176020914,"01_normal_2_vs_02_obesity_1","genus","Significant (p < 0.05)","No Change"
"Anoxybacillus",-0.306035877890871,0.11761600190886,0.321185065064449,"01_normal_2_vs_02_obesity_1","genus","Not Significant","No Change"
"Parolsenella",-0.165284219078882,0.71942856357436,0.956415042370791,"01_normal_2_vs_02_obesity_1","genus","Not Significant","No Change"
"Catenibacterium",-0.0905640303573688,0.728181756522612,0.973650992717314,"01_normal_2_vs_02_obesity_1","genus","Not Significant","No Change"
"Lactobacillus",0.0782353517537434,0.671021566472145,0.945941753751335,"01_normal_2_vs_02_obesity_1","genus","Not Significant","No Change"
"Massilistercora",0.17421387167751,0.519028344496487,0.877773480627072,"01_normal_2_vs_02_obesity_1","genus","Not Significant","No Change"
"Pseudomonas",-0.205433913246244,0.235614214855029,0.562006089412185,"01_normal_2_vs_02_obesity_1","genus","Not Significant","No Change"
"Caldilinea",-0.461400469284771,0.018861608425501,0.0687160860864205,"01_normal_2_vs_02_obesity_1","genus","Not Significant","No Change"
"Dellaglioa",-0.368631718233947,0.0623592598572494,0.201165926881615,"01_normal_2_vs_02_obesity_1","genus","Not Significant","No Change"
"Vibrio",-0.20911986574636,0.368857408456432,0.689220398102162,"01_normal_2_vs_02_obesity_1","genus","Not Significant","No Change"
"Fusobacterium",-0.387588975127419,0.0443694603877337,0.156455924289497,"01_normal_2_vs_02_obesity_1","genus","Not Significant","No Change"
"Caproicibacterium",-0.268177414756893,0.177660001499035,0.465980156621389,"01_normal_2_vs_02_obesity_1","genus","Not Significant","No Change"
