"taxon","effect_size","p_value","p_value_bh","comparison","level","significance","direction"
"Blautia",-0.0260664730566034,0.482139926333271,0.965106150602411,"01_normal_2_vs_04_t2d_obesity_3","genus","Not Significant","No Change"
"Anaerobutyricum",0.511369533527696,0.00563120035521573,0.0439111324484057,"01_normal_2_vs_04_t2d_obesity_3","genus","Significant (p < 0.05)","No Change"
"Sellimonas",0.254822242492631,0.21420149960767,0.587456405151189,"01_normal_2_vs_04_t2d_obesity_3","genus","Not Significant","No Change"
"Mediterraneibacter",0.0255545966565109,0.590981919993792,0.999541045987994,"01_normal_2_vs_04_t2d_obesity_3","genus","Not Significant","No Change"
"Lachnoanaerobaculum",-0.0306615891247942,0.806434466077484,0.994355955288308,"01_normal_2_vs_04_t2d_obesity_3","genus","Not Significant","No Change"
"Enterocloster",0.0209309091845111,0.263491926845528,0.768059159197981,"01_normal_2_vs_04_t2d_obesity_3","genus","Not Significant","No Change"
"Chakrabartyella",0.0801313906741302,0.499443799744953,0.9458637110596,"01_normal_2_vs_04_t2d_obesity_3","genus","Not Significant","No Change"
"Claveliimonas",-0.691483569989671,0.00153355607871624,0.0115815456503291,"01_normal_2_vs_04_t2d_obesity_3","genus","Significant (p < 0.05)","No Change"
"Lachnoclostridium",-1.50178551057141,3.18554053958114e-07,1.82081636326461e-05,"01_normal_2_vs_04_t2d_obesity_3","genus","Highly Significant (p < 0.01)","Enriched in 04_t2d_obesity_3"
"Lacrimispora",-0.624359919577359,0.000168457606518183,0.00290515254831116,"01_normal_2_vs_04_t2d_obesity_3","genus","Highly Significant (p < 0.01)","No Change"
"Lachnospira",-0.672001768642866,9.75814908044728e-05,0.00194119849380681,"01_normal_2_vs_04_t2d_obesity_3","genus","Highly Significant (p < 0.01)","No Change"
"Eisenbergiella",-0.380408447444745,0.0569752221024481,0.186159913654278,"01_normal_2_vs_04_t2d_obesity_3","genus","Not Significant","No Change"
"Anaerostipes",-0.288077661905085,0.110710987538251,0.399480430805969,"01_normal_2_vs_04_t2d_obesity_3","genus","Not Significant","No Change"
"Wansuia",-0.187541171410141,0.327784836654051,0.648080570560793,"01_normal_2_vs_04_t2d_obesity_3","genus","Not Significant","No Change"
"Tyzzerella",0.000726023105272593,0.805512540515585,0.988724231967841,"01_normal_2_vs_04_t2d_obesity_3","genus","Not Significant","No Change"
"Hungatella",-0.34984914247561,0.0366328011340043,0.147557915335408,"01_normal_2_vs_04_t2d_obesity_3","genus","Not Significant","No Change"
"Roseburia",-0.00509930318714751,0.486943210515167,0.994907162942821,"01_normal_2_vs_04_t2d_obesity_3","genus","Not Significant","No Change"
"Dorea",0.321078388697952,0.0748745493291876,0.330552944692181,"01_normal_2_vs_04_t2d_obesity_3","genus","Not Significant","No Change"
"Stomatobaculum",-0.0785625016835528,0.622215348816892,0.914337110725267,"01_normal_2_vs_04_t2d_obesity_3","genus","Not Significant","No Change"
"Anaerotignum",-0.125549685528702,0.583529144966222,0.863660540054967,"01_normal_2_vs_04_t2d_obesity_3","genus","Not Significant","No Change"
"Faecalibacterium",-1.05321914668296,0.00436984693065278,0.0265901193877026,"01_normal_2_vs_04_t2d_obesity_3","genus","Significant (p < 0.05)","Enriched in 04_t2d_obesity_3"
"Solibaculum",0.750828839297881,1.49030560454582e-06,7.26646065183462e-05,"01_normal_2_vs_04_t2d_obesity_3","genus","Highly Significant (p < 0.01)","No Change"
"Flavonifractor",-0.0200764576933913,0.615340970098299,0.977907834882685,"01_normal_2_vs_04_t2d_obesity_3","genus","Not Significant","No Change"
"Ruminococcus",0.409409370479433,0.0142191399091739,0.0917043116765686,"01_normal_2_vs_04_t2d_obesity_3","genus","Not Significant","No Change"
"Paludihabitans",0.0179307483475687,0.220181332749744,0.701483724108025,"01_normal_2_vs_04_t2d_obesity_3","genus","Not Significant","No Change"
"Lawsonibacter",0.464535694414536,0.00193169242071151,0.0216190145948997,"01_normal_2_vs_04_t2d_obesity_3","genus","Significant (p < 0.05)","No Change"
"Ruthenibacterium",0.428411213167694,0.0223359646097399,0.124481176962484,"01_normal_2_vs_04_t2d_obesity_3","genus","Not Significant","No Change"
"Vescimonas",0.149853911900175,0.0200941871109407,0.12682597792783,"01_normal_2_vs_04_t2d_obesity_3","genus","Not Significant","No Change"
"Pusillibacter",0.0982818259937594,0.615716944152931,0.960845111848227,"01_normal_2_vs_04_t2d_obesity_3","genus","Not Significant","No Change"
"Anaerotruncus",0.549240038276415,0.0188748693456503,0.0957674941916124,"01_normal_2_vs_04_t2d_obesity_3","genus","Not Significant","No Change"
"Oscillibacter",-0.215935366983285,0.242634296219573,0.677880994100846,"01_normal_2_vs_04_t2d_obesity_3","genus","Not Significant","No Change"
"Subdoligranulum",-0.192386502146749,0.363173474731447,0.867950263842053,"01_normal_2_vs_04_t2d_obesity_3","genus","Not Significant","No Change"
"Eubacterium",0.109839630932865,0.381874041817488,0.897967755015819,"01_normal_2_vs_04_t2d_obesity_3","genus","Not Significant","No Change"
"Clostridium",0.213781300385184,0.112162712530316,0.42521766571423,"01_normal_2_vs_04_t2d_obesity_3","genus","Not Significant","No Change"
"Desulforamulus",-0.279482239963714,0.156373201101761,0.410071293283387,"01_normal_2_vs_04_t2d_obesity_3","genus","Not Significant","No Change"
"Acutalibacter",0.212876445897925,0.33126736607662,0.768562832270217,"01_normal_2_vs_04_t2d_obesity_3","genus","Not Significant","No Change"
"Mogibacterium",-0.0256134202962708,0.661903371814365,0.928119311983816,"01_normal_2_vs_04_t2d_obesity_3","genus","Not Significant","No Change"
"Emergencia",0.573905363920251,0.0132583354837436,0.0719324383440913,"01_normal_2_vs_04_t2d_obesity_3","genus","Not Significant","No Change"
"Intestinibacter",-0.155351987701625,0.431126502471245,0.754378927108057,"01_normal_2_vs_04_t2d_obesity_3","genus","Not Significant","No Change"
"Christensenella",-0.00454968648895276,0.700730696339337,0.982457500034709,"01_normal_2_vs_04_t2d_obesity_3","genus","Not Significant","No Change"
"Phascolarctobacterium",0.448688731933962,0.00887788905306197,0.0658890616138517,"01_normal_2_vs_04_t2d_obesity_3","genus","Not Significant","No Change"
"Acidaminococcus",-0.0892798059113464,0.827087395121502,0.988750743943524,"01_normal_2_vs_04_t2d_obesity_3","genus","Not Significant","No Change"
"Megasphaera",-0.245300226792454,0.329489802805901,0.75166990864672,"01_normal_2_vs_04_t2d_obesity_3","genus","Not Significant","No Change"
"Longicatena",-0.382435553823363,0.0871262692227586,0.244072591529413,"01_normal_2_vs_04_t2d_obesity_3","genus","Not Significant","No Change"
"Holdemania",-0.469393258923921,0.0246881993936176,0.0846181573878415,"01_normal_2_vs_04_t2d_obesity_3","genus","Not Significant","No Change"
"Thomasclavelia",-0.385855221442588,0.0306267024896814,0.124792820707865,"01_normal_2_vs_04_t2d_obesity_3","genus","Not Significant","No Change"
"Streptococcus",0.624703587758461,0.0014420973367229,0.0148541301934752,"01_normal_2_vs_04_t2d_obesity_3","genus","Significant (p < 0.05)","No Change"
"Staphylococcus",-0.415073396957485,0.0530562320376968,0.182006707275803,"01_normal_2_vs_04_t2d_obesity_3","genus","Not Significant","No Change"
"Bifidobacterium",0.429677725234385,0.0333726916484066,0.171128482410115,"01_normal_2_vs_04_t2d_obesity_3","genus","Not Significant","No Change"
"Schaalia",-0.284867315757938,0.187827611549661,0.42109443291123,"01_normal_2_vs_04_t2d_obesity_3","genus","Not Significant","No Change"
"Eggerthella",-0.0315287839774656,0.760631625689836,0.939200934654868,"01_normal_2_vs_04_t2d_obesity_3","genus","Not Significant","No Change"
"Gordonibacter",-0.0115647646895149,0.68157533268145,0.942242583322951,"01_normal_2_vs_04_t2d_obesity_3","genus","Not Significant","No Change"
"Adlercreutzia",0.125527470069046,0.467212002064897,0.807129161659745,"01_normal_2_vs_04_t2d_obesity_3","genus","Not Significant","No Change"
"Phocaeicola",-0.695264522197887,9.44944327746673e-06,0.000487086501908996,"01_normal_2_vs_04_t2d_obesity_3","genus","Highly Significant (p < 0.01)","No Change"
"Bacteroides",-0.5881666043435,0.000190324660019723,0.00327703914974636,"01_normal_2_vs_04_t2d_obesity_3","genus","Highly Significant (p < 0.01)","No Change"
"Segatella",-0.314477009589384,0.0306649090155357,0.153886807466746,"01_normal_2_vs_04_t2d_obesity_3","genus","Not Significant","No Change"
"Prevotella",-0.0356824886349016,0.766633482617271,0.997992518222465,"01_normal_2_vs_04_t2d_obesity_3","genus","Not Significant","No Change"
"Parabacteroides",-0.200516036170758,0.69979693414545,0.996064281173337,"01_normal_2_vs_04_t2d_obesity_3","genus","Not Significant","No Change"
"Alistipes",0.32922660041731,0.0020467654897015,0.0245807099945818,"01_normal_2_vs_04_t2d_obesity_3","genus","Significant (p < 0.05)","No Change"
"Akkermansia",1.06330081147783,2.98009535222363e-06,0.000114028451077068,"01_normal_2_vs_04_t2d_obesity_3","genus","Highly Significant (p < 0.01)","Enriched in 01_normal_2"
"Coraliomargarita",-0.270539019159489,0.20324026635013,0.52080853381252,"01_normal_2_vs_04_t2d_obesity_3","genus","Not Significant","No Change"
"Turicimonas",0.105306397529546,0.583925709643944,0.977476424402186,"01_normal_2_vs_04_t2d_obesity_3","genus","Not Significant","No Change"
"Yersinia",-0.215981912474406,0.390543507107336,0.706123072367086,"01_normal_2_vs_04_t2d_obesity_3","genus","Not Significant","No Change"
"Klebsiella",-0.286999286552271,0.0910168780115993,0.290348048691948,"01_normal_2_vs_04_t2d_obesity_3","genus","Not Significant","No Change"
"Coprococcus",0.0675357766492931,0.617124992267464,0.99004626282016,"01_normal_2_vs_04_t2d_obesity_3","genus","Not Significant","No Change"
"Ligilactobacillus",-0.407128231544606,0.0242706046440651,0.105875708057391,"01_normal_2_vs_04_t2d_obesity_3","genus","Not Significant","No Change"
"Faecalibacillus",0.0341806850987877,0.769483283112277,0.982054807410768,"01_normal_2_vs_04_t2d_obesity_3","genus","Not Significant","No Change"
"Haemophilus",-0.216776507261605,0.266660425297382,0.588935097124281,"01_normal_2_vs_04_t2d_obesity_3","genus","Not Significant","No Change"
"Butyricimonas",0.52310452030488,0.00782919214996757,0.0532702637482226,"01_normal_2_vs_04_t2d_obesity_3","genus","Not Significant","No Change"
"Barnesiella",0.56996059014626,0.0047456715412861,0.0378236253856582,"01_normal_2_vs_04_t2d_obesity_3","genus","Significant (p < 0.05)","No Change"
"Coprobacter",-0.0293987820430833,0.754566300929917,0.975360310724765,"01_normal_2_vs_04_t2d_obesity_3","genus","Not Significant","No Change"
"Aureibaculum",0.202839053449422,0.314278937563798,0.743342220510504,"01_normal_2_vs_04_t2d_obesity_3","genus","Not Significant","No Change"
"Spirosoma",0.244008105019248,0.2805406769143,0.641021341194559,"01_normal_2_vs_04_t2d_obesity_3","genus","Not Significant","No Change"
"Petroclostridium",0.122827168960723,0.515145855800504,0.847439979201557,"01_normal_2_vs_04_t2d_obesity_3","genus","Not Significant","No Change"
"Aristaeella",0.325563443652329,0.0352620698271406,0.181257119576481,"01_normal_2_vs_04_t2d_obesity_3","genus","Not Significant","No Change"
"Intestinimonas",0.404652597965231,0.0532829649798036,0.229635694451914,"01_normal_2_vs_04_t2d_obesity_3","genus","Not Significant","No Change"
"Caldinitratiruptor",0.063892392817355,0.66947272600456,0.954669122064107,"01_normal_2_vs_04_t2d_obesity_3","genus","Not Significant","No Change"
"Agathobacter",-0.182444449186038,0.589289246348419,0.892630311514963,"01_normal_2_vs_04_t2d_obesity_3","genus","Not Significant","No Change"
"Candidatus Epulonipiscium",0.449735594320892,0.0435811385705481,0.19969886593065,"01_normal_2_vs_04_t2d_obesity_3","genus","Not Significant","No Change"
"Simiaoa",-0.163141007419973,0.320986781552677,0.813568528051598,"01_normal_2_vs_04_t2d_obesity_3","genus","Not Significant","No Change"
"Anaeropeptidivorans",0.400978716305491,0.0656669446063178,0.251996355995466,"01_normal_2_vs_04_t2d_obesity_3","genus","Not Significant","No Change"
"Cellulosilyticum",0.344474089896229,0.158597265243227,0.474639679633354,"01_normal_2_vs_04_t2d_obesity_3","genus","Not Significant","No Change"
"Monoglobus",-0.0631874466594055,0.812962318030278,0.984073817440561,"01_normal_2_vs_04_t2d_obesity_3","genus","Not Significant","No Change"
"Enterococcus",0.799559849263533,0.000268120514440568,0.00333919102926364,"01_normal_2_vs_04_t2d_obesity_3","genus","Highly Significant (p < 0.01)","No Change"
"Dehalococcoides",0.295855534538133,0.161773324597148,0.54961067975261,"01_normal_2_vs_04_t2d_obesity_3","genus","Not Significant","No Change"
"Sutterella",-0.469904590585396,0.00765718962941548,0.0508271012831259,"01_normal_2_vs_04_t2d_obesity_3","genus","Not Significant","No Change"
"Dialister",-0.217128071210433,0.157995263674197,0.514719408181877,"01_normal_2_vs_04_t2d_obesity_3","genus","Not Significant","No Change"
"Veillonella",0.265206016593528,0.235114420586158,0.659443901189955,"01_normal_2_vs_04_t2d_obesity_3","genus","Not Significant","No Change"
"Allobaculum",-0.466591250481686,0.00786197001580228,0.0432357824413204,"01_normal_2_vs_04_t2d_obesity_3","genus","Significant (p < 0.05)","No Change"
"Flintibacter",-0.1220462092114,0.548321363235993,0.849097043057004,"01_normal_2_vs_04_t2d_obesity_3","genus","Not Significant","No Change"
"Anaeromicropila",-0.0851148834552973,0.735649160288752,0.987341432883029,"01_normal_2_vs_04_t2d_obesity_3","genus","Not Significant","No Change"
"Terrisporobacter",-0.185091047903706,0.430220432712485,0.763067147611304,"01_normal_2_vs_04_t2d_obesity_3","genus","Not Significant","No Change"
"Romboutsia",-0.218620467196181,0.408738655440799,0.693230276784187,"01_normal_2_vs_04_t2d_obesity_3","genus","Not Significant","No Change"
"Clostridioides",-0.285870354599932,0.27040334348925,0.580115503899402,"01_normal_2_vs_04_t2d_obesity_3","genus","Not Significant","No Change"
"Aminipila",0.199997546062454,0.377842283110177,0.758370938571645,"01_normal_2_vs_04_t2d_obesity_3","genus","Not Significant","No Change"
"Turicibacter",-0.200570742221311,0.422551491391008,0.772890633794819,"01_normal_2_vs_04_t2d_obesity_3","genus","Not Significant","No Change"
"Collinsella",0.979489022484234,8.64144791852759e-05,0.00128670107279803,"01_normal_2_vs_04_t2d_obesity_3","genus","Highly Significant (p < 0.01)","No Change"
"Odoribacter",0.0861143172585408,0.219281607980945,0.664954650631136,"01_normal_2_vs_04_t2d_obesity_3","genus","Not Significant","No Change"
"Salmonella",0.0165739943468935,0.383651492833356,0.82441949767829,"01_normal_2_vs_04_t2d_obesity_3","genus","Not Significant","No Change"
"Escherichia",-0.139381268475269,0.521216351999971,0.852397281201739,"01_normal_2_vs_04_t2d_obesity_3","genus","Not Significant","No Change"
"Desulfovibrio",0.273949513971493,0.150115192893699,0.493954548989533,"01_normal_2_vs_04_t2d_obesity_3","genus","Not Significant","No Change"
"Paraprevotella",0.437291141739112,0.014916876706821,0.0925593598336371,"01_normal_2_vs_04_t2d_obesity_3","genus","Not Significant","No Change"
"Cupriavidus",-0.331422611110826,0.0338654228945024,0.152117647972547,"01_normal_2_vs_04_t2d_obesity_3","genus","Not Significant","No Change"
"Duodenibacillus",-0.363637692233036,0.035909076278432,0.136770446849809,"01_normal_2_vs_04_t2d_obesity_3","genus","Not Significant","No Change"
"Megamonas",-0.572177010640798,0.000647731355057652,0.00706638320549717,"01_normal_2_vs_04_t2d_obesity_3","genus","Highly Significant (p < 0.01)","No Change"
"Bacillus",-0.205198532420292,0.259528757605611,0.667433107204028,"01_normal_2_vs_04_t2d_obesity_3","genus","Not Significant","No Change"
"Hoylesella",0.0359594990229032,0.314693933436525,0.715418726609581,"01_normal_2_vs_04_t2d_obesity_3","genus","Not Significant","No Change"
"Acetivibrio",0.209129290723423,0.324402417729928,0.690505306556101,"01_normal_2_vs_04_t2d_obesity_3","genus","Not Significant","No Change"
"Anoxybacillus",0.131244533966969,0.517110737164065,0.861139444089584,"01_normal_2_vs_04_t2d_obesity_3","genus","Not Significant","No Change"
"Parolsenella",-0.0503761101467968,0.780717711436914,0.973972477710207,"01_normal_2_vs_04_t2d_obesity_3","genus","Not Significant","No Change"
"Catenibacterium",-0.366422078346031,0.0377768867510908,0.158779638679594,"01_normal_2_vs_04_t2d_obesity_3","genus","Not Significant","No Change"
"Lactobacillus",-0.341442617219386,0.129182581851595,0.305995448423805,"01_normal_2_vs_04_t2d_obesity_3","genus","Not Significant","No Change"
"Massilistercora",-0.18759252523394,0.441106385926326,0.763226347249968,"01_normal_2_vs_04_t2d_obesity_3","genus","Not Significant","No Change"
"Pseudomonas",-0.405188038616887,0.0272596298393084,0.118525846262865,"01_normal_2_vs_04_t2d_obesity_3","genus","Not Significant","No Change"
"Caldilinea",-0.385520235443118,0.0721535267486555,0.225585607163897,"01_normal_2_vs_04_t2d_obesity_3","genus","Not Significant","No Change"
"Dellaglioa",-0.282307180292436,0.191968042321503,0.479875833951332,"01_normal_2_vs_04_t2d_obesity_3","genus","Not Significant","No Change"
"Vibrio",-0.365472515285202,0.0775354485476124,0.215918077659523,"01_normal_2_vs_04_t2d_obesity_3","genus","Not Significant","No Change"
"Fusobacterium",-0.298135600605778,0.0730080737690334,0.257725480427151,"01_normal_2_vs_04_t2d_obesity_3","genus","Not Significant","No Change"
"Caproicibacterium",0.0101563654206696,0.720250857204862,0.960425086560272,"01_normal_2_vs_04_t2d_obesity_3","genus","Not Significant","No Change"
