"baseMean","log2FoldChange","lfcSE","stat","pvalue","padj","taxon","comparison","level","significance","direction"
2995.65313258165,3.81158502776617,0.293853811863185,12.9710246179852,1.78626450889053e-38,7.08551588526577e-37,"Blautia","02_obesity_1_vs_01_normal_2","genus","Highly Significant (p < 0.01)","Enriched in 02_obesity_1"
456.801587510784,5.39772634355046,0.476543179022272,11.326835806621,9.66328763861682e-30,1.64275889856486e-28,"Anaerobutyricum","02_obesity_1_vs_01_normal_2","genus","Highly Significant (p < 0.01)","Enriched in 02_obesity_1"
16.2508350381226,3.70451522058459,0.456459388035759,8.11576082710426,4.82750645283881e-16,2.8723663394391e-15,"Sellimonas","02_obesity_1_vs_01_normal_2","genus","Highly Significant (p < 0.01)","Enriched in 02_obesity_1"
2666.71208427051,3.6785687819946,0.348406438366723,10.5582686681658,4.65161959387249e-26,5.03220665155297e-25,"Mediterraneibacter","02_obesity_1_vs_01_normal_2","genus","Highly Significant (p < 0.01)","Enriched in 02_obesity_1"
33.6253208859393,1.50865037505952,0.479925258620115,3.14351109461753,0.00166934087469734,0.00305617790906128,"Lachnoanaerobaculum","02_obesity_1_vs_01_normal_2","genus","Highly Significant (p < 0.01)","Enriched in 02_obesity_1"
1231.32265343221,2.872400582467,0.426801302354639,6.73006517698078,1.6958710523902e-11,6.95891914601496e-11,"Enterocloster","02_obesity_1_vs_01_normal_2","genus","Highly Significant (p < 0.01)","Enriched in 02_obesity_1"
127.538455077089,-0.0205496459022056,0.497498673109114,-0.0413059310767218,0.967052004792029,0.975247360764843,"Chakrabartyella","02_obesity_1_vs_01_normal_2","genus","Not Significant","No Change"
712.134467986084,0.308542141887747,0.366986799984909,0.840744522419976,0.400491072561949,0.467239584655608,"Claveliimonas","02_obesity_1_vs_01_normal_2","genus","Not Significant","No Change"
463.065329948145,-0.452266653653215,0.320078802301237,-1.41298533486629,0.157660036124367,0.206170816470326,"Lachnoclostridium","02_obesity_1_vs_01_normal_2","genus","Not Significant","No Change"
207.01193372807,-0.659914118328315,0.395964891264676,-1.6665975516683,0.0955944560622036,0.130755635303474,"Lacrimispora","02_obesity_1_vs_01_normal_2","genus","Not Significant","No Change"
1268.86537124859,-0.461114041136537,0.419424590149423,-1.09939677349929,0.271595037508741,0.326462721853941,"Lachnospira","02_obesity_1_vs_01_normal_2","genus","Not Significant","No Change"
6.90369864112363,1.25839954187642,0.465357929468407,2.70415407622672,0.00684785286137033,0.0113179790347648,"Eisenbergiella","02_obesity_1_vs_01_normal_2","genus","Significant (p < 0.05)","Enriched in 02_obesity_1"
859.566962205459,2.52689656419196,0.384135164600958,6.57814435399821,4.76355653350582e-11,1.8285910564103e-10,"Anaerostipes","02_obesity_1_vs_01_normal_2","genus","Highly Significant (p < 0.01)","Enriched in 02_obesity_1"
4.46797384039654,0.708186543547902,0.438374604513718,1.61548259469428,0.106206226580032,0.143619783670724,"Wansuia","02_obesity_1_vs_01_normal_2","genus","Not Significant","No Change"
64.683990461888,0.181343950139159,0.540849484956923,0.335294671036993,0.737402813211998,0.783490489037747,"Tyzzerella","02_obesity_1_vs_01_normal_2","genus","Not Significant","No Change"
21.2564867077468,-0.125794109630831,0.518023651853656,-0.242834683668784,0.80813346591918,0.843577916178793,"Hungatella","02_obesity_1_vs_01_normal_2","genus","Not Significant","No Change"
978.454389824398,1.55897999472945,0.399166834836722,3.90558498019293,9.39977173339606e-05,0.000211051478542289,"Roseburia","02_obesity_1_vs_01_normal_2","genus","Highly Significant (p < 0.01)","Enriched in 02_obesity_1"
1638.18099774842,4.73744574383814,0.445030912669851,10.6452060047178,1.83577757598236e-26,2.18457531541901e-25,"Dorea","02_obesity_1_vs_01_normal_2","genus","Highly Significant (p < 0.01)","Enriched in 02_obesity_1"
8.94028390694764,-2.25864258063199,0.465552770612748,-4.85152859827088,1.22513539724084e-06,3.64477780679149e-06,"Stomatobaculum","02_obesity_1_vs_01_normal_2","genus","Highly Significant (p < 0.01)","Enriched in 01_normal_2"
8.25655964226247,1.69876073245,0.46818354185621,3.6284076234609,0.000285174752800345,0.000575182975987136,"Anaerotignum","02_obesity_1_vs_01_normal_2","genus","Highly Significant (p < 0.01)","Enriched in 02_obesity_1"
7019.04347801336,0.0375877810681127,0.301772295487074,0.124556765581958,0.900874457822711,0.924172935180195,"Faecalibacterium","02_obesity_1_vs_01_normal_2","genus","Not Significant","No Change"
1073.7663809108,1.79207047143936,0.434567204655884,4.12380513816828,3.72664201645697e-05,9.23896666579957e-05,"Solibaculum","02_obesity_1_vs_01_normal_2","genus","Highly Significant (p < 0.01)","Enriched in 02_obesity_1"
191.590872977318,2.24215079383027,0.448618523092961,4.99790061803949,5.79578401205867e-07,1.86404945252698e-06,"Flavonifractor","02_obesity_1_vs_01_normal_2","genus","Highly Significant (p < 0.01)","Enriched in 02_obesity_1"
1865.99551112906,1.92626785844982,0.44658618385565,4.31331717837568,1.60823135111503e-05,4.16042458223235e-05,"Ruminococcus","02_obesity_1_vs_01_normal_2","genus","Highly Significant (p < 0.01)","Enriched in 02_obesity_1"
286.000685172093,0.551100349770337,0.472877485135767,1.16541888140881,0.243849478082886,0.302271748873578,"Paludihabitans","02_obesity_1_vs_01_normal_2","genus","Not Significant","No Change"
158.829144163027,0.140441747903636,0.45903854571937,0.305947614232584,0.759644532105171,0.799979640004561,"Lawsonibacter","02_obesity_1_vs_01_normal_2","genus","Not Significant","No Change"
75.3204756186897,-0.0114663514568187,0.495950976672021,-0.0231199291788099,0.981554608748633,0.981554608748633,"Ruthenibacterium","02_obesity_1_vs_01_normal_2","genus","Not Significant","No Change"
980.894112632189,-2.16170296463482,0.477423177767464,-4.5278550881074,5.95854196620171e-06,1.68825355709048e-05,"Vescimonas","02_obesity_1_vs_01_normal_2","genus","Highly Significant (p < 0.01)","Enriched in 01_normal_2"
29.6158715616719,-0.372000972156029,0.505077515435487,-0.736522535229634,0.461412758413362,0.518001115577265,"Pusillibacter","02_obesity_1_vs_01_normal_2","genus","Not Significant","No Change"
34.325003987141,1.23037140522332,0.436702360889468,2.81741413698182,0.00484120571576067,0.00823004971679314,"Anaerotruncus","02_obesity_1_vs_01_normal_2","genus","Highly Significant (p < 0.01)","Enriched in 02_obesity_1"
199.323277551207,-1.66526731323042,0.443956525994949,-3.75096933083346,0.000176152247644946,0.000367756446837693,"Oscillibacter","02_obesity_1_vs_01_normal_2","genus","Highly Significant (p < 0.01)","Enriched in 01_normal_2"
1404.24909683438,0.179641611550891,0.421507415216473,0.426188496490941,0.669970499103955,0.718256661201537,"Subdoligranulum","02_obesity_1_vs_01_normal_2","genus","Not Significant","No Change"
379.188414448757,1.73111732964053,0.425082787367433,4.0724239632507,4.65263912506144e-05,0.000110732811176462,"Eubacterium","02_obesity_1_vs_01_normal_2","genus","Highly Significant (p < 0.01)","Enriched in 02_obesity_1"
439.124010506402,1.81799875962326,0.468435441176172,3.88100173432338,0.000104027099051722,0.000225076814311908,"Clostridium","02_obesity_1_vs_01_normal_2","genus","Highly Significant (p < 0.01)","Enriched in 02_obesity_1"
4.79838132734845,0.312515486746333,0.402591975160506,0.776258609282362,0.437596306716597,0.500711158646875,"Desulforamulus","02_obesity_1_vs_01_normal_2","genus","Not Significant","No Change"
36.5442593221815,2.52555563607391,0.504753266204263,5.00354491030053,5.62855454911522e-07,1.86054997595753e-06,"Acutalibacter","02_obesity_1_vs_01_normal_2","genus","Highly Significant (p < 0.01)","Enriched in 02_obesity_1"
7.35593235095805,1.69198750204225,0.415337805928483,4.0737623156164,4.62596935559614e-05,0.000110732811176462,"Mogibacterium","02_obesity_1_vs_01_normal_2","genus","Highly Significant (p < 0.01)","Enriched in 02_obesity_1"
26.0218861375201,1.41976891259298,0.468113387891486,3.03295942674919,0.00242168157530102,0.0043663652645579,"Emergencia","02_obesity_1_vs_01_normal_2","genus","Highly Significant (p < 0.01)","Enriched in 02_obesity_1"
205.870514638212,6.42825235245797,0.559709246393848,11.4849850951625,1.56962532782217e-30,3.11309023351397e-29,"Intestinibacter","02_obesity_1_vs_01_normal_2","genus","Highly Significant (p < 0.01)","Enriched in 02_obesity_1"
80.5924807908265,-1.98038112059698,0.523116305039949,-3.78573770596912,0.000153253258301561,0.000325663173890817,"Christensenella","02_obesity_1_vs_01_normal_2","genus","Highly Significant (p < 0.01)","Enriched in 01_normal_2"
2835.67253906217,1.34633498975252,0.578737938137433,2.32632924339722,0.0200009931146477,0.0305143356492703,"Phascolarctobacterium","02_obesity_1_vs_01_normal_2","genus","Significant (p < 0.05)","Enriched in 02_obesity_1"
318.475783334234,5.60703284218915,0.704892388054745,7.95445225002726,1.79925748638087e-15,9.57662504175629e-15,"Acidaminococcus","02_obesity_1_vs_01_normal_2","genus","Highly Significant (p < 0.01)","Enriched in 02_obesity_1"
140.638037195727,2.54196904045706,0.702918388087338,3.61630750245961,0.000298835358139602,0.000592690126976876,"Megasphaera","02_obesity_1_vs_01_normal_2","genus","Highly Significant (p < 0.01)","Enriched in 02_obesity_1"
21.4269611035779,4.7178522111296,0.505524896769796,9.33258132542185,1.03323287725514e-20,7.68466952458513e-20,"Longicatena","02_obesity_1_vs_01_normal_2","genus","Highly Significant (p < 0.01)","Enriched in 02_obesity_1"
7.22462089443225,0.541030558701598,0.393321427214013,1.375543057834,0.168963146303105,0.217680770186039,"Holdemania","02_obesity_1_vs_01_normal_2","genus","Not Significant","No Change"
44.4626475765226,2.37513428858473,0.528831163693919,4.49129032410698,7.07929727926994e-06,1.91462812780255e-05,"Thomasclavelia","02_obesity_1_vs_01_normal_2","genus","Highly Significant (p < 0.01)","Enriched in 02_obesity_1"
407.226242268871,4.61168415827332,0.521254358968174,8.84728171367656,8.96768133101749e-19,5.92863376883934e-18,"Streptococcus","02_obesity_1_vs_01_normal_2","genus","Highly Significant (p < 0.01)","Enriched in 02_obesity_1"
4.95659977043807,1.54483653040622,0.434090137504597,3.5587920501646,0.000372564359248802,0.000726805881157499,"Staphylococcus","02_obesity_1_vs_01_normal_2","genus","Highly Significant (p < 0.01)","Enriched in 02_obesity_1"
1241.54042161487,6.78703140786933,0.572733169135061,11.8502502973925,2.14549017598645e-32,5.10626661884775e-31,"Bifidobacterium","02_obesity_1_vs_01_normal_2","genus","Highly Significant (p < 0.01)","Enriched in 02_obesity_1"
10.0283626748649,3.78238054120063,0.403503225551935,9.37385453617346,6.99309464618166e-21,5.54785508597078e-20,"Schaalia","02_obesity_1_vs_01_normal_2","genus","Highly Significant (p < 0.01)","Enriched in 02_obesity_1"
28.4559974331337,5.38138624905374,0.525785232039429,10.2349513092642,1.38264714076078e-24,1.26565392115795e-23,"Eggerthella","02_obesity_1_vs_01_normal_2","genus","Highly Significant (p < 0.01)","Enriched in 02_obesity_1"
19.1050723284319,4.34260700468757,0.484542337600833,8.96228599174552,3.18015770051725e-19,2.22611039036208e-18,"Gordonibacter","02_obesity_1_vs_01_normal_2","genus","Highly Significant (p < 0.01)","Enriched in 02_obesity_1"
11.1441221602519,3.25955812379997,0.442200150644331,7.37122798138005,1.69063437905801e-13,8.04741964431611e-13,"Adlercreutzia","02_obesity_1_vs_01_normal_2","genus","Highly Significant (p < 0.01)","Enriched in 02_obesity_1"
10361.3025921036,0.487229015146724,0.387940367274294,1.25593791275201,0.209138481449489,0.261973466236729,"Phocaeicola","02_obesity_1_vs_01_normal_2","genus","Not Significant","No Change"
9408.1758146354,0.219212034412042,0.365905552230196,0.599094583495503,0.549109813460007,0.605037664830934,"Bacteroides","02_obesity_1_vs_01_normal_2","genus","Not Significant","No Change"
9902.32301107703,-1.73710533530666,0.796873669113042,-2.17990053208828,0.0292648354919898,0.0440824737157821,"Segatella","02_obesity_1_vs_01_normal_2","genus","Significant (p < 0.05)","Enriched in 01_normal_2"
1504.56465614199,-0.774077919223757,0.688900342928506,-1.12364281302744,0.261164585818276,0.317128425636478,"Prevotella","02_obesity_1_vs_01_normal_2","genus","Not Significant","No Change"
1921.84713238006,0.284413601540281,0.459624680927379,0.618795320056406,0.536051205642631,0.596169097864235,"Parabacteroides","02_obesity_1_vs_01_normal_2","genus","Not Significant","No Change"
2036.01891081419,-1.29416335980264,0.42821862589277,-3.02220240211296,0.00250942695408274,0.00445704190352008,"Alistipes","02_obesity_1_vs_01_normal_2","genus","Highly Significant (p < 0.01)","Enriched in 01_normal_2"
4397.38408898853,7.29974421036508,0.648556505297009,11.2553711985699,2.17906702496452e-29,2.88121084411976e-28,"Akkermansia","02_obesity_1_vs_01_normal_2","genus","Highly Significant (p < 0.01)","Enriched in 02_obesity_1"
5.14735565686649,0.0552231692485837,0.415347044393723,0.13295669246712,0.894227630741375,0.924172935180195,"Coraliomargarita","02_obesity_1_vs_01_normal_2","genus","Not Significant","No Change"
553.056388145305,2.47976021239799,0.663399905509269,3.73795683690121,0.000185521786351543,0.000380639527169546,"Turicimonas","02_obesity_1_vs_01_normal_2","genus","Highly Significant (p < 0.01)","Enriched in 02_obesity_1"
35.1548654316897,5.75746747652315,0.555260541972167,10.368947622451,3.43284366966211e-25,3.40423663908159e-24,"Yersinia","02_obesity_1_vs_01_normal_2","genus","Highly Significant (p < 0.01)","Enriched in 02_obesity_1"
48.0348858907864,0.317426088844313,0.616437637132704,0.514936255872999,0.606597564545512,0.656228274371962,"Klebsiella","02_obesity_1_vs_01_normal_2","genus","Not Significant","No Change"
775.54812252367,1.90666893347125,0.480241474829981,3.97022963113767,7.18033950130843e-05,0.00016754125503053,"Coprococcus","02_obesity_1_vs_01_normal_2","genus","Highly Significant (p < 0.01)","Enriched in 02_obesity_1"
18.8091841335923,-4.43415355187122,0.519660388660045,-8.53279112403541,1.42858480883692e-17,8.9474522237681e-17,"Ligilactobacillus","02_obesity_1_vs_01_normal_2","genus","Highly Significant (p < 0.01)","Enriched in 01_normal_2"
640.737885130368,6.86871282507491,0.543468366138624,12.6386617014667,1.29234892051785e-36,3.84473803854059e-35,"Faecalibacillus","02_obesity_1_vs_01_normal_2","genus","Highly Significant (p < 0.01)","Enriched in 02_obesity_1"
31.1395656360107,1.45496101392297,0.596170322793368,2.44051231383965,0.0146664459288191,0.0229645666517036,"Haemophilus","02_obesity_1_vs_01_normal_2","genus","Significant (p < 0.05)","Enriched in 02_obesity_1"
69.4877805015736,0.776153567894386,0.516447582859389,1.50286997878293,0.13287257596959,0.175687072670903,"Butyricimonas","02_obesity_1_vs_01_normal_2","genus","Not Significant","No Change"
165.467244442395,0.82070968947089,0.605508896069866,1.35540484177493,0.175288607875973,0.221907918481284,"Barnesiella","02_obesity_1_vs_01_normal_2","genus","Not Significant","No Change"
25.7789274836779,-3.50517040012871,0.549361151937574,-6.38044824932764,1.76570388040617e-10,6.56621130526046e-10,"Coprobacter","02_obesity_1_vs_01_normal_2","genus","Highly Significant (p < 0.01)","Enriched in 01_normal_2"
58.0715378571428,2.32104494412268,0.522521815846133,4.44200581436807,8.91241512323688e-06,2.35683866592264e-05,"Aureibaculum","02_obesity_1_vs_01_normal_2","genus","Highly Significant (p < 0.01)","Enriched in 02_obesity_1"
6.51198512437938,0.645003906565095,0.380878746419849,1.69346258521366,0.0903674507917144,0.125043333072256,"Spirosoma","02_obesity_1_vs_01_normal_2","genus","Not Significant","No Change"
6.93798775374692,-0.835818259484702,0.446082588113127,-1.87368501205148,0.0609738529306064,0.0863796249850257,"Petroclostridium","02_obesity_1_vs_01_normal_2","genus","Not Significant","No Change"
293.123135411026,-1.89894180233672,0.550304905185672,-3.45070847895863,0.000559117149382132,0.00107314420607216,"Aristaeella","02_obesity_1_vs_01_normal_2","genus","Highly Significant (p < 0.01)","Enriched in 01_normal_2"
40.355275865416,1.02426234053526,0.478232186335826,2.14176788974216,0.0322121645409251,0.0473240442020999,"Intestinimonas","02_obesity_1_vs_01_normal_2","genus","Significant (p < 0.05)","Enriched in 02_obesity_1"
9.21333340756902,0.385388462682189,0.515016503510367,0.748303132143088,0.454277335709486,0.514847647137418,"Caldinitratiruptor","02_obesity_1_vs_01_normal_2","genus","Not Significant","No Change"
18.7543557625213,2.02416265292193,0.519207681568758,3.89856068154852,9.67661528295996e-05,0.000213243929383747,"Agathobacter","02_obesity_1_vs_01_normal_2","genus","Highly Significant (p < 0.01)","Enriched in 02_obesity_1"
23.5618214883744,-2.60689836128275,0.498973555645864,-5.22452208495983,1.74605488145931e-07,5.93658659696165e-07,"Candidatus Epulonipiscium","02_obesity_1_vs_01_normal_2","genus","Highly Significant (p < 0.01)","Enriched in 01_normal_2"
854.917429152902,-1.45214808179799,0.532804376953259,-2.72548076669683,0.00642079172059748,0.0107616086584662,"Simiaoa","02_obesity_1_vs_01_normal_2","genus","Significant (p < 0.05)","Enriched in 01_normal_2"
30.254849760062,1.20655151896001,0.557228778739375,2.16527136607985,0.0303669098396582,0.0451707783864916,"Anaeropeptidivorans","02_obesity_1_vs_01_normal_2","genus","Significant (p < 0.05)","Enriched in 02_obesity_1"
5.30847482466437,0.314180444110051,0.379110865312649,0.828729727519019,0.407257360245581,0.470520639507031,"Cellulosilyticum","02_obesity_1_vs_01_normal_2","genus","Not Significant","No Change"
17.4467346464749,3.5327759108713,0.519729135783443,6.79734051381585,1.06568016003025e-11,4.52914068012855e-11,"Monoglobus","02_obesity_1_vs_01_normal_2","genus","Highly Significant (p < 0.01)","Enriched in 02_obesity_1"
60.9199961848019,2.28576518363178,0.464653053749783,4.91929443955119,8.68567305574827e-07,2.65024382983088e-06,"Enterococcus","02_obesity_1_vs_01_normal_2","genus","Highly Significant (p < 0.01)","Enriched in 02_obesity_1"
312.99793292374,0.670279137560234,0.694504248338293,0.965118844361252,0.334485289332833,0.394096529015913,"Dehalococcoides","02_obesity_1_vs_01_normal_2","genus","Not Significant","No Change"
328.671668453409,-1.82216087279497,0.680056133874145,-2.67942715612972,0.00737482474926214,0.0120219745912629,"Sutterella","02_obesity_1_vs_01_normal_2","genus","Significant (p < 0.05)","Enriched in 01_normal_2"
688.777246122893,2.28055473491886,0.717453213718394,3.17868077152972,0.00147946931940504,0.00275088826576874,"Dialister","02_obesity_1_vs_01_normal_2","genus","Highly Significant (p < 0.01)","Enriched in 02_obesity_1"
50.6391383843365,1.64337634124543,0.581635427828013,2.82544058119405,0.00472156442098332,0.00814298791444949,"Veillonella","02_obesity_1_vs_01_normal_2","genus","Highly Significant (p < 0.01)","Enriched in 02_obesity_1"
118.371265376822,3.03396092285921,0.61282099442517,4.95081100428859,7.3904849237069e-07,2.31438869979242e-06,"Allobaculum","02_obesity_1_vs_01_normal_2","genus","Highly Significant (p < 0.01)","Enriched in 02_obesity_1"
7.57667198054909,1.12861408282212,0.469365341297229,2.40455351838052,0.0161922351051719,0.0250243633443566,"Flintibacter","02_obesity_1_vs_01_normal_2","genus","Significant (p < 0.05)","Enriched in 02_obesity_1"
163.706316201844,-0.355758282858826,0.625614040795501,-0.568654569207655,0.569590584403606,0.621846601321367,"Anaeromicropila","02_obesity_1_vs_01_normal_2","genus","Not Significant","No Change"
51.7562345577553,6.34110404225007,0.562252327874136,11.2780396414287,1.68458068390625e-29,2.50581376731054e-28,"Terrisporobacter","02_obesity_1_vs_01_normal_2","genus","Highly Significant (p < 0.01)","Enriched in 02_obesity_1"
25.7912129561299,5.24642141700779,0.524988775391852,9.99339731233655,1.62900945334627e-23,1.38465803534433e-22,"Romboutsia","02_obesity_1_vs_01_normal_2","genus","Highly Significant (p < 0.01)","Enriched in 02_obesity_1"
72.8843223452886,6.8228957397559,0.521573221926864,13.081376598572,4.20750599936787e-39,2.50346606962388e-37,"Clostridioides","02_obesity_1_vs_01_normal_2","genus","Highly Significant (p < 0.01)","Enriched in 02_obesity_1"
7.92065113637623,2.12738045166356,0.405962934910554,5.24033173652241,1.60288184884852e-07,5.61008647096982e-07,"Aminipila","02_obesity_1_vs_01_normal_2","genus","Highly Significant (p < 0.01)","Enriched in 02_obesity_1"
62.3736059855466,4.28902420587328,0.573287725762463,7.48145130818726,7.35062744491841e-14,3.64468610810538e-13,"Turicibacter","02_obesity_1_vs_01_normal_2","genus","Highly Significant (p < 0.01)","Enriched in 02_obesity_1"
244.637120590636,7.76828428785275,0.481247234042872,16.1419822044332,1.29320565202573e-58,1.53891472591062e-56,"Collinsella","02_obesity_1_vs_01_normal_2","genus","Highly Significant (p < 0.01)","Enriched in 02_obesity_1"
174.693144353814,-0.959452085263336,0.485280413975305,-1.97710861108885,0.0480293546354022,0.0692882121795034,"Odoribacter","02_obesity_1_vs_01_normal_2","genus","Not Significant","No Change"
246.716427231501,2.17492480903264,0.750807462680373,2.89678102195227,0.00377012810367825,0.00659772418143694,"Salmonella","02_obesity_1_vs_01_normal_2","genus","Highly Significant (p < 0.01)","Enriched in 02_obesity_1"
40.2403966067785,2.37350923968566,0.600892153908802,3.94997542278758,7.81592183599821e-05,0.000178864365093036,"Escherichia","02_obesity_1_vs_01_normal_2","genus","Highly Significant (p < 0.01)","Enriched in 02_obesity_1"
28.4924956996908,3.71274897758729,0.544714583275313,6.81595296249076,9.36409335591523e-12,4.12713744205153e-11,"Desulfovibrio","02_obesity_1_vs_01_normal_2","genus","Highly Significant (p < 0.01)","Enriched in 02_obesity_1"
335.186472132345,0.846409913247085,0.616998929241896,1.371817475092,0.170120265775644,0.217680770186039,"Paraprevotella","02_obesity_1_vs_01_normal_2","genus","Not Significant","No Change"
185.840280590632,1.11584389233428,0.71702333584072,1.55621698284888,0.119656504313025,0.159990157452247,"Cupriavidus","02_obesity_1_vs_01_normal_2","genus","Not Significant","No Change"
34.4377067608108,-1.08388024778113,0.60319870338226,-1.79688756242941,0.0723534715416654,0.101294860158332,"Duodenibacillus","02_obesity_1_vs_01_normal_2","genus","Not Significant","No Change"
652.960503735001,-5.96047833494404,0.749656612568786,-7.95094478593308,1.85094433580164e-15,9.57662504175629e-15,"Megamonas","02_obesity_1_vs_01_normal_2","genus","Highly Significant (p < 0.01)","Enriched in 01_normal_2"
107.169870627709,-1.6218552006613,0.606700441175435,-2.6732388681292,0.0075122737627338,0.01208054834818,"Bacillus","02_obesity_1_vs_01_normal_2","genus","Significant (p < 0.05)","Enriched in 01_normal_2"
98.531102223588,2.98827691750877,0.665096616274811,4.49299672316187,7.02278657094333e-06,1.91462812780255e-05,"Hoylesella","02_obesity_1_vs_01_normal_2","genus","Highly Significant (p < 0.01)","Enriched in 02_obesity_1"
11.4041736918256,-3.30449356241934,0.464222185929932,-7.11834475510852,1.09230874604334e-12,4.99941310689068e-12,"Acetivibrio","02_obesity_1_vs_01_normal_2","genus","Highly Significant (p < 0.01)","Enriched in 01_normal_2"
5.38120981747114,0.50718648111679,0.439027418176105,1.15525012816704,0.247988012290336,0.304232716108763,"Anoxybacillus","02_obesity_1_vs_01_normal_2","genus","Not Significant","No Change"
15.8795867683159,4.21044857751615,0.527769550047623,7.97781641084867,1.48944711004691e-15,8.4402002902658e-15,"Parolsenella","02_obesity_1_vs_01_normal_2","genus","Highly Significant (p < 0.01)","Enriched in 02_obesity_1"
122.266752177851,2.94333257579212,0.636761103845491,4.62234982321771,3.79417474082164e-06,1.10123608331165e-05,"Catenibacterium","02_obesity_1_vs_01_normal_2","genus","Highly Significant (p < 0.01)","Enriched in 02_obesity_1"
8.32093816600306,2.63002096195165,0.43536949823577,6.04089393632117,1.5326270567739e-09,5.52674605321495e-09,"Lactobacillus","02_obesity_1_vs_01_normal_2","genus","Highly Significant (p < 0.01)","Enriched in 02_obesity_1"
8.2864406288751,3.1378817373536,0.468222014652192,6.70169628757099,2.06013880469394e-11,8.17188392528596e-11,"Massilistercora","02_obesity_1_vs_01_normal_2","genus","Highly Significant (p < 0.01)","Enriched in 02_obesity_1"
6.98976266520323,0.921198456654386,0.466552194015586,1.97448103014089,0.0483270723604939,0.0692882121795034,"Pseudomonas","02_obesity_1_vs_01_normal_2","genus","Not Significant","No Change"
5.25909339979985,-1.7336892049684,0.409847765795407,-4.23008089748584,2.3360728720525e-05,5.9147376973244e-05,"Caldilinea","02_obesity_1_vs_01_normal_2","genus","Highly Significant (p < 0.01)","Enriched in 01_normal_2"
15.8287636600205,-1.41598280866529,0.539346602476466,-2.62536706853006,0.0086555599319441,0.0137334884253513,"Dellaglioa","02_obesity_1_vs_01_normal_2","genus","Significant (p < 0.05)","Enriched in 01_normal_2"
7.85498937963287,1.53062121380799,0.47697814887102,3.2089965073471,0.00133199110115503,0.00251598319107061,"Vibrio","02_obesity_1_vs_01_normal_2","genus","Highly Significant (p < 0.01)","Enriched in 02_obesity_1"
17.8468289807747,-0.0508024323268748,0.57430529729051,-0.0884589304095806,0.929511925115944,0.945401017852969,"Fusobacterium","02_obesity_1_vs_01_normal_2","genus","Not Significant","No Change"
9.01836946649089,-0.503063012781081,0.488682452034751,-1.02942720919577,0.303278968666038,0.360901972712585,"Caproicibacterium","02_obesity_1_vs_01_normal_2","genus","Not Significant","No Change"
