"baseMean","log2FoldChange","lfcSE","stat","pvalue","padj","taxon","comparison","level","significance","direction"
2995.65313258165,-3.61953753582059,0.293817643003755,-12.3189931646628,7.15823970748837e-35,1.70366105038223e-33,"Blautia","03_diabetic_2_vs_02_obesity_1","genus","Highly Significant (p < 0.01)","Enriched in 02_obesity_1"
456.801587510784,-5.25580695176683,0.47625097344513,-11.0357925648888,2.56777503047466e-28,4.36521755180692e-27,"Anaerobutyricum","03_diabetic_2_vs_02_obesity_1","genus","Highly Significant (p < 0.01)","Enriched in 02_obesity_1"
16.2508350381226,-2.14209788493168,0.418999874492423,-5.11240698467181,3.18079617954611e-07,1.02301282531348e-06,"Sellimonas","03_diabetic_2_vs_02_obesity_1","genus","Highly Significant (p < 0.01)","Enriched in 02_obesity_1"
2666.71208427051,-3.56008515088735,0.348386485674146,-10.2187808576972,1.63382715730091e-24,1.88103174973692e-23,"Mediterraneibacter","03_diabetic_2_vs_02_obesity_1","genus","Highly Significant (p < 0.01)","Enriched in 02_obesity_1"
33.6253208859393,-2.26534201896902,0.484229845626303,-4.67823707982936,2.8935188006173e-06,8.1983032684157e-06,"Lachnoanaerobaculum","03_diabetic_2_vs_02_obesity_1","genus","Highly Significant (p < 0.01)","Enriched in 02_obesity_1"
1231.32265343221,-3.20482247401848,0.426880654734008,-7.5075373842261,6.02499819738826e-14,2.98739493953834e-13,"Enterocloster","03_diabetic_2_vs_02_obesity_1","genus","Highly Significant (p < 0.01)","Enriched in 02_obesity_1"
127.538455077089,-0.66746070821661,0.49804359940625,-1.34016521648372,0.180191637325263,0.22336255043444,"Chakrabartyella","03_diabetic_2_vs_02_obesity_1","genus","Not Significant","No Change"
712.134467986084,-0.163505709331647,0.366966282006536,-0.445560579674008,0.655914691069052,0.716090350800158,"Claveliimonas","03_diabetic_2_vs_02_obesity_1","genus","Not Significant","No Change"
463.065329948145,0.429256378138243,0.320085146561922,1.34106934591919,0.179897938787902,0.22336255043444,"Lachnoclostridium","03_diabetic_2_vs_02_obesity_1","genus","Not Significant","No Change"
207.01193372807,0.977000853479969,0.395846774648894,2.46812887220451,0.0135821411489131,0.0227644337566291,"Lacrimispora","03_diabetic_2_vs_02_obesity_1","genus","Significant (p < 0.05)","No Change"
1268.86537124859,0.316366947850191,0.419433946697646,0.754271203704566,0.450686389807332,0.525800788108554,"Lachnospira","03_diabetic_2_vs_02_obesity_1","genus","Not Significant","No Change"
6.90369864112363,-2.20352769972889,0.483492343127922,-4.55752346660406,5.1760308901665e-06,1.39988108165867e-05,"Eisenbergiella","03_diabetic_2_vs_02_obesity_1","genus","Highly Significant (p < 0.01)","Enriched in 02_obesity_1"
859.566962205459,-2.98203272234667,0.384273274798587,-7.76018765267938,8.48038134798344e-15,4.58711536550013e-14,"Anaerostipes","03_diabetic_2_vs_02_obesity_1","genus","Highly Significant (p < 0.01)","Enriched in 02_obesity_1"
4.46797384039654,-0.29090823498301,0.427614624867049,-0.680304690405427,0.496311555252015,0.567894952644133,"Wansuia","03_diabetic_2_vs_02_obesity_1","genus","Not Significant","No Change"
64.683990461888,0.101800879821368,0.540545744398821,0.18832981459245,0.850618114835634,0.887925926889829,"Tyzzerella","03_diabetic_2_vs_02_obesity_1","genus","Not Significant","No Change"
21.2564867077468,0.888790681372018,0.515848905022013,1.72296707954452,0.0848944784622285,0.11612003375868,"Hungatella","03_diabetic_2_vs_02_obesity_1","genus","Not Significant","No Change"
978.454389824398,-0.902755306779095,0.399069156956883,-2.262152539332,0.0236879804564833,0.0361393547989938,"Roseburia","03_diabetic_2_vs_02_obesity_1","genus","Significant (p < 0.05)","No Change"
1638.18099774842,-4.54400515145826,0.444934798024587,-10.2127439158111,1.73876884429464e-24,1.88103174973692e-23,"Dorea","03_diabetic_2_vs_02_obesity_1","genus","Highly Significant (p < 0.01)","Enriched in 02_obesity_1"
8.94028390694764,1.75514379439603,0.469504844632902,3.73828686638654,0.000185278468530013,0.000408298847316139,"Stomatobaculum","03_diabetic_2_vs_02_obesity_1","genus","Highly Significant (p < 0.01)","Enriched in 03_diabetic_2"
8.25655964226247,-0.503276175157968,0.447817637204529,-1.12384179037618,0.261080149192659,0.313823613676025,"Anaerotignum","03_diabetic_2_vs_02_obesity_1","genus","Not Significant","No Change"
7019.04347801336,0.07207606251422,0.301770477630214,0.238843981956847,0.811226564338608,0.854300541206145,"Faecalibacterium","03_diabetic_2_vs_02_obesity_1","genus","Not Significant","No Change"
1073.7663809108,-1.5194018480222,0.434496405191085,-3.49692616525558,0.000470652077380791,0.000965648227729555,"Solibaculum","03_diabetic_2_vs_02_obesity_1","genus","Highly Significant (p < 0.01)","Enriched in 02_obesity_1"
191.590872977318,-2.89721517699116,0.449373097990766,-6.44723769612639,1.1390707195817e-10,4.84105055822223e-10,"Flavonifractor","03_diabetic_2_vs_02_obesity_1","genus","Highly Significant (p < 0.01)","Enriched in 02_obesity_1"
1865.99551112906,-1.58129872487086,0.446544658233503,-3.54118831278008,0.000398329174683747,0.000831599505041506,"Ruminococcus","03_diabetic_2_vs_02_obesity_1","genus","Highly Significant (p < 0.01)","Enriched in 02_obesity_1"
286.000685172093,-0.962859391770946,0.473091773324155,-2.03524864743571,0.041825860394856,0.0614478689751589,"Paludihabitans","03_diabetic_2_vs_02_obesity_1","genus","Not Significant","No Change"
158.829144163027,-1.29778937309804,0.461154110700032,-2.81422054576937,0.00488956698525538,0.00909153861320923,"Lawsonibacter","03_diabetic_2_vs_02_obesity_1","genus","Highly Significant (p < 0.01)","Enriched in 02_obesity_1"
75.3204756186897,-0.327170364674281,0.496510219599029,-0.658939840026853,0.509934401210589,0.577925654705334,"Ruthenibacterium","03_diabetic_2_vs_02_obesity_1","genus","Not Significant","No Change"
980.894112632189,2.89848904809589,0.477361149962558,6.07189975204985,1.26405838265513e-09,5.18699819089518e-09,"Vescimonas","03_diabetic_2_vs_02_obesity_1","genus","Highly Significant (p < 0.01)","Enriched in 03_diabetic_2"
29.6158715616719,-1.30609244155341,0.513514386644002,-2.54343885103041,0.0109767268077224,0.0194959774644622,"Pusillibacter","03_diabetic_2_vs_02_obesity_1","genus","Significant (p < 0.05)","Enriched in 02_obesity_1"
34.325003987141,-0.711417163042504,0.433102188726642,-1.64260809933594,0.100464043928069,0.134328328398205,"Anaerotruncus","03_diabetic_2_vs_02_obesity_1","genus","Not Significant","No Change"
199.323277551207,1.85736210794563,0.443872206770955,4.18445237077901,2.85854371142511e-05,7.55926003687974e-05,"Oscillibacter","03_diabetic_2_vs_02_obesity_1","genus","Highly Significant (p < 0.01)","Enriched in 03_diabetic_2"
1404.24909683438,0.146236155710049,0.421483899842245,0.346955496437191,0.728624753031172,0.781138248745131,"Subdoligranulum","03_diabetic_2_vs_02_obesity_1","genus","Not Significant","No Change"
379.188414448757,-2.41686354154153,0.425484955320736,-5.68025616727076,1.34493157764033e-08,4.84990477997573e-08,"Eubacterium","03_diabetic_2_vs_02_obesity_1","genus","Highly Significant (p < 0.01)","Enriched in 02_obesity_1"
439.124010506402,-1.89608063883855,0.468464842727577,-4.04743422750545,5.17821258980426e-05,0.000131107935784406,"Clostridium","03_diabetic_2_vs_02_obesity_1","genus","Highly Significant (p < 0.01)","Enriched in 02_obesity_1"
4.79838132734845,-0.970334073630071,0.417657153973088,-2.32327894877289,0.0201641719543537,0.0315728481916854,"Desulforamulus","03_diabetic_2_vs_02_obesity_1","genus","Significant (p < 0.05)","No Change"
36.5442593221815,-2.84187089945587,0.507052668624452,-5.60468581531261,2.08633062333132e-08,7.30215718165961e-08,"Acutalibacter","03_diabetic_2_vs_02_obesity_1","genus","Highly Significant (p < 0.01)","Enriched in 02_obesity_1"
7.35593235095805,-2.45833965687686,0.439756690030801,-5.59022685181816,2.26773150891012e-08,7.71028713029441e-08,"Mogibacterium","03_diabetic_2_vs_02_obesity_1","genus","Highly Significant (p < 0.01)","Enriched in 02_obesity_1"
26.0218861375201,-1.11710179981801,0.465569706251896,-2.39942974127617,0.0164206306865311,0.0264061493472594,"Emergencia","03_diabetic_2_vs_02_obesity_1","genus","Significant (p < 0.05)","Enriched in 02_obesity_1"
205.870514638212,-5.40288313327836,0.55373257751522,-9.75720655180316,1.71822770235512e-22,1.46049354700185e-21,"Intestinibacter","03_diabetic_2_vs_02_obesity_1","genus","Highly Significant (p < 0.01)","Enriched in 02_obesity_1"
80.5924807908265,2.41949068072681,0.522831095598834,4.62767173011315,3.69799559021724e-06,1.02339877961826e-05,"Christensenella","03_diabetic_2_vs_02_obesity_1","genus","Highly Significant (p < 0.01)","Enriched in 03_diabetic_2"
2835.67253906217,-0.834946855274363,0.578678811500497,-1.44285022828012,0.149062666346066,0.190736099948193,"Phascolarctobacterium","03_diabetic_2_vs_02_obesity_1","genus","Not Significant","No Change"
318.475783334234,-5.42803996979281,0.70442632897059,-7.70561767292975,1.30211927020989e-14,6.73705187630335e-14,"Acidaminococcus","03_diabetic_2_vs_02_obesity_1","genus","Highly Significant (p < 0.01)","Enriched in 02_obesity_1"
140.638037195727,-1.44919870772882,0.701723032121814,-2.06520043007117,0.0389040398559435,0.0586022878842694,"Megasphaera","03_diabetic_2_vs_02_obesity_1","genus","Not Significant","No Change"
21.4269611035779,-4.47878661046337,0.499448031324479,-8.96747274903885,3.03395529215708e-19,2.0057815542594e-18,"Longicatena","03_diabetic_2_vs_02_obesity_1","genus","Highly Significant (p < 0.01)","Enriched in 02_obesity_1"
7.22462089443225,-1.48493516208764,0.408471240459448,-3.63534813471172,0.000277605492343708,0.000600637337980022,"Holdemania","03_diabetic_2_vs_02_obesity_1","genus","Highly Significant (p < 0.01)","Enriched in 02_obesity_1"
44.4626475765226,-2.51004697352254,0.529310952698676,-4.74210284280938,2.11511197280319e-06,6.13898353081901e-06,"Thomasclavelia","03_diabetic_2_vs_02_obesity_1","genus","Highly Significant (p < 0.01)","Enriched in 02_obesity_1"
407.226242268871,-2.99522519621756,0.519646199307856,-5.76397017856968,8.21579383133019e-09,3.05524833102591e-08,"Streptococcus","03_diabetic_2_vs_02_obesity_1","genus","Highly Significant (p < 0.01)","Enriched in 02_obesity_1"
4.95659977043807,-1.19815690666974,0.425737721906991,-2.81430760070515,0.00488824291982143,0.00909153861320923,"Staphylococcus","03_diabetic_2_vs_02_obesity_1","genus","Highly Significant (p < 0.01)","Enriched in 02_obesity_1"
1241.54042161487,-7.31976396104781,0.57392017498168,-12.753975692319,2.96243083090983e-37,8.81323172195675e-36,"Bifidobacterium","03_diabetic_2_vs_02_obesity_1","genus","Highly Significant (p < 0.01)","Enriched in 02_obesity_1"
10.0283626748649,-3.78103837626585,0.403503352284619,-9.37052531251047,7.21724181889986e-21,5.0520692732299e-20,"Schaalia","03_diabetic_2_vs_02_obesity_1","genus","Highly Significant (p < 0.01)","Enriched in 02_obesity_1"
28.4559974331337,-5.37803884894865,0.525785488992425,-10.2285798325372,1.47668939368938e-24,1.88103174973692e-23,"Eggerthella","03_diabetic_2_vs_02_obesity_1","genus","Highly Significant (p < 0.01)","Enriched in 02_obesity_1"
19.1050723284319,-4.33981794527343,0.484542551291626,-8.95652597218747,3.3506854593573e-19,2.09858720875536e-18,"Gordonibacter","03_diabetic_2_vs_02_obesity_1","genus","Highly Significant (p < 0.01)","Enriched in 02_obesity_1"
11.1441221602519,-3.2574691507538,0.442200317706588,-7.36650115415616,1.75164428032899e-13,8.01714112919805e-13,"Adlercreutzia","03_diabetic_2_vs_02_obesity_1","genus","Highly Significant (p < 0.01)","Enriched in 02_obesity_1"
10361.3025921036,-0.0629971150208421,0.387936465910878,-0.162390289536005,0.870998517174982,0.901294117772373,"Phocaeicola","03_diabetic_2_vs_02_obesity_1","genus","Not Significant","No Change"
9408.1758146354,0.041119242934453,0.365902790325276,0.112377505779334,0.910524090125511,0.934072126939102,"Bacteroides","03_diabetic_2_vs_02_obesity_1","genus","Not Significant","No Change"
9902.32301107703,1.51044279038502,0.796875339133459,1.89545681263962,0.0580319081270305,0.08320237430261,"Segatella","03_diabetic_2_vs_02_obesity_1","genus","Not Significant","No Change"
1504.56465614199,2.19871683745594,0.688843000460225,3.19189835127446,0.00141341063862909,0.00280326443328103,"Prevotella","03_diabetic_2_vs_02_obesity_1","genus","Highly Significant (p < 0.01)","Enriched in 03_diabetic_2"
1921.84713238006,-0.261397054442192,0.459623999938324,-0.568719332491924,0.569546625945007,0.633421013901456,"Parabacteroides","03_diabetic_2_vs_02_obesity_1","genus","Not Significant","No Change"
2036.01891081419,0.738828170181296,0.428256619425979,1.72519965055437,0.0844914986561319,0.11612003375868,"Alistipes","03_diabetic_2_vs_02_obesity_1","genus","Not Significant","No Change"
4397.38408898853,-7.65828924750357,0.650396065721577,-11.7748086913889,5.26363795722767e-32,1.04395486151682e-30,"Akkermansia","03_diabetic_2_vs_02_obesity_1","genus","Highly Significant (p < 0.01)","Enriched in 02_obesity_1"
5.14735565686649,-1.07604230729697,0.436874376047272,-2.4630474257445,0.0137761692283491,0.0227689463635215,"Coraliomargarita","03_diabetic_2_vs_02_obesity_1","genus","Significant (p < 0.05)","Enriched in 02_obesity_1"
553.056388145305,-2.64012259476876,0.663464009161624,-3.979300396573,6.91183624523228e-05,0.000167858880241355,"Turicimonas","03_diabetic_2_vs_02_obesity_1","genus","Highly Significant (p < 0.01)","Enriched in 02_obesity_1"
35.1548654316897,-5.75378032043704,0.555260837719129,-10.3623016960319,3.67998211135886e-25,5.47397339064631e-24,"Yersinia","03_diabetic_2_vs_02_obesity_1","genus","Highly Significant (p < 0.01)","Enriched in 02_obesity_1"
48.0348858907864,1.51774883540685,0.614202417677008,2.47108899562325,0.0134702291758244,0.0227644337566291,"Klebsiella","03_diabetic_2_vs_02_obesity_1","genus","Significant (p < 0.05)","Enriched in 03_diabetic_2"
775.54812252367,-1.80721084798847,0.480218192038361,-3.76331192351853,0.000167677842741566,0.000383724293966276,"Coprococcus","03_diabetic_2_vs_02_obesity_1","genus","Highly Significant (p < 0.01)","Enriched in 02_obesity_1"
18.8091841335923,5.07322388881284,0.518159840588896,9.79084732434503,1.23258579074083e-22,1.12829006998583e-21,"Ligilactobacillus","03_diabetic_2_vs_02_obesity_1","genus","Highly Significant (p < 0.01)","Enriched in 03_diabetic_2"
640.737885130368,-7.04061370901699,0.544154104216263,-12.9386393568739,2.72411365190952e-38,1.08056508192411e-36,"Faecalibacillus","03_diabetic_2_vs_02_obesity_1","genus","Highly Significant (p < 0.01)","Enriched in 02_obesity_1"
31.1395656360107,0.857437082114391,0.590043445663935,1.45317618289883,0.146174843176896,0.189073981935333,"Haemophilus","03_diabetic_2_vs_02_obesity_1","genus","Not Significant","No Change"
69.4877805015736,-0.0489752440729343,0.514737851960625,-0.0951459930261369,0.924198866601679,0.939997137825639,"Butyricimonas","03_diabetic_2_vs_02_obesity_1","genus","Not Significant","No Change"
165.467244442395,-0.288983140863309,0.60482600008129,-0.477795499572553,0.632795764632437,0.697247185104259,"Barnesiella","03_diabetic_2_vs_02_obesity_1","genus","Not Significant","No Change"
25.7789274836779,1.38453276778651,0.555112800855383,2.49414671334017,0.0126260344930479,0.021775334850329,"Coprobacter","03_diabetic_2_vs_02_obesity_1","genus","Significant (p < 0.05)","Enriched in 03_diabetic_2"
58.0715378571428,-1.95364214815043,0.521366689598409,-3.74715567205733,0.000178851098451193,0.000401571334258338,"Aureibaculum","03_diabetic_2_vs_02_obesity_1","genus","Highly Significant (p < 0.01)","Enriched in 02_obesity_1"
6.51198512437938,-0.670487925275139,0.381720049836531,-1.75649124420441,0.079004565168579,0.110606391236011,"Spirosoma","03_diabetic_2_vs_02_obesity_1","genus","Not Significant","No Change"
6.93798775374692,1.27861868767869,0.437681145026028,2.92134742885178,0.00348520931909994,0.00668935337053052,"Petroclostridium","03_diabetic_2_vs_02_obesity_1","genus","Highly Significant (p < 0.01)","Enriched in 03_diabetic_2"
293.123135411026,0.967495770907668,0.550619178764203,1.7571051067983,0.0788998954474012,0.110606391236011,"Aristaeella","03_diabetic_2_vs_02_obesity_1","genus","Not Significant","No Change"
40.355275865416,-1.22885813297678,0.479586210188743,-2.56232999796462,0.0103972475219658,0.018746552350211,"Intestinimonas","03_diabetic_2_vs_02_obesity_1","genus","Significant (p < 0.05)","Enriched in 02_obesity_1"
9.21333340756902,0.327930052566652,0.506887449267576,0.646948455797223,0.517665303575484,0.581152557787571,"Caldinitratiruptor","03_diabetic_2_vs_02_obesity_1","genus","Not Significant","No Change"
18.7543557625213,-2.54253987524773,0.528534217929236,-4.81054923030195,1.50516123848076e-06,4.47785468448025e-06,"Agathobacter","03_diabetic_2_vs_02_obesity_1","genus","Highly Significant (p < 0.01)","Enriched in 02_obesity_1"
23.5618214883744,2.01527288922308,0.500853377192886,4.02367834777915,5.72961578866622e-05,0.000142046724760683,"Candidatus Epulonipiscium","03_diabetic_2_vs_02_obesity_1","genus","Highly Significant (p < 0.01)","Enriched in 03_diabetic_2"
854.917429152902,2.10509169640629,0.532743415115268,3.95141758054544,7.76896285907731e-05,0.00018490131604604,"Simiaoa","03_diabetic_2_vs_02_obesity_1","genus","Highly Significant (p < 0.01)","Enriched in 03_diabetic_2"
30.254849760062,1.10805021270082,0.540900246919291,2.04852968548589,0.0405081264367703,0.0602558380746958,"Anaeropeptidivorans","03_diabetic_2_vs_02_obesity_1","genus","Not Significant","No Change"
5.30847482466437,-0.271603975577817,0.377699998377596,-0.719099753096339,0.472079459447844,0.545412191012558,"Cellulosilyticum","03_diabetic_2_vs_02_obesity_1","genus","Not Significant","No Change"
17.4467346464749,-2.47404558880554,0.501946638339031,-4.92890159996348,8.26932077124974e-07,2.58960308362821e-06,"Monoglobus","03_diabetic_2_vs_02_obesity_1","genus","Highly Significant (p < 0.01)","Enriched in 02_obesity_1"
60.9199961848019,-0.653355758096572,0.459831963268121,-1.42085763993664,0.155358149837645,0.196676806709358,"Enterococcus","03_diabetic_2_vs_02_obesity_1","genus","Not Significant","No Change"
312.99793292374,-0.724986399680901,0.694522866786511,-1.04386253405211,0.296548994412696,0.349399310248622,"Dehalococcoides","03_diabetic_2_vs_02_obesity_1","genus","Not Significant","No Change"
328.671668453409,1.71502224944855,0.680070441543753,2.5218303056305,0.0116746012194316,0.0204305521340053,"Sutterella","03_diabetic_2_vs_02_obesity_1","genus","Significant (p < 0.05)","Enriched in 03_diabetic_2"
688.777246122893,-2.39000387155375,0.717484783654267,-3.3310864927073,0.000865077188573217,0.00174481670237649,"Dialister","03_diabetic_2_vs_02_obesity_1","genus","Highly Significant (p < 0.01)","Enriched in 02_obesity_1"
50.6391383843365,0.683885924926985,0.576696105893269,1.18586881017288,0.235674112145445,0.286175707605183,"Veillonella","03_diabetic_2_vs_02_obesity_1","genus","Not Significant","No Change"
118.371265376822,-1.49466762173491,0.611150102647253,-2.44566370071873,0.0144585794614241,0.0235694651494448,"Allobaculum","03_diabetic_2_vs_02_obesity_1","genus","Significant (p < 0.05)","Enriched in 02_obesity_1"
7.57667198054909,-1.89467946013659,0.48262699318077,-3.92576355427126,8.64550495423153e-05,0.000201728448932069,"Flintibacter","03_diabetic_2_vs_02_obesity_1","genus","Highly Significant (p < 0.01)","Enriched in 02_obesity_1"
163.706316201844,0.167338145022217,0.625888512795551,0.267360946240723,0.789191265638827,0.838515719741253,"Anaeromicropila","03_diabetic_2_vs_02_obesity_1","genus","Not Significant","No Change"
51.7562345577553,-5.02966856208329,0.534756750915979,-9.40552607043863,5.17705714073271e-21,3.85043624841995e-20,"Terrisporobacter","03_diabetic_2_vs_02_obesity_1","genus","Highly Significant (p < 0.01)","Enriched in 02_obesity_1"
25.7912129561299,-5.24308410410418,0.524989029549426,-9.98703555501736,1.73698716677862e-23,1.72251227372213e-22,"Romboutsia","03_diabetic_2_vs_02_obesity_1","genus","Highly Significant (p < 0.01)","Enriched in 02_obesity_1"
72.8843223452886,-6.81959829520467,0.521573487054055,-13.0750478398031,4.57276172940758e-39,2.72079322899751e-37,"Clostridioides","03_diabetic_2_vs_02_obesity_1","genus","Highly Significant (p < 0.01)","Enriched in 02_obesity_1"
7.92065113637623,-2.44557048960464,0.418150987035318,-5.84853453759295,4.95922679843951e-09,1.96715996338101e-08,"Aminipila","03_diabetic_2_vs_02_obesity_1","genus","Highly Significant (p < 0.01)","Enriched in 02_obesity_1"
62.3736059855466,-3.27566517026934,0.568226584586265,-5.76471650416428,8.17952151431901e-09,3.05524833102591e-08,"Turicibacter","03_diabetic_2_vs_02_obesity_1","genus","Highly Significant (p < 0.01)","Enriched in 02_obesity_1"
244.637120590636,-7.76553571796128,0.481247484498765,-16.1362624597391,1.41876606962406e-58,1.68833162285264e-56,"Collinsella","03_diabetic_2_vs_02_obesity_1","genus","Highly Significant (p < 0.01)","Enriched in 02_obesity_1"
174.693144353814,0.80895341973199,0.485348004453858,1.66674924447721,0.095564276467528,0.129228964768589,"Odoribacter","03_diabetic_2_vs_02_obesity_1","genus","Not Significant","No Change"
246.716427231501,-1.73940989942652,0.750559971009436,-2.31748290158236,0.0204774410057592,0.0316469542816279,"Salmonella","03_diabetic_2_vs_02_obesity_1","genus","Significant (p < 0.05)","Enriched in 02_obesity_1"
40.2403966067785,-0.245387412570609,0.595308347804923,-0.412202203237069,0.680191222401511,0.73584323150709,"Escherichia","03_diabetic_2_vs_02_obesity_1","genus","Not Significant","No Change"
28.4924956996908,-1.65036585278097,0.519872644213841,-3.17455798290113,0.00150064905416329,0.00292749569582675,"Desulfovibrio","03_diabetic_2_vs_02_obesity_1","genus","Highly Significant (p < 0.01)","Enriched in 02_obesity_1"
335.186472132345,-0.954943083955001,0.617072649809702,-1.54753752941326,0.12173368205445,0.159190199609666,"Paraprevotella","03_diabetic_2_vs_02_obesity_1","genus","Not Significant","No Change"
185.840280590632,-1.67512545429503,0.71725676449006,-2.33546135390716,0.0195193325160867,0.0309706742588576,"Cupriavidus","03_diabetic_2_vs_02_obesity_1","genus","Significant (p < 0.05)","Enriched in 02_obesity_1"
34.4377067608108,2.17683370072893,0.601767330684431,3.61740092845032,0.000297576175013628,0.000632349371903959,"Duodenibacillus","03_diabetic_2_vs_02_obesity_1","genus","Highly Significant (p < 0.01)","Enriched in 03_diabetic_2"
652.960503735001,5.82618558068408,0.749663813732572,7.77173110660835,7.74206654927087e-15,4.38717104458682e-14,"Megamonas","03_diabetic_2_vs_02_obesity_1","genus","Highly Significant (p < 0.01)","Enriched in 03_diabetic_2"
107.169870627709,3.10311426784168,0.606006132624088,5.12059878735019,3.04567016450776e-07,1.00676319326784e-06,"Bacillus","03_diabetic_2_vs_02_obesity_1","genus","Highly Significant (p < 0.01)","Enriched in 03_diabetic_2"
98.531102223588,1.04511768057996,0.638581757015112,1.63662314041838,0.101709237442922,0.134482213952308,"Hoylesella","03_diabetic_2_vs_02_obesity_1","genus","Not Significant","No Change"
11.4041736918256,2.32885923719774,0.479407708116474,4.85778429877047,1.18706623689254e-06,3.62207390231313e-06,"Acetivibrio","03_diabetic_2_vs_02_obesity_1","genus","Highly Significant (p < 0.01)","Enriched in 03_diabetic_2"
5.38120981747114,-0.0111268865331013,0.425687819576289,-0.0261386067944733,0.979146783804068,0.979146783804068,"Anoxybacillus","03_diabetic_2_vs_02_obesity_1","genus","Not Significant","No Change"
15.8795867683159,-4.20708156144428,0.527769805433592,-7.97143284464318,1.56845117062723e-15,9.33228446523201e-15,"Parolsenella","03_diabetic_2_vs_02_obesity_1","genus","Highly Significant (p < 0.01)","Enriched in 02_obesity_1"
122.266752177851,-0.689737447435895,0.634669643767628,-1.0867660903732,0.277140197404644,0.329796834911526,"Catenibacterium","03_diabetic_2_vs_02_obesity_1","genus","Not Significant","No Change"
8.32093816600306,-3.38819033176832,0.458549437745888,-7.38893138420101,1.48013520042846e-13,7.04544355403945e-13,"Lactobacillus","03_diabetic_2_vs_02_obesity_1","genus","Highly Significant (p < 0.01)","Enriched in 02_obesity_1"
8.2864406288751,-3.17878745040298,0.469863971201515,-6.7653355976078,1.33000543835142e-11,5.86187582088217e-11,"Massilistercora","03_diabetic_2_vs_02_obesity_1","genus","Highly Significant (p < 0.01)","Enriched in 02_obesity_1"
6.98976266520323,0.862030733512621,0.443695757822703,1.94284195490794,0.0520352569743033,0.0755145802431963,"Pseudomonas","03_diabetic_2_vs_02_obesity_1","genus","Not Significant","No Change"
5.25909339979985,3.69926679103506,0.379439798248737,9.74928515171216,1.85771763363918e-22,1.47378932268708e-21,"Caldilinea","03_diabetic_2_vs_02_obesity_1","genus","Highly Significant (p < 0.01)","Enriched in 03_diabetic_2"
15.8287636600205,2.17887498782559,0.536865068742912,4.05851509938523,4.9385740771389e-05,0.000127758764169463,"Dellaglioa","03_diabetic_2_vs_02_obesity_1","genus","Highly Significant (p < 0.01)","Enriched in 03_diabetic_2"
7.85498937963287,-0.586809741802174,0.464948667090759,-1.26209576096629,0.206914330438441,0.25384335383685,"Vibrio","03_diabetic_2_vs_02_obesity_1","genus","Not Significant","No Change"
17.8468289807747,1.53246587287276,0.56960276089108,2.69041159575032,0.00713639402499589,0.0130650905996079,"Fusobacterium","03_diabetic_2_vs_02_obesity_1","genus","Significant (p < 0.05)","Enriched in 03_diabetic_2"
9.01836946649089,0.021166063982151,0.493660285254305,0.0428757682446491,0.965800565122339,0.973985315674224,"Caproicibacterium","03_diabetic_2_vs_02_obesity_1","genus","Not Significant","No Change"
