"baseMean","log2FoldChange","lfcSE","stat","pvalue","padj","taxon","comparison","level","significance","direction"
2995.65313258165,0.841579163089657,0.317765971817366,2.64842443096251,0.00808679266709297,0.0135539201040009,"Blautia","04_t2d_obesity_3_vs_01_normal_2","genus","Significant (p < 0.05)","No Change"
456.801587510784,2.00148146449785,0.51533212305977,3.88386707316849,0.000102808128241312,0.000254878484598252,"Anaerobutyricum","04_t2d_obesity_3_vs_01_normal_2","genus","Highly Significant (p < 0.01)","Enriched in 04_t2d_obesity_3"
16.2508350381226,3.73764102558669,0.487162002294491,7.67227535805896,1.68971721779912e-14,5.02690872295237e-13,"Sellimonas","04_t2d_obesity_3_vs_01_normal_2","genus","Highly Significant (p < 0.01)","Enriched in 04_t2d_obesity_3"
2666.71208427051,1.15753995419271,0.376706935798297,3.0727864135013,0.00212070214966318,0.00384295988065144,"Mediterraneibacter","04_t2d_obesity_3_vs_01_normal_2","genus","Highly Significant (p < 0.01)","Enriched in 04_t2d_obesity_3"
33.6253208859393,1.528477218856,0.519044345831579,2.94479119391461,0.0032317268134621,0.00549393558288556,"Lachnoanaerobaculum","04_t2d_obesity_3_vs_01_normal_2","genus","Highly Significant (p < 0.01)","Enriched in 04_t2d_obesity_3"
1231.32265343221,0.732636925266295,0.461496851221053,1.5875231289831,0.112394212846886,0.145379470964994,"Enterocloster","04_t2d_obesity_3_vs_01_normal_2","genus","Not Significant","No Change"
127.538455077089,0.49767270529052,0.537961613335197,0.92510821024032,0.354909622782303,0.406098510683597,"Chakrabartyella","04_t2d_obesity_3_vs_01_normal_2","genus","Not Significant","No Change"
712.134467986084,-0.530292374450993,0.39692620530925,-1.3359973903407,0.181550126285562,0.22625868324554,"Claveliimonas","04_t2d_obesity_3_vs_01_normal_2","genus","Not Significant","No Change"
463.065329948145,-2.23183057115591,0.347035511567678,-6.43113023527181,1.26658577717064e-10,1.15941313448697e-09,"Lachnoclostridium","04_t2d_obesity_3_vs_01_normal_2","genus","Highly Significant (p < 0.01)","Enriched in 01_normal_2"
207.01193372807,-0.950567261491521,0.428684480614161,-2.21740535166955,0.0265954043415818,0.039072260699361,"Lacrimispora","04_t2d_obesity_3_vs_01_normal_2","genus","Significant (p < 0.05)","No Change"
1268.86537124859,-1.50205800196201,0.45358161115226,-3.3115495977587,0.000927807916042372,0.00187134138998377,"Lachnospira","04_t2d_obesity_3_vs_01_normal_2","genus","Highly Significant (p < 0.01)","Enriched in 01_normal_2"
6.90369864112363,-1.35889697978399,0.538246224201416,-2.52467535986928,0.0115805212236444,0.0186227300758606,"Eisenbergiella","04_t2d_obesity_3_vs_01_normal_2","genus","Significant (p < 0.05)","Enriched in 01_normal_2"
859.566962205459,-0.677670595256406,0.415694066337782,-1.63021474236235,0.10305611919715,0.134765694334734,"Anaerostipes","04_t2d_obesity_3_vs_01_normal_2","genus","Not Significant","No Change"
4.46797384039654,0.987928820700924,0.478166071896895,2.06607887670029,0.0388210324097403,0.0543494453736364,"Wansuia","04_t2d_obesity_3_vs_01_normal_2","genus","Not Significant","No Change"
64.683990461888,-0.227944424116329,0.58569631206383,-0.389185349849852,0.69713903999319,0.727715313677102,"Tyzzerella","04_t2d_obesity_3_vs_01_normal_2","genus","Not Significant","No Change"
21.2564867077468,-1.86015947641003,0.57343712161672,-3.24387697672168,0.00117914662593145,0.00226320078202973,"Hungatella","04_t2d_obesity_3_vs_01_normal_2","genus","Highly Significant (p < 0.01)","Enriched in 01_normal_2"
978.454389824398,0.903183003046507,0.431581973251663,2.0927264321113,0.0363735823170329,0.0515292416157966,"Roseburia","04_t2d_obesity_3_vs_01_normal_2","genus","Not Significant","No Change"
1638.18099774842,3.67161771941824,0.481031724250497,7.63279745247373,2.29713644785178e-14,5.46718474588723e-13,"Dorea","04_t2d_obesity_3_vs_01_normal_2","genus","Highly Significant (p < 0.01)","Enriched in 04_t2d_obesity_3"
8.94028390694764,-0.256164477227351,0.499565784144482,-0.512774263886063,0.608109234398715,0.640398220295992,"Stomatobaculum","04_t2d_obesity_3_vs_01_normal_2","genus","Not Significant","No Change"
8.25655964226247,1.69274965665786,0.506725796275441,3.34056341536189,0.000836085841385205,0.00174551254604981,"Anaerotignum","04_t2d_obesity_3_vs_01_normal_2","genus","Highly Significant (p < 0.01)","Enriched in 04_t2d_obesity_3"
7019.04347801336,-0.228250106499279,0.32625337605432,-0.699609945066978,0.484170930072168,0.514431613201678,"Faecalibacterium","04_t2d_obesity_3_vs_01_normal_2","genus","Not Significant","No Change"
1073.7663809108,3.28952772583083,0.469735076140938,7.00294249442816,2.5064172910254e-12,2.98263657632023e-11,"Solibaculum","04_t2d_obesity_3_vs_01_normal_2","genus","Highly Significant (p < 0.01)","Enriched in 04_t2d_obesity_3"
191.590872977318,0.393347827331286,0.485537049457897,0.81012937688372,0.417865821854705,0.456202135786329,"Flavonifractor","04_t2d_obesity_3_vs_01_normal_2","genus","Not Significant","No Change"
1865.99551112906,2.70786213863282,0.482772688165788,5.60897955706831,2.0352306005379e-08,9.71212061807173e-08,"Ruminococcus","04_t2d_obesity_3_vs_01_normal_2","genus","Highly Significant (p < 0.01)","Enriched in 04_t2d_obesity_3"
286.000685172093,1.70429108244219,0.511155337453385,3.33419404546003,0.000855469555142736,0.00175518753555148,"Paludihabitans","04_t2d_obesity_3_vs_01_normal_2","genus","Highly Significant (p < 0.01)","Enriched in 04_t2d_obesity_3"
158.829144163027,2.92172145270461,0.495730469879134,5.89377016388959,3.77482124285447e-09,2.24601863949841e-08,"Lawsonibacter","04_t2d_obesity_3_vs_01_normal_2","genus","Highly Significant (p < 0.01)","Enriched in 04_t2d_obesity_3"
75.3204756186897,1.61508490755809,0.53580402975834,3.01432019517757,0.00257555825803876,0.00450722695156784,"Ruthenibacterium","04_t2d_obesity_3_vs_01_normal_2","genus","Highly Significant (p < 0.01)","Enriched in 04_t2d_obesity_3"
980.894112632189,1.34771234246658,0.515955230933095,2.61207225291478,0.00899952320616216,0.0148742119657402,"Vescimonas","04_t2d_obesity_3_vs_01_normal_2","genus","Significant (p < 0.05)","Enriched in 04_t2d_obesity_3"
29.6158715616719,1.18629381777838,0.545420301153283,2.17500854894836,0.0296294757562841,0.042600683681743,"Pusillibacter","04_t2d_obesity_3_vs_01_normal_2","genus","Significant (p < 0.05)","Enriched in 04_t2d_obesity_3"
34.325003987141,3.25668077280939,0.469822959579904,6.93171907929187,4.15756955996089e-12,4.12292314696122e-11,"Anaerotruncus","04_t2d_obesity_3_vs_01_normal_2","genus","Highly Significant (p < 0.01)","Enriched in 04_t2d_obesity_3"
199.323277551207,1.10292669057569,0.479474663186689,2.30028148566893,0.0214322778943935,0.032796532542155,"Oscillibacter","04_t2d_obesity_3_vs_01_normal_2","genus","Significant (p < 0.05)","Enriched in 04_t2d_obesity_3"
1404.24909683438,0.719608688981276,0.455693037666113,1.57915225711334,0.114301137789797,0.146256294591246,"Subdoligranulum","04_t2d_obesity_3_vs_01_normal_2","genus","Not Significant","No Change"
379.188414448757,1.41154388807416,0.459593775790289,3.07128591036064,0.00213138951363861,0.00384295988065144,"Eubacterium","04_t2d_obesity_3_vs_01_normal_2","genus","Highly Significant (p < 0.01)","Enriched in 04_t2d_obesity_3"
439.124010506402,0.46471734445923,0.506591885296608,0.91734067983963,0.358964146819545,0.406826033062151,"Clostridium","04_t2d_obesity_3_vs_01_normal_2","genus","Not Significant","No Change"
4.79838132734845,-0.543366011068943,0.45653106479951,-1.19020599684179,0.233965436765509,0.278418869750955,"Desulforamulus","04_t2d_obesity_3_vs_01_normal_2","genus","Not Significant","No Change"
36.5442593221815,2.3101264805713,0.545336492597316,4.23614871172234,2.27386210796333e-05,6.14976342835538e-05,"Acutalibacter","04_t2d_obesity_3_vs_01_normal_2","genus","Highly Significant (p < 0.01)","Enriched in 04_t2d_obesity_3"
7.35593235095805,1.67064655494255,0.449740611280068,3.71468911866219,0.000203453664272481,0.000474725216635788,"Mogibacterium","04_t2d_obesity_3_vs_01_normal_2","genus","Highly Significant (p < 0.01)","Enriched in 04_t2d_obesity_3"
26.0218861375201,3.03656996588526,0.503865560285414,6.0265479628439,1.67498621359972e-09,1.10735199676871e-08,"Emergencia","04_t2d_obesity_3_vs_01_normal_2","genus","Highly Significant (p < 0.01)","Enriched in 04_t2d_obesity_3"
205.870514638212,-0.0223632347849742,0.613132743385177,-0.036473724533947,0.970904629548918,0.970904629548918,"Intestinibacter","04_t2d_obesity_3_vs_01_normal_2","genus","Not Significant","No Change"
80.5924807908265,-0.832435665401344,0.565756463240471,-1.47136748669811,0.141191761308209,0.178742761656137,"Christensenella","04_t2d_obesity_3_vs_01_normal_2","genus","Not Significant","No Change"
2835.67253906217,4.49259128356729,0.625612580501398,7.18110764327454,6.91488799022644e-13,1.02858958854618e-11,"Phascolarctobacterium","04_t2d_obesity_3_vs_01_normal_2","genus","Highly Significant (p < 0.01)","Enriched in 04_t2d_obesity_3"
318.475783334234,3.86531097551131,0.761608326865183,5.07519526660261,3.87098270087248e-07,1.35484394530537e-06,"Acidaminococcus","04_t2d_obesity_3_vs_01_normal_2","genus","Highly Significant (p < 0.01)","Enriched in 04_t2d_obesity_3"
140.638037195727,2.94668273876123,0.759688932639729,3.8788017202281,0.00010497227122055,0.000254932658678479,"Megasphaera","04_t2d_obesity_3_vs_01_normal_2","genus","Highly Significant (p < 0.01)","Enriched in 04_t2d_obesity_3"
21.4269611035779,-0.512898076458286,0.585447360900824,-0.876078894042827,0.380987145788467,0.423714676157267,"Longicatena","04_t2d_obesity_3_vs_01_normal_2","genus","Not Significant","No Change"
7.22462089443225,-2.619453875452,0.495214560797606,-5.28953323026898,1.22628902327022e-07,4.86427979230522e-07,"Holdemania","04_t2d_obesity_3_vs_01_normal_2","genus","Highly Significant (p < 0.01)","Enriched in 01_normal_2"
44.4626475765226,-2.88442615529834,0.598447256192309,-4.81985024653774,1.43666022223178e-06,4.38365554988672e-06,"Thomasclavelia","04_t2d_obesity_3_vs_01_normal_2","genus","Highly Significant (p < 0.01)","Enriched in 01_normal_2"
407.226242268871,2.74818481707058,0.563412691812686,4.8777474434038,1.07304194114834e-06,3.38921121360083e-06,"Streptococcus","04_t2d_obesity_3_vs_01_normal_2","genus","Highly Significant (p < 0.01)","Enriched in 04_t2d_obesity_3"
4.95659977043807,-1.23397634355446,0.529468501852257,-2.33059443430081,0.0197747552484792,0.0309631036127503,"Staphylococcus","04_t2d_obesity_3_vs_01_normal_2","genus","Significant (p < 0.05)","Enriched in 01_normal_2"
1241.54042161487,3.93527224680686,0.618895724106487,6.35853843147535,2.03682429087863e-10,1.73130064724683e-09,"Bifidobacterium","04_t2d_obesity_3_vs_01_normal_2","genus","Highly Significant (p < 0.01)","Enriched in 04_t2d_obesity_3"
10.0283626748649,0.382140283153666,0.463555112617096,0.824368608505285,0.409730145902979,0.451461920022727,"Schaalia","04_t2d_obesity_3_vs_01_normal_2","genus","Not Significant","No Change"
28.4559974331337,2.52455394861609,0.567595708905683,4.44780309118861,8.67529995425001e-06,2.45800165370417e-05,"Eggerthella","04_t2d_obesity_3_vs_01_normal_2","genus","Highly Significant (p < 0.01)","Enriched in 04_t2d_obesity_3"
19.1050723284319,3.7414898268718,0.518178648817603,7.22046312677927,5.18108175855575e-13,8.80783898954478e-12,"Gordonibacter","04_t2d_obesity_3_vs_01_normal_2","genus","Highly Significant (p < 0.01)","Enriched in 04_t2d_obesity_3"
11.1441221602519,3.29822075418262,0.472266286777701,6.98381579741073,2.87268666656936e-12,3.1077246665614e-11,"Adlercreutzia","04_t2d_obesity_3_vs_01_normal_2","genus","Highly Significant (p < 0.01)","Enriched in 04_t2d_obesity_3"
10361.3025921036,-0.842143272629088,0.419410911054179,-2.00791932311055,0.0446518654588895,0.0617857208093936,"Phocaeicola","04_t2d_obesity_3_vs_01_normal_2","genus","Not Significant","No Change"
9408.1758146354,-0.348942002740191,0.395583186124322,-0.882095131896044,0.37772536454732,0.423714676157267,"Bacteroides","04_t2d_obesity_3_vs_01_normal_2","genus","Not Significant","No Change"
9902.32301107703,0.281006749566568,0.86147802410633,0.326191431125681,0.744279524131749,0.763528132514467,"Segatella","04_t2d_obesity_3_vs_01_normal_2","genus","Not Significant","No Change"
1504.56465614199,1.4042668736882,0.744722466073398,1.88562442743576,0.0593455832522453,0.0797515937323609,"Prevotella","04_t2d_obesity_3_vs_01_normal_2","genus","Not Significant","No Change"
1921.84713238006,0.470956643122337,0.496904622860527,0.947780764065314,0.343241075181765,0.396560077151748,"Parabacteroides","04_t2d_obesity_3_vs_01_normal_2","genus","Not Significant","No Change"
2036.01891081419,1.71675376825685,0.46288818420874,3.7087871905641,0.000208254363117022,0.000476582100210107,"Alistipes","04_t2d_obesity_3_vs_01_normal_2","genus","Highly Significant (p < 0.01)","Enriched in 04_t2d_obesity_3"
4397.38408898853,10.4549445999736,0.700130792815876,14.9328449873267,2.01483061731975e-50,1.19882421730525e-48,"Akkermansia","04_t2d_obesity_3_vs_01_normal_2","genus","Highly Significant (p < 0.01)","Enriched in 04_t2d_obesity_3"
5.14735565686649,-0.604327232822883,0.466613296580518,-1.29513504491101,0.195273647394004,0.239562515875118,"Coraliomargarita","04_t2d_obesity_3_vs_01_normal_2","genus","Not Significant","No Change"
553.056388145305,2.75771889633911,0.717141989244966,3.84542940965225,0.000120341506198688,0.000286412784752878,"Turicimonas","04_t2d_obesity_3_vs_01_normal_2","genus","Highly Significant (p < 0.01)","Enriched in 04_t2d_obesity_3"
35.1548654316897,2.11121340109146,0.601777968019526,3.50829294737982,0.00045099213883345,0.000975782991294192,"Yersinia","04_t2d_obesity_3_vs_01_normal_2","genus","Highly Significant (p < 0.01)","Enriched in 04_t2d_obesity_3"
48.0348858907864,-2.14576500013818,0.676604698563597,-3.17137171038503,0.00151720866330974,0.00286583858625173,"Klebsiella","04_t2d_obesity_3_vs_01_normal_2","genus","Highly Significant (p < 0.01)","Enriched in 01_normal_2"
775.54812252367,2.21108263359932,0.519157637352526,4.25898123135559,2.05360710488306e-05,5.68323826700194e-05,"Coprococcus","04_t2d_obesity_3_vs_01_normal_2","genus","Highly Significant (p < 0.01)","Enriched in 04_t2d_obesity_3"
18.8091841335923,-3.33007064504657,0.573953878470906,-5.80198299890986,6.55352080204939e-09,3.39073467584294e-08,"Ligilactobacillus","04_t2d_obesity_3_vs_01_normal_2","genus","Highly Significant (p < 0.01)","Enriched in 01_normal_2"
640.737885130368,1.10592120404691,0.588733792027559,1.87847414064375,0.0603163313942225,0.0797515937323609,"Faecalibacillus","04_t2d_obesity_3_vs_01_normal_2","genus","Not Significant","No Change"
31.1395656360107,-0.476900657068926,0.651364830867122,-0.732155981516622,0.464073368046905,0.49752009727551,"Haemophilus","04_t2d_obesity_3_vs_01_normal_2","genus","Not Significant","No Change"
69.4877805015736,2.98283634406278,0.557370967024691,5.35161772057396,8.71714000685216e-08,3.57703331315658e-07,"Butyricimonas","04_t2d_obesity_3_vs_01_normal_2","genus","Highly Significant (p < 0.01)","Enriched in 04_t2d_obesity_3"
165.467244442395,3.82467119675397,0.654017393426808,5.84796556665583,4.97621526494229e-09,2.69168007512788e-08,"Barnesiella","04_t2d_obesity_3_vs_01_normal_2","genus","Highly Significant (p < 0.01)","Enriched in 04_t2d_obesity_3"
25.7789274836779,-1.48509174362612,0.592253606477102,-2.50752672062206,0.0121579388807069,0.0192905963573883,"Coprobacter","04_t2d_obesity_3_vs_01_normal_2","genus","Significant (p < 0.05)","Enriched in 01_normal_2"
58.0715378571428,2.082749752939,0.564803509973916,3.6875651729487,0.000226410115848067,0.000508354788413584,"Aureibaculum","04_t2d_obesity_3_vs_01_normal_2","genus","Highly Significant (p < 0.01)","Enriched in 04_t2d_obesity_3"
6.51198512437938,2.23575763754492,0.405411675859937,5.51478354145216,3.49209487158942e-08,1.53910848044126e-07,"Spirosoma","04_t2d_obesity_3_vs_01_normal_2","genus","Highly Significant (p < 0.01)","Enriched in 04_t2d_obesity_3"
6.93798775374692,2.28437155263417,0.468487382576375,4.87605779278754,1.0822691270322e-06,3.38921121360083e-06,"Petroclostridium","04_t2d_obesity_3_vs_01_normal_2","genus","Highly Significant (p < 0.01)","Enriched in 04_t2d_obesity_3"
293.123135411026,1.29263259659742,0.594616149144248,2.17389419789176,0.0297130818956695,0.042600683681743,"Aristaeella","04_t2d_obesity_3_vs_01_normal_2","genus","Significant (p < 0.05)","Enriched in 04_t2d_obesity_3"
40.355275865416,3.24787541620733,0.515202369454842,6.30407701665669,2.8991631478796e-10,2.30000276398449e-09,"Intestinimonas","04_t2d_obesity_3_vs_01_normal_2","genus","Highly Significant (p < 0.01)","Enriched in 04_t2d_obesity_3"
9.21333340756902,1.80820337565994,0.554060660256666,3.26354766790751,0.00110026673637096,0.00214642199390401,"Caldinitratiruptor","04_t2d_obesity_3_vs_01_normal_2","genus","Highly Significant (p < 0.01)","Enriched in 04_t2d_obesity_3"
18.7543557625213,3.44668280014954,0.558064457582962,6.1761374574498,6.56888017685077e-10,4.88560463153276e-09,"Agathobacter","04_t2d_obesity_3_vs_01_normal_2","genus","Highly Significant (p < 0.01)","Enriched in 04_t2d_obesity_3"
23.5618214883744,0.420311295527583,0.535013556170118,0.785608683518921,0.43209677564352,0.467450148196172,"Candidatus Epulonipiscium","04_t2d_obesity_3_vs_01_normal_2","genus","Not Significant","No Change"
854.917429152902,1.49798945224032,0.575891595004683,2.6011656798501,0.00929075720640573,0.015145206952908,"Simiaoa","04_t2d_obesity_3_vs_01_normal_2","genus","Significant (p < 0.05)","Enriched in 04_t2d_obesity_3"
30.254849760062,4.2419725692104,0.597651537758162,7.09773555527418,1.26817542293772e-12,1.67680972588432e-11,"Anaeropeptidivorans","04_t2d_obesity_3_vs_01_normal_2","genus","Highly Significant (p < 0.01)","Enriched in 04_t2d_obesity_3"
5.30847482466437,2.24683274812017,0.400608938118326,5.60854373013648,2.04036147438482e-08,9.71212061807173e-08,"Cellulosilyticum","04_t2d_obesity_3_vs_01_normal_2","genus","Highly Significant (p < 0.01)","Enriched in 04_t2d_obesity_3"
17.4467346464749,2.93427729929593,0.559463390260178,5.24480663146046,1.56446318246093e-07,6.00551995847905e-07,"Monoglobus","04_t2d_obesity_3_vs_01_normal_2","genus","Highly Significant (p < 0.01)","Enriched in 04_t2d_obesity_3"
60.9199961848019,2.50894210818847,0.501844090277523,4.99944535921705,5.74954623111217e-07,1.95484571857814e-06,"Enterococcus","04_t2d_obesity_3_vs_01_normal_2","genus","Highly Significant (p < 0.01)","Enriched in 04_t2d_obesity_3"
312.99793292374,1.66530799879082,0.750781134800658,2.21810048441478,0.0265479818059412,0.039072260699361,"Dehalococcoides","04_t2d_obesity_3_vs_01_normal_2","genus","Significant (p < 0.05)","Enriched in 04_t2d_obesity_3"
328.671668453409,-1.63942314535661,0.735434187549491,-2.2291908278282,0.0258012105611077,0.0388651146426813,"Sutterella","04_t2d_obesity_3_vs_01_normal_2","genus","Significant (p < 0.05)","Enriched in 01_normal_2"
688.777246122893,2.81331904632684,0.775585546570897,3.62734847079783,0.000286346720518283,0.000631023328549551,"Dialister","04_t2d_obesity_3_vs_01_normal_2","genus","Highly Significant (p < 0.01)","Enriched in 04_t2d_obesity_3"
50.6391383843365,1.85550630044247,0.628690749018954,2.95138158679431,0.00316355820809474,0.00545599169222137,"Veillonella","04_t2d_obesity_3_vs_01_normal_2","genus","Highly Significant (p < 0.01)","Enriched in 04_t2d_obesity_3"
118.371265376822,-3.08177927707376,0.67974859039412,-4.53370454992328,5.79580847796448e-06,1.68219807043359e-05,"Allobaculum","04_t2d_obesity_3_vs_01_normal_2","genus","Highly Significant (p < 0.01)","Enriched in 01_normal_2"
7.57667198054909,0.0235390173521625,0.517524284866131,0.0454838894338096,0.963721615977827,0.970904629548918,"Flintibacter","04_t2d_obesity_3_vs_01_normal_2","genus","Not Significant","No Change"
163.706316201844,3.75701563195072,0.675461095984255,5.5621495513019,2.66471776786058e-08,1.2196208245208e-07,"Anaeromicropila","04_t2d_obesity_3_vs_01_normal_2","genus","Highly Significant (p < 0.01)","Enriched in 04_t2d_obesity_3"
51.7562345577553,1.99550363865479,0.610124115426997,3.27065196768732,0.00107299873608646,0.00212811415990482,"Terrisporobacter","04_t2d_obesity_3_vs_01_normal_2","genus","Highly Significant (p < 0.01)","Enriched in 04_t2d_obesity_3"
25.7912129561299,2.31676407883153,0.567788379102079,4.0803302147454,4.49717679130898e-05,0.00011386468897144,"Romboutsia","04_t2d_obesity_3_vs_01_normal_2","genus","Highly Significant (p < 0.01)","Enriched in 04_t2d_obesity_3"
72.8843223452886,3.44782297641416,0.559885353247561,6.15808746632752,7.36286899855823e-10,5.15400829899076e-09,"Clostridioides","04_t2d_obesity_3_vs_01_normal_2","genus","Highly Significant (p < 0.01)","Enriched in 04_t2d_obesity_3"
7.92065113637623,2.59163887413609,0.434822788236363,5.96021860916664,2.51900717476729e-09,1.57769396735425e-08,"Aminipila","04_t2d_obesity_3_vs_01_normal_2","genus","Highly Significant (p < 0.01)","Enriched in 04_t2d_obesity_3"
62.3736059855466,0.655021334696295,0.623383816817658,1.05075126595385,0.293372843729945,0.345657112909539,"Turicibacter","04_t2d_obesity_3_vs_01_normal_2","genus","Not Significant","No Change"
244.637120590636,8.02369600437963,0.512069378431424,15.6691580132323,2.45814188627828e-55,2.92518884467116e-53,"Collinsella","04_t2d_obesity_3_vs_01_normal_2","genus","Highly Significant (p < 0.01)","Enriched in 04_t2d_obesity_3"
174.693144353814,0.132367578235663,0.524653004575621,0.25229547354395,0.80081268658799,0.81450179234163,"Odoribacter","04_t2d_obesity_3_vs_01_normal_2","genus","Not Significant","No Change"
246.716427231501,2.71873204817521,0.811590091985774,3.34988324157962,0.000808456308563718,0.0017179696556979,"Salmonella","04_t2d_obesity_3_vs_01_normal_2","genus","Highly Significant (p < 0.01)","Enriched in 04_t2d_obesity_3"
40.2403966067785,0.24814010582179,0.653163113815466,0.379905264968614,0.704015738966186,0.728503242930228,"Escherichia","04_t2d_obesity_3_vs_01_normal_2","genus","Not Significant","No Change"
28.4924956996908,4.30060005799695,0.584530552131971,7.35735718571302,1.87586923912098e-13,3.72047399092328e-12,"Desulfovibrio","04_t2d_obesity_3_vs_01_normal_2","genus","Highly Significant (p < 0.01)","Enriched in 04_t2d_obesity_3"
335.186472132345,3.46645519154611,0.666810521847909,5.19856102741097,2.00837189218295e-07,7.46863297405533e-07,"Paraprevotella","04_t2d_obesity_3_vs_01_normal_2","genus","Highly Significant (p < 0.01)","Enriched in 04_t2d_obesity_3"
185.840280590632,-0.926946394543255,0.775788783634986,-1.19484376946005,0.232148075783348,0.278418869750955,"Cupriavidus","04_t2d_obesity_3_vs_01_normal_2","genus","Not Significant","No Change"
34.4377067608108,-4.03318765080046,0.685627120461842,-5.88247974800601,4.04164804772545e-09,2.29026722704442e-08,"Duodenibacillus","04_t2d_obesity_3_vs_01_normal_2","genus","Highly Significant (p < 0.01)","Enriched in 01_normal_2"
652.960503735001,-2.53111058622285,0.809578942071449,-3.12645309146328,0.00176928727838785,0.00328976853325242,"Megamonas","04_t2d_obesity_3_vs_01_normal_2","genus","Highly Significant (p < 0.01)","Enriched in 01_normal_2"
107.169870627709,-0.677557919272535,0.656215227144654,-1.03252392087997,0.30182674758264,0.35213120551308,"Bacillus","04_t2d_obesity_3_vs_01_normal_2","genus","Not Significant","No Change"
98.531102223588,6.98657791949264,0.713856713582887,9.78708722150501,1.27928105379967e-22,5.07448151340537e-21,"Hoylesella","04_t2d_obesity_3_vs_01_normal_2","genus","Highly Significant (p < 0.01)","Enriched in 04_t2d_obesity_3"
11.4041736918256,2.4066542829927,0.468718779178373,5.1345377866263,2.82838265856728e-07,1.01993192839244e-06,"Acetivibrio","04_t2d_obesity_3_vs_01_normal_2","genus","Highly Significant (p < 0.01)","Enriched in 04_t2d_obesity_3"
5.38120981747114,2.19255877909274,0.467407423884775,4.6908942114562,2.72013594477318e-06,8.09240443570022e-06,"Anoxybacillus","04_t2d_obesity_3_vs_01_normal_2","genus","Highly Significant (p < 0.01)","Enriched in 04_t2d_obesity_3"
15.8795867683159,3.05797811934992,0.567154502046143,5.39179025876996,6.97591641064674e-08,2.96476447452486e-07,"Parolsenella","04_t2d_obesity_3_vs_01_normal_2","genus","Highly Significant (p < 0.01)","Enriched in 04_t2d_obesity_3"
122.266752177851,-3.49515453933851,0.712189201010581,-4.90762080410509,9.2187872844642e-07,3.04732135236455e-06,"Catenibacterium","04_t2d_obesity_3_vs_01_normal_2","genus","Highly Significant (p < 0.01)","Enriched in 01_normal_2"
8.32093816600306,-0.618014844065316,0.505584426178437,-1.22237713834801,0.221565040563748,0.269043263541694,"Lactobacillus","04_t2d_obesity_3_vs_01_normal_2","genus","Not Significant","No Change"
8.2864406288751,2.07562549715421,0.506741859161398,4.09602139556646,4.2031110297208e-05,0.000108732654899299,"Massilistercora","04_t2d_obesity_3_vs_01_normal_2","genus","Highly Significant (p < 0.01)","Enriched in 04_t2d_obesity_3"
6.98976266520323,-1.0411101927623,0.545840670796998,-1.90735181246597,0.0564750449467439,0.0772474752719831,"Pseudomonas","04_t2d_obesity_3_vs_01_normal_2","genus","Not Significant","No Change"
5.25909339979985,-0.879980655256584,0.467342830252435,-1.88294459290466,0.0597078771238059,0.0797515937323609,"Caldilinea","04_t2d_obesity_3_vs_01_normal_2","genus","Not Significant","No Change"
15.8287636600205,-1.35770619150515,0.59052737580863,-2.29914183003962,0.0214968868763705,0.032796532542155,"Dellaglioa","04_t2d_obesity_3_vs_01_normal_2","genus","Significant (p < 0.05)","Enriched in 01_normal_2"
7.85498937963287,-1.74423271231791,0.573363618032975,-3.04210566813047,0.00234929407555947,0.00417262679091906,"Vibrio","04_t2d_obesity_3_vs_01_normal_2","genus","Highly Significant (p < 0.01)","Enriched in 01_normal_2"
17.8468289807747,-2.73984393478041,0.656684026300562,-4.17224087239545,3.01618531518509e-05,7.97613450015612e-05,"Fusobacterium","04_t2d_obesity_3_vs_01_normal_2","genus","Highly Significant (p < 0.01)","Enriched in 01_normal_2"
9.01836946649089,0.703663031837317,0.527874669663646,1.33301155042291,0.182528013374553,0.22625868324554,"Caproicibacterium","04_t2d_obesity_3_vs_01_normal_2","genus","Not Significant","No Change"
