"taxon","effect_size","p_value","p_value_bh","comparison","level","significance","direction"
"Blautia",-1.3145636392915,8.55616888611327e-06,0.000100112468186252,"02_obesity_1_vs_04_t2d_obesity_3","genus","Highly Significant (p < 0.01)","Enriched in 04_t2d_obesity_3"
"Anaerobutyricum",-0.673659126614786,0.00250645962457315,0.0195908741938196,"02_obesity_1_vs_04_t2d_obesity_3","genus","Significant (p < 0.05)","No Change"
"Sellimonas",-0.341679583702673,0.0403509420178326,0.202823288163243,"02_obesity_1_vs_04_t2d_obesity_3","genus","Not Significant","No Change"
"Mediterraneibacter",-0.77937958561061,1.33644519697065e-06,3.22698491922754e-05,"02_obesity_1_vs_04_t2d_obesity_3","genus","Highly Significant (p < 0.01)","No Change"
"Lachnoanaerobaculum",-0.360241051957325,0.0246992175521281,0.141457383160853,"02_obesity_1_vs_04_t2d_obesity_3","genus","Not Significant","No Change"
"Enterocloster",-0.00925552432729886,0.289692780107046,0.842360530952202,"02_obesity_1_vs_04_t2d_obesity_3","genus","Not Significant","No Change"
"Chakrabartyella",0.209642839646532,0.201821192568793,0.655980912988893,"02_obesity_1_vs_04_t2d_obesity_3","genus","Not Significant","No Change"
"Claveliimonas",-0.190504292374523,0.193405503278956,0.646775211556227,"02_obesity_1_vs_04_t2d_obesity_3","genus","Not Significant","No Change"
"Lachnoclostridium",-0.641343647520644,0.000972396232491662,0.00917227168221657,"02_obesity_1_vs_04_t2d_obesity_3","genus","Highly Significant (p < 0.01)","No Change"
"Lacrimispora",-0.237893696979172,0.0170658005234833,0.112539938669587,"02_obesity_1_vs_04_t2d_obesity_3","genus","Not Significant","No Change"
"Lachnospira",-0.434265018951492,0.00165678771280419,0.0148764251655894,"02_obesity_1_vs_04_t2d_obesity_3","genus","Significant (p < 0.05)","No Change"
"Eisenbergiella",-0.0466376647505123,0.524265621341916,0.84771849812713,"02_obesity_1_vs_04_t2d_obesity_3","genus","Not Significant","No Change"
"Anaerostipes",-0.891446765449287,1.48615083915282e-05,0.000247858058076169,"02_obesity_1_vs_04_t2d_obesity_3","genus","Highly Significant (p < 0.01)","No Change"
"Wansuia",-0.00611267714496031,0.81232164754117,0.963690382282238,"02_obesity_1_vs_04_t2d_obesity_3","genus","Not Significant","No Change"
"Tyzzerella",0.0709852965298868,0.798847023014778,0.998509628354515,"02_obesity_1_vs_04_t2d_obesity_3","genus","Not Significant","No Change"
"Hungatella",-0.368493762745033,0.0817999920140251,0.289923523717786,"02_obesity_1_vs_04_t2d_obesity_3","genus","Not Significant","No Change"
"Roseburia",0.0801980754880537,0.712854215860454,1,"02_obesity_1_vs_04_t2d_obesity_3","genus","Not Significant","No Change"
"Dorea",-0.199689028205327,0.114488878896398,0.465259017056174,"02_obesity_1_vs_04_t2d_obesity_3","genus","Not Significant","No Change"
"Stomatobaculum",0.161686067401802,0.390816145813433,0.772123643638658,"02_obesity_1_vs_04_t2d_obesity_3","genus","Not Significant","No Change"
"Anaerotignum",-0.17827824317289,0.491521689146202,0.868528267806682,"02_obesity_1_vs_04_t2d_obesity_3","genus","Not Significant","No Change"
"Faecalibacterium",0.028662411238305,0.763475923267387,1,"02_obesity_1_vs_04_t2d_obesity_3","genus","Not Significant","No Change"
"Solibaculum",0.573142067698215,0.000235412643336798,0.00366022363074076,"02_obesity_1_vs_04_t2d_obesity_3","genus","Highly Significant (p < 0.01)","No Change"
"Flavonifractor",-0.0698397370778142,0.149788044280897,0.551541101464477,"02_obesity_1_vs_04_t2d_obesity_3","genus","Not Significant","No Change"
"Ruminococcus",0.0860655411866558,0.385203310856267,0.971444193720321,"02_obesity_1_vs_04_t2d_obesity_3","genus","Not Significant","No Change"
"Paludihabitans",-0.124737339514146,0.83088769617675,1,"02_obesity_1_vs_04_t2d_obesity_3","genus","Not Significant","No Change"
"Lawsonibacter",0.449529692157431,0.0184674505745003,0.103647263244148,"02_obesity_1_vs_04_t2d_obesity_3","genus","Not Significant","No Change"
"Ruthenibacterium",0.278673668048288,0.305816961748668,0.793764842341962,"02_obesity_1_vs_04_t2d_obesity_3","genus","Not Significant","No Change"
"Vescimonas",0.900727623392094,2.49100522314546e-07,1.04265556106394e-05,"02_obesity_1_vs_04_t2d_obesity_3","genus","Highly Significant (p < 0.01)","No Change"
"Pusillibacter",0.109741354127534,0.689890069931384,0.99102192037905,"02_obesity_1_vs_04_t2d_obesity_3","genus","Not Significant","No Change"
"Anaerotruncus",0.184173763145418,0.784895489426182,0.999478651302659,"02_obesity_1_vs_04_t2d_obesity_3","genus","Not Significant","No Change"
"Oscillibacter",0.319034450108588,0.0158290726923972,0.0941450496449582,"02_obesity_1_vs_04_t2d_obesity_3","genus","Not Significant","No Change"
"Subdoligranulum",0.0364129001282595,0.889554742143953,1,"02_obesity_1_vs_04_t2d_obesity_3","genus","Not Significant","No Change"
"Eubacterium",0.0960096574611775,0.667213758921549,1,"02_obesity_1_vs_04_t2d_obesity_3","genus","Not Significant","No Change"
"Clostridium",-0.048558816023718,0.232181006527307,0.729216395701491,"02_obesity_1_vs_04_t2d_obesity_3","genus","Not Significant","No Change"
"Desulforamulus",-0.259620906532189,0.256417463066749,0.60551927907877,"02_obesity_1_vs_04_t2d_obesity_3","genus","Not Significant","No Change"
"Acutalibacter",-0.117433609759486,0.279489887450705,0.7507521730578,"02_obesity_1_vs_04_t2d_obesity_3","genus","Not Significant","No Change"
"Mogibacterium",-0.161705209763302,0.386494722940017,0.79693449765635,"02_obesity_1_vs_04_t2d_obesity_3","genus","Not Significant","No Change"
"Emergencia",0.250828928368649,0.168553563578014,0.548426777033942,"02_obesity_1_vs_04_t2d_obesity_3","genus","Not Significant","No Change"
"Intestinibacter",-0.813979135564544,4.05165353124272e-05,0.000536813531901452,"02_obesity_1_vs_04_t2d_obesity_3","genus","Highly Significant (p < 0.01)","No Change"
"Christensenella",0.210072344956925,0.292664334267613,0.762395948559999,"02_obesity_1_vs_04_t2d_obesity_3","genus","Not Significant","No Change"
"Phascolarctobacterium",0.413420427477789,0.0137988995437652,0.0886093779163859,"02_obesity_1_vs_04_t2d_obesity_3","genus","Not Significant","No Change"
"Acidaminococcus",0.0910696892965294,0.828219842792692,0.999666532794902,"02_obesity_1_vs_04_t2d_obesity_3","genus","Not Significant","No Change"
"Megasphaera",-0.0591177407500141,0.725599684921712,0.991792920249858,"02_obesity_1_vs_04_t2d_obesity_3","genus","Not Significant","No Change"
"Longicatena",-0.231038649961757,0.142477643395574,0.438174432056197,"02_obesity_1_vs_04_t2d_obesity_3","genus","Not Significant","No Change"
"Holdemania",-0.748247658564561,0.000232478519332335,0.00235769248822488,"02_obesity_1_vs_04_t2d_obesity_3","genus","Highly Significant (p < 0.01)","No Change"
"Thomasclavelia",-1.07648880315249,2.05633338782284e-06,3.46476694508068e-05,"02_obesity_1_vs_04_t2d_obesity_3","genus","Highly Significant (p < 0.01)","Enriched in 04_t2d_obesity_3"
"Streptococcus",-0.555703507925636,0.00027315828102537,0.0032002479623592,"02_obesity_1_vs_04_t2d_obesity_3","genus","Highly Significant (p < 0.01)","No Change"
"Staphylococcus",-0.167408995237395,0.312576872003646,0.653072947759629,"02_obesity_1_vs_04_t2d_obesity_3","genus","Not Significant","No Change"
"Bifidobacterium",-0.258505762571686,0.0332314850651197,0.184873872690985,"02_obesity_1_vs_04_t2d_obesity_3","genus","Not Significant","No Change"
"Schaalia",-0.954824141788545,1.5114081004174e-05,0.000210948199088782,"02_obesity_1_vs_04_t2d_obesity_3","genus","Highly Significant (p < 0.01)","No Change"
"Eggerthella",-0.17084670375907,0.335122951779362,0.761148793790697,"02_obesity_1_vs_04_t2d_obesity_3","genus","Not Significant","No Change"
"Gordonibacter",-0.34218442873421,0.0925167733666324,0.364278791128979,"02_obesity_1_vs_04_t2d_obesity_3","genus","Not Significant","No Change"
"Adlercreutzia",-0.11646804084527,0.475733273534332,0.886070075170845,"02_obesity_1_vs_04_t2d_obesity_3","genus","Not Significant","No Change"
"Phocaeicola",-0.18450662232897,0.133998999537315,0.51724982301056,"02_obesity_1_vs_04_t2d_obesity_3","genus","Not Significant","No Change"
"Bacteroides",-0.0232940245871,0.904574865109544,1,"02_obesity_1_vs_04_t2d_obesity_3","genus","Not Significant","No Change"
"Segatella",0.0687030058858643,0.546946480983667,0.984114522813022,"02_obesity_1_vs_04_t2d_obesity_3","genus","Not Significant","No Change"
"Prevotella",0.42004816834976,0.0183097456742476,0.106197837256854,"02_obesity_1_vs_04_t2d_obesity_3","genus","Not Significant","No Change"
"Parabacteroides",0.411704057414193,0.00400891669760364,0.0363840100002539,"02_obesity_1_vs_04_t2d_obesity_3","genus","Significant (p < 0.05)","No Change"
"Alistipes",1.28037702838018,1.39901217663004e-07,6.24371548251789e-06,"02_obesity_1_vs_04_t2d_obesity_3","genus","Highly Significant (p < 0.01)","Enriched in 02_obesity_1"
"Akkermansia",0.67298327483763,0.000140395872625194,0.00239125501752849,"02_obesity_1_vs_04_t2d_obesity_3","genus","Highly Significant (p < 0.01)","No Change"
"Coraliomargarita",-0.17295312101876,0.449883306632572,0.81653541431405,"02_obesity_1_vs_04_t2d_obesity_3","genus","Not Significant","No Change"
"Turicimonas",-0.0123420702117098,0.744016388889343,0.997809826665188,"02_obesity_1_vs_04_t2d_obesity_3","genus","Not Significant","No Change"
"Yersinia",-0.0153686066231174,0.507347779999264,0.870529225061821,"02_obesity_1_vs_04_t2d_obesity_3","genus","Not Significant","No Change"
"Klebsiella",0.0407858401829188,0.656277295542713,0.941541104022975,"02_obesity_1_vs_04_t2d_obesity_3","genus","Not Significant","No Change"
"Coprococcus",-0.0375547083512209,0.167026726610995,0.587723169625695,"02_obesity_1_vs_04_t2d_obesity_3","genus","Not Significant","No Change"
"Ligilactobacillus",0.190131639762508,0.471925878355149,0.847153990257882,"02_obesity_1_vs_04_t2d_obesity_3","genus","Not Significant","No Change"
"Faecalibacillus",-0.574950146609428,0.00305033681690242,0.0251634283603636,"02_obesity_1_vs_04_t2d_obesity_3","genus","Significant (p < 0.05)","No Change"
"Haemophilus",0.0487697956139786,0.836344619750592,0.993280805454973,"02_obesity_1_vs_04_t2d_obesity_3","genus","Not Significant","No Change"
"Butyricimonas",0.446077823458056,0.0038015644216314,0.0300968303694028,"02_obesity_1_vs_04_t2d_obesity_3","genus","Significant (p < 0.05)","No Change"
"Barnesiella",0.617380566771583,0.000472394591038961,0.00583400051709862,"02_obesity_1_vs_04_t2d_obesity_3","genus","Highly Significant (p < 0.01)","No Change"
"Coprobacter",0.340402459082468,0.0599535435767884,0.257843042709729,"02_obesity_1_vs_04_t2d_obesity_3","genus","Not Significant","No Change"
"Aureibaculum",-0.0824324022747419,0.765610037110678,0.992930442487307,"02_obesity_1_vs_04_t2d_obesity_3","genus","Not Significant","No Change"
"Spirosoma",0.134378236932186,0.56953884596604,0.923466634684637,"02_obesity_1_vs_04_t2d_obesity_3","genus","Not Significant","No Change"
"Petroclostridium",0.405769143167461,0.0282213679187217,0.133622253542115,"02_obesity_1_vs_04_t2d_obesity_3","genus","Not Significant","No Change"
"Aristaeella",0.427818879059292,0.00270976168294149,0.0231901047336937,"02_obesity_1_vs_04_t2d_obesity_3","genus","Significant (p < 0.05)","No Change"
"Intestinimonas",0.322274803240456,0.0864029370356144,0.358568565472928,"02_obesity_1_vs_04_t2d_obesity_3","genus","Not Significant","No Change"
"Caldinitratiruptor",0.427446769536205,0.0292403056094377,0.148548588516379,"02_obesity_1_vs_04_t2d_obesity_3","genus","Not Significant","No Change"
"Agathobacter",-0.320038840779532,0.25379322782459,0.644651088964805,"02_obesity_1_vs_04_t2d_obesity_3","genus","Not Significant","No Change"
"Candidatus Epulonipiscium",0.638588091792894,0.000959741422658083,0.00939710053380105,"02_obesity_1_vs_04_t2d_obesity_3","genus","Highly Significant (p < 0.01)","No Change"
"Simiaoa",0.246243113773837,0.14303351705494,0.545489019015293,"02_obesity_1_vs_04_t2d_obesity_3","genus","Not Significant","No Change"
"Anaeropeptidivorans",0.369616119635772,0.0580487995602262,0.242722013671826,"02_obesity_1_vs_04_t2d_obesity_3","genus","Not Significant","No Change"
"Cellulosilyticum",0.289516616543854,0.108361453505927,0.381733753186271,"02_obesity_1_vs_04_t2d_obesity_3","genus","Not Significant","No Change"
"Monoglobus",-0.0889946956298905,0.510433632597074,0.912446487985067,"02_obesity_1_vs_04_t2d_obesity_3","genus","Not Significant","No Change"
"Enterococcus",0.0246393765182149,0.604951878995487,0.983047731525069,"02_obesity_1_vs_04_t2d_obesity_3","genus","Not Significant","No Change"
"Dehalococcoides",0.403571569533338,0.0243008192195863,0.135407932079607,"02_obesity_1_vs_04_t2d_obesity_3","genus","Not Significant","No Change"
"Sutterella",0.0141613549615871,0.881893678245069,0.99633530759858,"02_obesity_1_vs_04_t2d_obesity_3","genus","Not Significant","No Change"
"Dialister",-0.0897046688905884,0.60396778416594,0.982051718971509,"02_obesity_1_vs_04_t2d_obesity_3","genus","Not Significant","No Change"
"Veillonella",0.230196015090108,0.167849968539228,0.569432688517844,"02_obesity_1_vs_04_t2d_obesity_3","genus","Not Significant","No Change"
"Allobaculum",-0.222521193109873,0.0442624422144895,0.206197597837462,"02_obesity_1_vs_04_t2d_obesity_3","genus","Not Significant","No Change"
"Flintibacter",0.0820931998409775,0.720059985284099,0.968801238655848,"02_obesity_1_vs_04_t2d_obesity_3","genus","Not Significant","No Change"
"Anaeromicropila",0.152278957276659,0.334021112400769,0.838150150528199,"02_obesity_1_vs_04_t2d_obesity_3","genus","Not Significant","No Change"
"Terrisporobacter",-0.284846319837821,0.093848661846,0.348640279187933,"02_obesity_1_vs_04_t2d_obesity_3","genus","Not Significant","No Change"
"Romboutsia",-0.296727806980685,0.0708358471907979,0.288483039529214,"02_obesity_1_vs_04_t2d_obesity_3","genus","Not Significant","No Change"
"Clostridioides",-1.08450126847893,7.70703125664227e-07,1.77156659846761e-05,"02_obesity_1_vs_04_t2d_obesity_3","genus","Highly Significant (p < 0.01)","Enriched in 04_t2d_obesity_3"
"Aminipila",-0.0197507152545151,0.688692249785329,0.968916960927125,"02_obesity_1_vs_04_t2d_obesity_3","genus","Not Significant","No Change"
"Turicibacter",-0.591653706010856,0.00272225528112221,0.0194935348329053,"02_obesity_1_vs_04_t2d_obesity_3","genus","Significant (p < 0.05)","No Change"
"Collinsella",-0.0166297197968971,0.803713764058389,1,"02_obesity_1_vs_04_t2d_obesity_3","genus","Not Significant","No Change"
"Odoribacter",0.137024521275326,0.104096101838395,0.421816180679226,"02_obesity_1_vs_04_t2d_obesity_3","genus","Not Significant","No Change"
"Salmonella",0.143162054090052,0.415811997217843,0.906768807138125,"02_obesity_1_vs_04_t2d_obesity_3","genus","Not Significant","No Change"
"Escherichia",-0.0991697464243416,0.432390257662964,0.853634872563203,"02_obesity_1_vs_04_t2d_obesity_3","genus","Not Significant","No Change"
"Desulfovibrio",0.1241691013245,0.475719472033466,0.921151992672413,"02_obesity_1_vs_04_t2d_obesity_3","genus","Not Significant","No Change"
"Paraprevotella",1.05034717799805,3.29774715069323e-07,1.20674019989339e-05,"02_obesity_1_vs_04_t2d_obesity_3","genus","Highly Significant (p < 0.01)","Enriched in 02_obesity_1"
"Cupriavidus",-0.0120783165398662,0.371332040647644,0.78253978575086,"02_obesity_1_vs_04_t2d_obesity_3","genus","Not Significant","No Change"
"Duodenibacillus",0.223920061750249,0.528936149132227,0.879141444669454,"02_obesity_1_vs_04_t2d_obesity_3","genus","Not Significant","No Change"
"Megamonas",0.262031391490667,0.165863632342578,0.491680174652345,"02_obesity_1_vs_04_t2d_obesity_3","genus","Not Significant","No Change"
"Bacillus",-0.0286007291890924,0.668045692467112,0.970257946516,"02_obesity_1_vs_04_t2d_obesity_3","genus","Not Significant","No Change"
"Hoylesella",0.332461967857272,0.0211358351468393,0.116576171629456,"02_obesity_1_vs_04_t2d_obesity_3","genus","Not Significant","No Change"
"Acetivibrio",0.764558622533758,0.000917440330943764,0.00763563189998859,"02_obesity_1_vs_04_t2d_obesity_3","genus","Highly Significant (p < 0.01)","No Change"
"Anoxybacillus",0.339677862884603,0.0711783790378698,0.255740381495368,"02_obesity_1_vs_04_t2d_obesity_3","genus","Not Significant","No Change"
"Parolsenella",0.086825606044431,0.764231164391567,0.981128976003633,"02_obesity_1_vs_04_t2d_obesity_3","genus","Not Significant","No Change"
"Catenibacterium",-0.238816951869896,0.101562490221663,0.374902868675689,"02_obesity_1_vs_04_t2d_obesity_3","genus","Not Significant","No Change"
"Lactobacillus",-0.334324078208017,0.0833847196488199,0.318610839066145,"02_obesity_1_vs_04_t2d_obesity_3","genus","Not Significant","No Change"
"Massilistercora",-0.257153181937477,0.185723880590362,0.526707380129101,"02_obesity_1_vs_04_t2d_obesity_3","genus","Not Significant","No Change"
"Pseudomonas",-0.160467577607253,0.371355576329168,0.703266553459267,"02_obesity_1_vs_04_t2d_obesity_3","genus","Not Significant","No Change"
"Caldilinea",0.11526582143622,0.543928762033828,0.83263140956387,"02_obesity_1_vs_04_t2d_obesity_3","genus","Not Significant","No Change"
"Dellaglioa",0.134072310383238,0.564364189266087,0.89927677340299,"02_obesity_1_vs_04_t2d_obesity_3","genus","Not Significant","No Change"
"Vibrio",-0.101205579593199,0.419235897301162,0.752278781916203,"02_obesity_1_vs_04_t2d_obesity_3","genus","Not Significant","No Change"
"Fusobacterium",0.1093082982724,0.701608813120597,0.957697369513326,"02_obesity_1_vs_04_t2d_obesity_3","genus","Not Significant","No Change"
"Caproicibacterium",0.287589379245213,0.180485913520967,0.533523588449196,"02_obesity_1_vs_04_t2d_obesity_3","genus","Not Significant","No Change"
