"baseMean","log2FoldChange","lfcSE","stat","pvalue","padj","taxon","comparison","level","significance","direction"
14253.0948621977,0.880213534233478,0.2566198043369,3.43002963667567,0.000603515326985757,0.00105615182222507,"Eubacteriales","04_t2d_obesity_3_vs_03_diabetic_2","order","Highly Significant (p < 0.01)","No Change"
14152.6678558465,0.696311605556384,0.250766802849647,2.77672960552866,0.00549088373293115,0.00873549684784501,"Lachnospirales","04_t2d_obesity_3_vs_03_diabetic_2","order","Highly Significant (p < 0.01)","No Change"
400.427255056408,1.67641552679492,0.462306309222509,3.62620083990257,0.000287621683468243,0.00059216228949344,"Peptostreptococcales","04_t2d_obesity_3_vs_03_diabetic_2","order","Highly Significant (p < 0.01)","Enriched in 04_t2d_obesity_3"
15.4166289050527,2.10106608039273,0.540486314797108,3.8873622196733,0.000101339475019507,0.000236458775045517,"Monoglobales","04_t2d_obesity_3_vs_03_diabetic_2","order","Highly Significant (p < 0.01)","Enriched in 04_t2d_obesity_3"
625.42890005889,-1.94605306441885,0.428556557470237,-4.5409480510726,5.60018305540672e-06,1.63338672449363e-05,"Erysipelotrichales","04_t2d_obesity_3_vs_03_diabetic_2","order","Highly Significant (p < 0.01)","Enriched in 03_diabetic_2"
2817.31247872913,3.93857722561251,0.597495277119819,6.59181315139113,4.34487209249192e-11,2.53450872062029e-10,"Acidaminococcales","04_t2d_obesity_3_vs_03_diabetic_2","order","Highly Significant (p < 0.01)","Enriched in 04_t2d_obesity_3"
800.223660209018,2.37584162116039,0.644171857793574,3.68821082823791,0.000225836493674106,0.000494017329912106,"Veillonellales","04_t2d_obesity_3_vs_03_diabetic_2","order","Highly Significant (p < 0.01)","Enriched in 04_t2d_obesity_3"
487.628227218914,-0.0684921930304303,0.379518945049164,-0.180471077725929,0.856782758214082,0.856782758214082,"Lactobacillales","04_t2d_obesity_3_vs_03_diabetic_2","order","Not Significant","No Change"
118.787319631987,-0.896542400057815,0.507743458481721,-1.7657389476542,0.0774396553628804,0.10424568991157,"Bacillales","04_t2d_obesity_3_vs_03_diabetic_2","order","Not Significant","No Change"
223.737539201627,7.76638180347658,0.492878397672496,15.7571965826693,6.12921574662722e-56,1.07261275565976e-54,"Coriobacteriales","04_t2d_obesity_3_vs_03_diabetic_2","order","Highly Significant (p < 0.01)","Enriched in 04_t2d_obesity_3"
60.4972190537688,4.79125239817517,0.413715352989446,11.5810360035089,5.14208312672525e-31,5.99909698117945e-30,"Eggerthellales","04_t2d_obesity_3_vs_03_diabetic_2","order","Highly Significant (p < 0.01)","Enriched in 04_t2d_obesity_3"
696.025948221676,4.65177295387045,0.585432567376748,7.94587321083704,1.92827575362577e-15,1.68724128442255e-14,"Bifidobacteriales","04_t2d_obesity_3_vs_03_diabetic_2","order","Highly Significant (p < 0.01)","Enriched in 04_t2d_obesity_3"
7.94293896607876,0.780468927539149,0.412459870998944,1.89222996566652,0.0584603474601652,0.0852546733794076,"Actinomycetales","04_t2d_obesity_3_vs_03_diabetic_2","order","Not Significant","No Change"
281.33531407574,1.74377556387876,0.747337938966617,2.33331599127694,0.0196315667586506,0.0298741233283813,"Dehalococcoidales","04_t2d_obesity_3_vs_03_diabetic_2","order","Significant (p < 0.05)","Enriched in 04_t2d_obesity_3"
31801.0690338585,0.0527739049856234,0.275704637640034,0.191414643719291,0.848200748150951,0.856782758214082,"Bacteroidales","04_t2d_obesity_3_vs_03_diabetic_2","order","Not Significant","No Change"
9.81387238532883,2.11163844418986,0.4758079569259,4.43800574045194,9.07961983317985e-06,2.26990495829496e-05,"Cytophagales","04_t2d_obesity_3_vs_03_diabetic_2","order","Highly Significant (p < 0.01)","Enriched in 04_t2d_obesity_3"
3583.02455354396,10.7669112950021,0.659083139535314,16.3361959199765,5.45520255326853e-60,1.90932089364398e-58,"Verrucomicrobiales","04_t2d_obesity_3_vs_03_diabetic_2","order","Highly Significant (p < 0.01)","Enriched in 04_t2d_obesity_3"
5.79594685723357,-0.113128075428177,0.509159218229616,-0.222186049820587,0.824169053354561,0.856782758214082,"Puniceicoccales","04_t2d_obesity_3_vs_03_diabetic_2","order","Not Significant","No Change"
911.312899809788,0.509546972442248,0.476840224943742,1.06859057979508,0.285254195151304,0.35656774393913,"Burkholderiales","04_t2d_obesity_3_vs_03_diabetic_2","order","Not Significant","No Change"
415.383266493016,0.218013163317947,0.64862232439771,0.336117267502913,0.73678243759219,0.805855791116458,"Enterobacterales","04_t2d_obesity_3_vs_03_diabetic_2","order","Not Significant","No Change"
54.8695953249787,1.93946778902408,0.538139879463997,3.60402167361364,0.000313330910958233,0.000609254549085452,"Flavobacteriales","04_t2d_obesity_3_vs_03_diabetic_2","order","Highly Significant (p < 0.01)","Enriched in 04_t2d_obesity_3"
26.2090527575673,-2.9594376721298,0.62050776087613,-4.76938059235747,1.84793240247189e-06,5.87978491695603e-06,"Pasteurellales","04_t2d_obesity_3_vs_03_diabetic_2","order","Highly Significant (p < 0.01)","Enriched in 03_diabetic_2"
73.4110415901248,-1.05766787036522,0.564810184061062,-1.87260764804283,0.0611225844482759,0.0855716182275863,"Christensenellales","04_t2d_obesity_3_vs_03_diabetic_2","order","Not Significant","No Change"
5.29024281929325,2.07391517455017,0.467145565985005,4.43954802434482,9.01479976054923e-06,2.26990495829496e-05,"Tissierellales","04_t2d_obesity_3_vs_03_diabetic_2","order","Highly Significant (p < 0.01)","Enriched in 04_t2d_obesity_3"
4.4945488631086,-2.62309471142951,0.434640626057051,-6.03508865525424,1.58875438688666e-09,7.94377193443328e-09,"Caldilineales","04_t2d_obesity_3_vs_03_diabetic_2","order","Highly Significant (p < 0.01)","Enriched in 03_diabetic_2"
633.342537151325,-2.23546448760772,0.801843483363387,-2.78790628593864,0.00530498874381178,0.00873549684784501,"Selenomonadales","04_t2d_obesity_3_vs_03_diabetic_2","order","Highly Significant (p < 0.01)","Enriched in 03_diabetic_2"
35.501440622501,-4.11722033028461,0.701063840280453,-5.87281798564531,4.28448808224903e-09,1.75824936781282e-08,"Fusobacteriales","04_t2d_obesity_3_vs_03_diabetic_2","order","Highly Significant (p < 0.01)","Enriched in 03_diabetic_2"
31.1620070411747,2.00200951452028,0.573752394798047,3.48932663753841,0.000484239043462925,0.0008920192905896,"Desulfovibrionales","04_t2d_obesity_3_vs_03_diabetic_2","order","Highly Significant (p < 0.01)","Enriched in 04_t2d_obesity_3"
5.33214680187291,-0.700853398547763,0.457054933878493,-1.53341173368469,0.125174439476306,0.1622631622841,"Synergistales","04_t2d_obesity_3_vs_03_diabetic_2","order","Not Significant","No Change"
21.2747855412145,0.572703859446642,0.593629339562319,0.964749922685585,0.334670083727186,0.39044843101505,"Rhodospirillales","04_t2d_obesity_3_vs_03_diabetic_2","order","Not Significant","No Change"
4.9818144550439,-2.62066522590673,0.514751265963973,-5.09112924860712,3.55937287825905e-07,1.24578050739067e-06,"Vibrionales","04_t2d_obesity_3_vs_03_diabetic_2","order","Highly Significant (p < 0.01)","Enriched in 03_diabetic_2"
7.43969855976712,3.58914895182355,0.486313379855575,7.3803212095243,1.57908098251842e-13,1.10535668776289e-12,"Myxococcales","04_t2d_obesity_3_vs_03_diabetic_2","order","Highly Significant (p < 0.01)","Enriched in 04_t2d_obesity_3"
4.27457132177679,0.414645372826718,0.428812641721567,0.966961634251332,0.333563213274612,0.39044843101505,"Campylobacterales","04_t2d_obesity_3_vs_03_diabetic_2","order","Not Significant","No Change"
7.7254813018072,-0.293726892111471,0.485227351539409,-0.60533869572605,0.544953975229719,0.615270617194845,"Parachlamydiales","04_t2d_obesity_3_vs_03_diabetic_2","order","Not Significant","No Change"
5.59395682821901,-2.91628566887989,0.497328728447135,-5.86389947346443,4.52121266009012e-09,1.75824936781282e-08,"Pseudomonadales","04_t2d_obesity_3_vs_03_diabetic_2","order","Highly Significant (p < 0.01)","Enriched in 03_diabetic_2"
