"taxon","p_value","effect_size","max_mean_abundance","enriched_group","level","p_value_bh","significance"
"Lachnospirales",7.60861390931523e-16,1.52996975873681,33.8820552197827,"02_obesity_1","order",3.29706602736993e-15,"Highly Significant (p < 0.01)"
"Peptostreptococcales",5.75937057395458e-13,0.27114667249496,1.86700912204681,"02_obesity_1","order",2.1391947846117e-12,"Highly Significant (p < 0.01)"
"Monoglobales",1.6784465243908e-06,-1.12816031557216,0.074444711409549,"02_obesity_1","order",2.90930730894405e-06,"Highly Significant (p < 0.01)"
"Erysipelotrichales",7.03089280216325e-18,0.49956096368508,3.15908147057195,"02_obesity_1","order",4.57008032140612e-17,"Highly Significant (p < 0.01)"
"Acidaminococcales",5.50142206742931e-07,0.984516946664489,9.64976865569334,"04_t2d_obesity_3","order",1.02169266966544e-06,"Highly Significant (p < 0.01)"
"Lactobacillales",1.57653920171166e-08,0.353580574870116,2.25725374624046,"02_obesity_1","order",3.41583493704193e-08,"Highly Significant (p < 0.01)"
"Coriobacteriales",1.66787530952232e-20,-0.0644666307849573,0.862050812306243,"02_obesity_1","order",1.44549193491934e-19,"Highly Significant (p < 0.01)"
"Eggerthellales",2.04281065757398e-24,-0.63949581625978,0.229351872486176,"02_obesity_1","order",2.65565385484618e-23,"Highly Significant (p < 0.01)"
"Bifidobacteriales",9.94807368258173e-13,0.420336817464736,2.63230768976389,"02_obesity_1","order",3.23312394683906e-12,"Highly Significant (p < 0.01)"
"Actinomycetales",3.75961431883477e-25,-1.45434798410775,0.0351268860973028,"02_obesity_1","order",9.77499722897039e-24,"Highly Significant (p < 0.01)"
"Bacteroidales",2.0543454675486e-16,1.75991944617411,57.5333203462427,"01_normal_2","order",1.06825964312527e-15,"Highly Significant (p < 0.01)"
"Cytophagales",1.22107424383545e-08,-1.18618137620586,0.0651346308611832,"02_obesity_1","order",2.88617548542925e-08,"Highly Significant (p < 0.01)"
"Verrucomicrobiales",1.87909091438111e-11,1.25022554286825,17.7920306665972,"04_t2d_obesity_3","order",5.42848486376765e-11,"Highly Significant (p < 0.01)"
"Puniceicoccales",2.61190457415687e-05,-1.38724315679173,0.040996449842051,"01_normal_2","order",4.24434493300491e-05,"Highly Significant (p < 0.01)"
"Burkholderiales",0.00532660782673049,0.146950713438243,1.40265351317434,"01_normal_2","order",0.00577049181229137,"Highly Significant (p < 0.01)"
"Enterobacterales",0.000720047261494822,0.228551603710893,1.69258834923074,"02_obesity_1","order",0.000985327831519231,"Highly Significant (p < 0.01)"
"Flavobacteriales",0.000336146290047436,-0.742631414504153,0.180869852476028,"02_obesity_1","order",0.000514106090660784,"Highly Significant (p < 0.01)"
"Tissierellales",8.0067265308399e-08,-0.49673469700628,0.318613328722108,"03_diabetic_2","order",1.60134530616798e-07,"Highly Significant (p < 0.01)"
"Caldilineales",0.0269810516547612,-1.71098535328761,0.019453256905845,"03_diabetic_2","order",0.0280602937209516,"Significant (p < 0.05)"
"Selenomonadales",0.00167669835131886,0.257718576253899,1.8101657206097,"01_normal_2","order",0.0019815525970132,"Highly Significant (p < 0.01)"
"Desulfovibrionales",0.000839870281958629,-0.936353055887044,0.115782572107345,"02_obesity_1","order",0.00103983939671068,"Highly Significant (p < 0.01)"
"Synergistales",0.04157060908681,-1.88383677431669,0.0130656189300161,"03_diabetic_2","order",0.04157060908681,"Significant (p < 0.05)"
"Rhodospirillales",0.00379251467837347,-0.113760083108851,0.769554447672944,"02_obesity_1","order",0.0042871905059874,"Highly Significant (p < 0.01)"
"Vibrionales",0.000389218136556353,-1.79282048139333,0.0161121154423245,"02_obesity_1","order",0.000562203975025843,"Highly Significant (p < 0.01)"
"Myxococcales",8.43425923895649e-10,-1.65340961066907,0.022211139346599,"02_obesity_1","order",2.19290740212869e-09,"Highly Significant (p < 0.01)"
"Pseudomonadales",0.000794708738380886,-1.23015445782044,0.0588624269006604,"03_diabetic_2","order",0.00103312135989515,"Highly Significant (p < 0.01)"
