"taxon","effect_size","p_value","p_value_bh","comparison","level","significance","direction"
"Eubacteriales",-0.209324039632742,0.0506126017017013,0.686772510037091,"01_normal_2_vs_03_diabetic_2","order","Not Significant","No Change"
"Lachnospirales",-0.0962371238929342,0.442928323315193,0.977195457661813,"01_normal_2_vs_03_diabetic_2","order","Not Significant","No Change"
"Peptostreptococcales",-0.16443116222283,0.234083095079445,0.90254587093141,"01_normal_2_vs_03_diabetic_2","order","Not Significant","No Change"
"Monoglobales",-0.0202081396235172,0.736298577438688,0.980328175172095,"01_normal_2_vs_03_diabetic_2","order","Not Significant","No Change"
"Erysipelotrichales",0.0352440286575702,0.696683978133071,1,"01_normal_2_vs_03_diabetic_2","order","Not Significant","No Change"
"Acidaminococcales",0.0721908609585104,0.467255089862287,1,"01_normal_2_vs_03_diabetic_2","order","Not Significant","No Change"
"Veillonellales",-0.0569126393098517,0.534514461509978,0.993055927462815,"01_normal_2_vs_03_diabetic_2","order","Not Significant","No Change"
"Lactobacillales",0.0438970499951213,0.583652044104636,1,"01_normal_2_vs_03_diabetic_2","order","Not Significant","No Change"
"Bacillales",0.125582623694501,0.302877298445617,0.990407450207998,"01_normal_2_vs_03_diabetic_2","order","Not Significant","No Change"
"Coriobacteriales",-0.0677432941852832,0.618704829068928,0.945383146239156,"01_normal_2_vs_03_diabetic_2","order","Not Significant","No Change"
"Eggerthellales",-0.0942715928703742,0.574056429190847,0.934017505016357,"01_normal_2_vs_03_diabetic_2","order","Not Significant","No Change"
"Bifidobacteriales",-0.203391927495627,0.215052137803519,0.86290863116066,"01_normal_2_vs_03_diabetic_2","order","Not Significant","No Change"
"Dehalococcoidales",0.0411593121130285,0.716275943671906,1,"01_normal_2_vs_03_diabetic_2","order","Not Significant","No Change"
"Bacteroidales",-0.0916376713771584,0.266167723791835,0.957818751305049,"01_normal_2_vs_03_diabetic_2","order","Not Significant","No Change"
"Cytophagales",-0.0765540530993833,0.58889264681897,0.94259681686065,"01_normal_2_vs_03_diabetic_2","order","Not Significant","No Change"
"Verrucomicrobiales",-0.109106505613733,0.52221897461955,0.939247939699281,"01_normal_2_vs_03_diabetic_2","order","Not Significant","No Change"
"Puniceicoccales",-0.193306158212005,0.23469679762489,0.766918746637847,"01_normal_2_vs_03_diabetic_2","order","Not Significant","No Change"
"Burkholderiales",-0.0930451995842057,0.379714451107506,0.980276743331322,"01_normal_2_vs_03_diabetic_2","order","Not Significant","No Change"
"Enterobacterales",0.474949865051345,0.00650828472073516,0.181572996624917,"01_normal_2_vs_03_diabetic_2","order","Not Significant","No Change"
"Flavobacteriales",0.243528100024011,0.191027782607591,0.825688357132847,"01_normal_2_vs_03_diabetic_2","order","Not Significant","No Change"
"Pasteurellales",0.00874810022480868,0.635206339317605,0.995907332947494,"01_normal_2_vs_03_diabetic_2","order","Not Significant","No Change"
"Christensenellales",0.00818957117666975,0.810644427540594,0.997634729072574,"01_normal_2_vs_03_diabetic_2","order","Not Significant","No Change"
"Tissierellales",-0.101807824101889,0.546955410640334,0.949721066372899,"01_normal_2_vs_03_diabetic_2","order","Not Significant","No Change"
"Caldilineales",0.144389606853789,0.393083793637835,0.943471043971908,"01_normal_2_vs_03_diabetic_2","order","Not Significant","No Change"
"Selenomonadales",-0.107859246583112,0.455900663183901,0.989885784029515,"01_normal_2_vs_03_diabetic_2","order","Not Significant","No Change"
"Fusobacteriales",0.000698409179528461,0.586051177652776,0.996269607917978,"01_normal_2_vs_03_diabetic_2","order","Not Significant","No Change"
"Desulfovibrionales",0.064411034079331,0.670989430526278,0.987537718037479,"01_normal_2_vs_03_diabetic_2","order","Not Significant","No Change"
"Synergistales",0.053757311906184,0.606402571324475,0.973137995926116,"01_normal_2_vs_03_diabetic_2","order","Not Significant","No Change"
"Rhodospirillales",-0.0473355027746787,0.661974953395341,0.967717191830985,"01_normal_2_vs_03_diabetic_2","order","Not Significant","No Change"
"Vibrionales",0.1088412763537,0.447395375532259,0.930611962064595,"01_normal_2_vs_03_diabetic_2","order","Not Significant","No Change"
"Myxococcales",-0.12623786939767,0.487703978332772,0.919507665370945,"01_normal_2_vs_03_diabetic_2","order","Not Significant","No Change"
"Campylobacterales",-0.00368369744869801,0.77843432294835,0.994272144811982,"01_normal_2_vs_03_diabetic_2","order","Not Significant","No Change"
"Parachlamydiales",0.0135282114182117,0.695050930022195,0.991921044286018,"01_normal_2_vs_03_diabetic_2","order","Not Significant","No Change"
"Pseudomonadales",-0.0798729262387874,0.576825943825888,0.962243646972882,"01_normal_2_vs_03_diabetic_2","order","Not Significant","No Change"
