"baseMean","log2FoldChange","lfcSE","stat","pvalue","padj","taxon","comparison","level","significance","direction"
14253.0948621977,0.631779480852324,0.257957503040373,2.44916109594007,0.0143189389681587,0.0278423813269753,"Eubacteriales","04_t2d_obesity_3_vs_02_obesity_1","order","Significant (p < 0.05)","No Change"
14152.6678558465,-1.21855274463964,0.252061766550446,-4.83434184135091,1.3358686202454e-06,4.67554017085891e-06,"Lachnospirales","04_t2d_obesity_3_vs_02_obesity_1","order","Highly Significant (p < 0.01)","Enriched in 02_obesity_1"
400.427255056408,-2.62329031785534,0.462924818522292,-5.66677398336337,1.45511076774696e-08,6.36610960889297e-08,"Peptostreptococcales","04_t2d_obesity_3_vs_02_obesity_1","order","Highly Significant (p < 0.01)","Enriched in 02_obesity_1"
15.4166289050527,-0.293224469697835,0.527074428474072,-0.556324598305303,0.577988974299413,0.632175440639983,"Monoglobales","04_t2d_obesity_3_vs_02_obesity_1","order","Not Significant","No Change"
625.42890005889,-4.63310925798717,0.430390331195025,-10.7649008868829,5.04157730096252e-27,1.76455205533688e-25,"Erysipelotrichales","04_t2d_obesity_3_vs_02_obesity_1","order","Highly Significant (p < 0.01)","Enriched in 02_obesity_1"
2817.31247872913,2.76018148006242,0.600527090232188,4.59626472303725,4.30132159798308e-06,1.36860232663098e-05,"Acidaminococcales","04_t2d_obesity_3_vs_02_obesity_1","order","Highly Significant (p < 0.01)","Enriched in 04_t2d_obesity_3"
800.223660209018,1.05210275580051,0.647355508377075,1.62523179641762,0.104113177753847,0.14015235466864,"Veillonellales","04_t2d_obesity_3_vs_02_obesity_1","order","Not Significant","No Change"
487.628227218914,-1.28074346129884,0.381205744387831,-3.35971710855395,0.000780223199198722,0.0019505579979968,"Lactobacillales","04_t2d_obesity_3_vs_02_obesity_1","order","Highly Significant (p < 0.01)","Enriched in 02_obesity_1"
118.787319631987,0.885112307298085,0.510303535459159,1.7344820205913,0.0828325931555151,0.115965630417721,"Bacillales","04_t2d_obesity_3_vs_02_obesity_1","order","Not Significant","No Change"
223.737539201627,0.419940225557087,0.45285253348614,0.927322239591578,0.353759250759432,0.399405605696133,"Coriobacteriales","04_t2d_obesity_3_vs_02_obesity_1","order","Not Significant","No Change"
60.4972190537688,-0.482712625856771,0.381080196652919,-1.26669564594671,0.20526413747825,0.247732579715129,"Eggerthellales","04_t2d_obesity_3_vs_02_obesity_1","order","Not Significant","No Change"
696.025948221676,-1.60478923549719,0.585171429263576,-2.74242581787833,0.00609872236647428,0.012556193107447,"Bifidobacteriales","04_t2d_obesity_3_vs_02_obesity_1","order","Significant (p < 0.05)","Enriched in 02_obesity_1"
7.94293896607876,-2.725713566545,0.348388873776951,-7.82376755317992,5.12654298598113e-15,4.48572511273349e-14,"Actinomycetales","04_t2d_obesity_3_vs_02_obesity_1","order","Highly Significant (p < 0.01)","Enriched in 02_obesity_1"
281.33531407574,1.18843508064453,0.750930821512204,1.58261593025478,0.113509030345615,0.145272212351004,"Dehalococcoidales","04_t2d_obesity_3_vs_02_obesity_1","order","Not Significant","No Change"
31801.0690338585,0.8526392883096,0.277153782279084,3.07641224051932,0.00209507966043979,0.00488851920769283,"Bacteroidales","04_t2d_obesity_3_vs_02_obesity_1","order","Highly Significant (p < 0.01)","No Change"
9.81387238532883,0.714444526952243,0.454814314074707,1.57084881641366,0.116217769880803,0.145272212351004,"Cytophagales","04_t2d_obesity_3_vs_02_obesity_1","order","Not Significant","No Change"
3583.02455354396,4.70431180968859,0.65441960189865,7.18852521538184,6.54948927171702e-13,3.8205354085016e-12,"Verrucomicrobiales","04_t2d_obesity_3_vs_02_obesity_1","order","Highly Significant (p < 0.01)","Enriched in 04_t2d_obesity_3"
5.79594685723357,-1.15490083368747,0.488338613256782,-2.36495907211866,0.0180320635623441,0.0332169591937918,"Puniceicoccales","04_t2d_obesity_3_vs_02_obesity_1","order","Significant (p < 0.05)","Enriched in 02_obesity_1"
911.312899809788,0.0658058491241221,0.47922987247228,0.137315832973097,0.890781156079134,0.92245721777196,"Burkholderiales","04_t2d_obesity_3_vs_02_obesity_1","order","Not Significant","No Change"
415.383266493016,0.00644175804955039,0.651899423555507,0.00988152131569095,0.99211581501301,0.99211581501301,"Enterobacterales","04_t2d_obesity_3_vs_02_obesity_1","order","Not Significant","No Change"
54.8695953249787,0.607983642990859,0.53792641679698,1.13023570511935,0.258376918380239,0.301439738110279,"Flavobacteriales","04_t2d_obesity_3_vs_02_obesity_1","order","Not Significant","No Change"
26.2090527575673,-1.82094800504351,0.62289268528754,-2.92337355704045,0.00346260826681801,0.00757445558366439,"Pasteurellales","04_t2d_obesity_3_vs_02_obesity_1","order","Highly Significant (p < 0.01)","Enriched in 02_obesity_1"
73.4110415901248,1.27253511078436,0.567892298670712,2.24080360618209,0.025038799264569,0.041731332107615,"Christensenellales","04_t2d_obesity_3_vs_02_obesity_1","order","Significant (p < 0.05)","Enriched in 04_t2d_obesity_3"
5.29024281929325,0.0541522855669582,0.414680657164701,0.130587922613063,0.89610129726419,0.92245721777196,"Tissierellales","04_t2d_obesity_3_vs_02_obesity_1","order","Not Significant","No Change"
4.4945488631086,1.01059518762892,0.448235473880325,2.2546077821113,0.0241579585529642,0.041731332107615,"Caldilineales","04_t2d_obesity_3_vs_02_obesity_1","order","Significant (p < 0.05)","Enriched in 04_t2d_obesity_3"
633.342537151325,1.78545011857824,0.806256294857514,2.21449448514852,0.0267947816589956,0.0426280617302203,"Selenomonadales","04_t2d_obesity_3_vs_02_obesity_1","order","Significant (p < 0.05)","Enriched in 04_t2d_obesity_3"
35.501440622501,-5.6397372538566,0.702106006908204,-8.03260077305386,9.54277971726484e-16,1.11332430034756e-14,"Fusobacteriales","04_t2d_obesity_3_vs_02_obesity_1","order","Highly Significant (p < 0.01)","Enriched in 02_obesity_1"
31.1620070411747,1.07969430480997,0.572051507540768,1.88740749841136,0.0591055373484,0.0899432090084348,"Desulfovibrionales","04_t2d_obesity_3_vs_02_obesity_1","order","Not Significant","No Change"
5.33214680187291,1.62507185357132,0.459228788527388,3.5386976909319,0.000402106065350103,0.00108259325286566,"Synergistales","04_t2d_obesity_3_vs_02_obesity_1","order","Highly Significant (p < 0.01)","Enriched in 04_t2d_obesity_3"
21.2747855412145,-4.31935580880142,0.560053930404623,-7.71239263633202,1.23480545997771e-14,8.64363821984394e-14,"Rhodospirillales","04_t2d_obesity_3_vs_02_obesity_1","order","Highly Significant (p < 0.01)","Enriched in 02_obesity_1"
4.9818144550439,-1.89572870487883,0.508788871087787,-3.72596338600287,0.000194570648412415,0.00056749772453621,"Vibrionales","04_t2d_obesity_3_vs_02_obesity_1","order","Highly Significant (p < 0.01)","Enriched in 02_obesity_1"
7.43969855976712,2.22529425654258,0.438259738386055,5.07756944486275,3.82293796439138e-07,1.48669809726331e-06,"Myxococcales","04_t2d_obesity_3_vs_02_obesity_1","order","Highly Significant (p < 0.01)","Enriched in 04_t2d_obesity_3"
4.27457132177679,3.00663203807727,0.432544720389141,6.95103164216716,3.62624516302875e-12,1.81312258151437e-11,"Campylobacterales","04_t2d_obesity_3_vs_02_obesity_1","order","Highly Significant (p < 0.01)","Enriched in 04_t2d_obesity_3"
7.7254813018072,4.18273939736632,0.508611541730842,8.22383893045792,1.97090740684129e-16,3.44908796197225e-15,"Parachlamydiales","04_t2d_obesity_3_vs_02_obesity_1","order","Highly Significant (p < 0.01)","Enriched in 04_t2d_obesity_3"
5.59395682821901,-0.915294356001597,0.498039414190528,-1.83779502168366,0.0660926154979235,0.0963850642678051,"Pseudomonadales","04_t2d_obesity_3_vs_02_obesity_1","order","Not Significant","No Change"
