"taxon","effect_size","p_value","p_value_bh","comparison","level","significance","direction"
"Eubacteriales",-0.110352745193255,0.74336153948436,0.980609194849449,"03_diabetic_2_vs_04_t2d_obesity_3","order","Not Significant","No Change"
"Lachnospirales",-0.372418585486075,0.0479961553751324,0.157272962148033,"03_diabetic_2_vs_04_t2d_obesity_3","order","Not Significant","No Change"
"Peptostreptococcales",0.374822244813974,0.0101779426166876,0.0605772986390838,"03_diabetic_2_vs_04_t2d_obesity_3","order","Not Significant","No Change"
"Monoglobales",-0.0669280470640786,0.768919880718447,0.926356573800923,"03_diabetic_2_vs_04_t2d_obesity_3","order","Not Significant","No Change"
"Erysipelotrichales",-0.469988252039523,0.00445928514076902,0.026185762251832,"03_diabetic_2_vs_04_t2d_obesity_3","order","Significant (p < 0.05)","No Change"
"Acidaminococcales",0.432300219803104,0.00901090136614992,0.0535330897100048,"03_diabetic_2_vs_04_t2d_obesity_3","order","Not Significant","No Change"
"Veillonellales",-0.0362353178892999,0.808669977895068,0.987302209816507,"03_diabetic_2_vs_04_t2d_obesity_3","order","Not Significant","No Change"
"Lactobacillales",-0.0719517027856082,0.669744522378951,0.998577645830757,"03_diabetic_2_vs_04_t2d_obesity_3","order","Not Significant","No Change"
"Bacillales",-0.0403698845274154,0.64282901268331,0.9965468442223,"03_diabetic_2_vs_04_t2d_obesity_3","order","Not Significant","No Change"
"Coriobacteriales",1.08886114059945,4.06387736698411e-06,4.86953014657882e-05,"03_diabetic_2_vs_04_t2d_obesity_3","order","Highly Significant (p < 0.01)","Enriched in 03_diabetic_2"
"Eggerthellales",1.07045427267746,5.61057185240821e-06,6.67088130443078e-05,"03_diabetic_2_vs_04_t2d_obesity_3","order","Highly Significant (p < 0.01)","Enriched in 03_diabetic_2"
"Bifidobacteriales",0.475210750146564,0.0185660169742157,0.101074774939142,"03_diabetic_2_vs_04_t2d_obesity_3","order","Not Significant","No Change"
"Actinomycetales",-0.171159691698547,0.39444750784961,0.628273953156049,"03_diabetic_2_vs_04_t2d_obesity_3","order","Not Significant","No Change"
"Dehalococcoidales",0.184469515771845,0.293082291247748,0.827136178271816,"03_diabetic_2_vs_04_t2d_obesity_3","order","Not Significant","No Change"
"Bacteroidales",-0.563937926072897,0.00298867448567543,0.0200755601657322,"03_diabetic_2_vs_04_t2d_obesity_3","order","Significant (p < 0.05)","No Change"
"Cytophagales",0.308697586965517,0.150680572172993,0.483735459944969,"03_diabetic_2_vs_04_t2d_obesity_3","order","Not Significant","No Change"
"Verrucomicrobiales",1.11834937617597,1.48851229684611e-06,1.95995980496277e-05,"03_diabetic_2_vs_04_t2d_obesity_3","order","Highly Significant (p < 0.01)","Enriched in 03_diabetic_2"
"Puniceicoccales",-0.161348819666533,0.402469729857045,0.650353029336458,"03_diabetic_2_vs_04_t2d_obesity_3","order","Not Significant","No Change"
"Burkholderiales",-0.34914375488006,0.0759434995458954,0.226504568585352,"03_diabetic_2_vs_04_t2d_obesity_3","order","Not Significant","No Change"
"Enterobacterales",-0.122889211231463,0.183218011011937,0.445866019444437,"03_diabetic_2_vs_04_t2d_obesity_3","order","Not Significant","No Change"
"Flavobacteriales",-0.0237699325076307,0.807891999170809,0.975755702005781,"03_diabetic_2_vs_04_t2d_obesity_3","order","Not Significant","No Change"
"Pasteurellales",-0.27558103150863,0.0925900302230397,0.239126274336362,"03_diabetic_2_vs_04_t2d_obesity_3","order","Not Significant","No Change"
"Christensenellales",-0.0112978295218511,0.749313103280099,0.9839236155468,"03_diabetic_2_vs_04_t2d_obesity_3","order","Not Significant","No Change"
"Tissierellales",0.0583230256746584,0.785521382408172,0.974323762357721,"03_diabetic_2_vs_04_t2d_obesity_3","order","Not Significant","No Change"
"Caldilineales",-0.570782468666115,0.00396313617008333,0.0187130248800696,"03_diabetic_2_vs_04_t2d_obesity_3","order","Significant (p < 0.05)","No Change"
"Selenomonadales",-0.506120773571922,0.0026798316428484,0.0165637865602558,"03_diabetic_2_vs_04_t2d_obesity_3","order","Significant (p < 0.05)","No Change"
"Fusobacteriales",-0.389110326675842,0.0147183426487823,0.0536479341012791,"03_diabetic_2_vs_04_t2d_obesity_3","order","Not Significant","No Change"
"Desulfovibrionales",0.303524555144684,0.13971839589936,0.493308288953213,"03_diabetic_2_vs_04_t2d_obesity_3","order","Not Significant","No Change"
"Synergistales",-0.41874695099239,0.029349886193401,0.0949379012845864,"03_diabetic_2_vs_04_t2d_obesity_3","order","Not Significant","No Change"
"Rhodospirillales",-0.231182011250642,0.309257782950638,0.569606243930669,"03_diabetic_2_vs_04_t2d_obesity_3","order","Not Significant","No Change"
"Vibrionales",-0.581019359771619,0.0104577777286827,0.0351183256125575,"03_diabetic_2_vs_04_t2d_obesity_3","order","Significant (p < 0.05)","No Change"
"Myxococcales",-0.153295932650499,0.60871291830703,0.8330762538081,"03_diabetic_2_vs_04_t2d_obesity_3","order","Not Significant","No Change"
"Campylobacterales",-0.12856670028923,0.417332768060763,0.693013837898347,"03_diabetic_2_vs_04_t2d_obesity_3","order","Not Significant","No Change"
"Parachlamydiales",-0.250399509922694,0.255198821615249,0.484110015264087,"03_diabetic_2_vs_04_t2d_obesity_3","order","Not Significant","No Change"
"Pseudomonadales",-0.386758923385593,0.0278049658526822,0.0904227157273674,"03_diabetic_2_vs_04_t2d_obesity_3","order","Not Significant","No Change"
