"taxon","effect_size","p_value","p_value_bh","comparison","level","significance","direction"
"Eubacteriales",-0.350356105623901,0.017182260453805,0.056978009663825,"01_normal_2_vs_04_t2d_obesity_3","order","Not Significant","No Change"
"Lachnospirales",-0.452564305313437,0.0120576997122439,0.0480094504227039,"01_normal_2_vs_04_t2d_obesity_3","order","Significant (p < 0.05)","No Change"
"Peptostreptococcales",0.16500164732876,0.116709269779085,0.462667843898203,"01_normal_2_vs_04_t2d_obesity_3","order","Not Significant","No Change"
"Monoglobales",-0.0696569471211934,0.763853396656578,0.903913452604933,"01_normal_2_vs_04_t2d_obesity_3","order","Not Significant","No Change"
"Erysipelotrichales",-0.463965794517935,0.011412453899973,0.0433734255905727,"01_normal_2_vs_04_t2d_obesity_3","order","Significant (p < 0.05)","No Change"
"Acidaminococcales",0.545146997764691,0.00103906659301556,0.00901837663913201,"01_normal_2_vs_04_t2d_obesity_3","order","Highly Significant (p < 0.01)","No Change"
"Veillonellales",-0.0965862092005474,0.47773550075997,0.822109885803271,"01_normal_2_vs_04_t2d_obesity_3","order","Not Significant","No Change"
"Lactobacillales",0.00215119980881424,0.281601943387326,0.805108264903922,"01_normal_2_vs_04_t2d_obesity_3","order","Not Significant","No Change"
"Bacillales",0.17240340807483,0.167746097296486,0.570132201955588,"01_normal_2_vs_04_t2d_obesity_3","order","Not Significant","No Change"
"Coriobacteriales",1.03785782672723,3.12610053440826e-05,0.000309321744181161,"01_normal_2_vs_04_t2d_obesity_3","order","Highly Significant (p < 0.01)","Enriched in 01_normal_2"
"Eggerthellales",1.09775897116969,2.95761224899981e-05,0.000281194978060466,"01_normal_2_vs_04_t2d_obesity_3","order","Highly Significant (p < 0.01)","Enriched in 01_normal_2"
"Bifidobacteriales",0.276000830992435,0.171406783093975,0.570852943106663,"01_normal_2_vs_04_t2d_obesity_3","order","Not Significant","No Change"
"Actinomycetales",-0.253212241406461,0.214319410427073,0.392194720260271,"01_normal_2_vs_04_t2d_obesity_3","order","Not Significant","No Change"
"Dehalococcoidales",0.247848531395323,0.217741891584867,0.652331906134482,"01_normal_2_vs_04_t2d_obesity_3","order","Not Significant","No Change"
"Bacteroidales",-0.758963802606588,4.77449984806894e-05,0.00098619779493955,"01_normal_2_vs_04_t2d_obesity_3","order","Highly Significant (p < 0.01)","No Change"
"Cytophagales",0.250814986021264,0.26115919947538,0.599311615040226,"01_normal_2_vs_04_t2d_obesity_3","order","Not Significant","No Change"
"Verrucomicrobiales",1.04166438113954,6.23800572295248e-06,7.03422757672649e-05,"01_normal_2_vs_04_t2d_obesity_3","order","Highly Significant (p < 0.01)","Enriched in 01_normal_2"
"Puniceicoccales",-0.362457671049774,0.0644608086024737,0.147466062506434,"01_normal_2_vs_04_t2d_obesity_3","order","Not Significant","No Change"
"Burkholderiales",-0.504275502755017,0.00812049182377196,0.0366605070260663,"01_normal_2_vs_04_t2d_obesity_3","order","Significant (p < 0.05)","No Change"
"Enterobacterales",0.218518752370334,0.292779535686752,0.744589193215441,"01_normal_2_vs_04_t2d_obesity_3","order","Not Significant","No Change"
"Flavobacteriales",0.247045024131941,0.322938853669189,0.755700794576236,"01_normal_2_vs_04_t2d_obesity_3","order","Not Significant","No Change"
"Pasteurellales",-0.301600922426856,0.119000960007408,0.257823230851212,"01_normal_2_vs_04_t2d_obesity_3","order","Not Significant","No Change"
"Christensenellales",-0.0279510843013016,0.83420090173187,0.983828545981516,"01_normal_2_vs_04_t2d_obesity_3","order","Not Significant","No Change"
"Tissierellales",-0.0184601626961561,0.656156546311271,0.856832479622766,"01_normal_2_vs_04_t2d_obesity_3","order","Not Significant","No Change"
"Caldilineales",-0.403095641824819,0.052224578824257,0.11564383577666,"01_normal_2_vs_04_t2d_obesity_3","order","Not Significant","No Change"
"Selenomonadales",-0.642940816051447,0.000247284502527064,0.00240808606545712,"01_normal_2_vs_04_t2d_obesity_3","order","Highly Significant (p < 0.01)","No Change"
"Fusobacteriales",-0.4172786206838,0.0250704058698198,0.072540968137372,"01_normal_2_vs_04_t2d_obesity_3","order","Not Significant","No Change"
"Desulfovibrionales",0.367987634340753,0.117520664763049,0.406844899436489,"01_normal_2_vs_04_t2d_obesity_3","order","Not Significant","No Change"
"Synergistales",-0.376705227153004,0.0698716470112109,0.161185119062038,"01_normal_2_vs_04_t2d_obesity_3","order","Not Significant","No Change"
"Rhodospirillales",-0.28476060867626,0.195484998953592,0.356384535467822,"01_normal_2_vs_04_t2d_obesity_3","order","Not Significant","No Change"
"Vibrionales",-0.421694994236704,0.0315274315252875,0.0821130473644048,"01_normal_2_vs_04_t2d_obesity_3","order","Not Significant","No Change"
"Myxococcales",-0.220065705705098,0.466282439020383,0.691053146364686,"01_normal_2_vs_04_t2d_obesity_3","order","Not Significant","No Change"
"Campylobacterales",-0.147818560987667,0.401640458603714,0.598434817377934,"01_normal_2_vs_04_t2d_obesity_3","order","Not Significant","No Change"
"Parachlamydiales",-0.263164146437442,0.245577557142847,0.444140363392282,"01_normal_2_vs_04_t2d_obesity_3","order","Not Significant","No Change"
"Pseudomonadales",-0.462173678181289,0.0187589243712052,0.0542825085834905,"01_normal_2_vs_04_t2d_obesity_3","order","Not Significant","No Change"
