"baseMean","log2FoldChange","lfcSE","stat","pvalue","padj","taxon","comparison","level","significance","direction"
14253.0948621977,0.326945799448663,0.237375167854458,1.37733783362345,0.168407823261235,0.196475793804774,"Eubacteriales","02_obesity_1_vs_01_normal_2","order","Not Significant","No Change"
14152.6678558465,1.96316929578732,0.23195505382689,8.46357629807216,2.59300636397985e-17,1.00839136376994e-16,"Lachnospirales","02_obesity_1_vs_01_normal_2","order","Highly Significant (p < 0.01)","Enriched in 02_obesity_1"
400.427255056408,4.12730816996076,0.427348277185643,9.65794971057725,4.54876306582666e-22,3.18413414607866e-21,"Peptostreptococcales","02_obesity_1_vs_01_normal_2","order","Highly Significant (p < 0.01)","Enriched in 02_obesity_1"
15.4166289050527,3.30361273325614,0.517690060402195,6.3814490289606,1.75420111132294e-10,5.11641990802524e-10,"Monoglobales","02_obesity_1_vs_01_normal_2","order","Highly Significant (p < 0.01)","Enriched in 02_obesity_1"
625.42890005889,3.84638776461203,0.395727657921163,9.71978502796061,2.48305158824538e-22,2.17267013971471e-21,"Erysipelotrichales","02_obesity_1_vs_01_normal_2","order","Highly Significant (p < 0.01)","Enriched in 02_obesity_1"
2817.31247872913,1.66524028768611,0.552781657355522,3.01247385025858,0.00259127760479453,0.00412248709853675,"Acidaminococcales","02_obesity_1_vs_01_normal_2","order","Highly Significant (p < 0.01)","Enriched in 02_obesity_1"
800.223660209018,1.23491225351392,0.595883632108905,2.07240505859074,0.0382276820112459,0.0535187548157443,"Veillonellales","02_obesity_1_vs_01_normal_2","order","Not Significant","No Change"
487.628227218914,2.27592883629897,0.351292375938391,6.47873108609143,9.24971859525671e-11,2.94309228030895e-10,"Lactobacillales","02_obesity_1_vs_01_normal_2","order","Highly Significant (p < 0.01)","Enriched in 02_obesity_1"
118.787319631987,-0.648305282918927,0.470098745479917,-1.37908320146033,0.167869102561991,0.196475793804774,"Bacillales","02_obesity_1_vs_01_normal_2","order","Not Significant","No Change"
223.737539201627,7.58903914229027,0.473562012955007,16.0254389809161,8.48892793181587e-58,2.97112477613555e-56,"Coriobacteriales","02_obesity_1_vs_01_normal_2","order","Highly Significant (p < 0.01)","Enriched in 02_obesity_1"
60.4972190537688,6.05861273157842,0.415869026488762,14.5685596802727,4.45178188305029e-48,7.790618295338e-47,"Eggerthellales","02_obesity_1_vs_01_normal_2","order","Highly Significant (p < 0.01)","Enriched in 02_obesity_1"
696.025948221676,5.81893118012138,0.541185450385975,10.7521944205472,5.78682390600929e-27,6.75129455701084e-26,"Bifidobacteriales","02_obesity_1_vs_01_normal_2","order","Highly Significant (p < 0.01)","Enriched in 02_obesity_1"
7.94293896607876,3.39875585947046,0.361386456807322,9.40476820713442,5.21450123851859e-21,3.04179238913584e-20,"Actinomycetales","02_obesity_1_vs_01_normal_2","order","Highly Significant (p < 0.01)","Enriched in 02_obesity_1"
281.33531407574,0.430535498768169,0.691310087147667,0.622782029037868,0.533427769338246,0.554117472378082,"Dehalococcoidales","02_obesity_1_vs_01_normal_2","order","Not Significant","No Change"
31801.0690338585,-0.689597970230743,0.25502769915541,-2.70401204463094,0.00685078058613991,0.010425100891952,"Bacteroidales","02_obesity_1_vs_01_normal_2","order","Significant (p < 0.05)","No Change"
9.81387238532883,0.731233337708939,0.432586687762751,1.69037411088798,0.0909564047678548,0.113695505959818,"Cytophagales","02_obesity_1_vs_01_normal_2","order","Not Significant","No Change"
3583.02455354396,5.68596844259477,0.609404403674506,9.3303697976422,1.05502162221596e-20,4.6157195971948e-20,"Verrucomicrobiales","02_obesity_1_vs_01_normal_2","order","Highly Significant (p < 0.01)","Enriched in 02_obesity_1"
5.79594685723357,0.323449262918861,0.444184094657278,0.728187404297821,0.466498875199762,0.510233144749739,"Puniceicoccales","02_obesity_1_vs_01_normal_2","order","Not Significant","No Change"
911.312899809788,0.351786141552038,0.441041099928009,0.797626664747254,0.425087172450981,0.479937130186591,"Burkholderiales","02_obesity_1_vs_01_normal_2","order","Not Significant","No Change"
415.383266493016,2.0956854973399,0.600461482074451,3.49012477886143,0.000482795065378874,0.00084489136441303,"Enterobacterales","02_obesity_1_vs_01_normal_2","order","Highly Significant (p < 0.01)","Enriched in 02_obesity_1"
54.8695953249787,1.98595333237212,0.500321664105272,3.96935306793802,7.20680300151168e-05,0.000148375355913476,"Flavobacteriales","02_obesity_1_vs_01_normal_2","order","Highly Significant (p < 0.01)","Enriched in 02_obesity_1"
26.2090527575673,1.03337275063851,0.571090749966547,1.80947205098146,0.0703776984026763,0.0912303497812471,"Pasteurellales","02_obesity_1_vs_01_normal_2","order","Not Significant","No Change"
73.4110415901248,-2.01560845455479,0.522428141309359,-3.85815444302652,0.000114246450265957,0.000222145875517139,"Christensenellales","02_obesity_1_vs_01_normal_2","order","Highly Significant (p < 0.01)","Enriched in 01_normal_2"
5.29024281929325,1.44707544258965,0.416180330903862,3.47703948297337,0.000506983153489445,0.000844971922482408,"Tissierellales","02_obesity_1_vs_01_normal_2","order","Highly Significant (p < 0.01)","Enriched in 02_obesity_1"
4.4945488631086,-1.9250395490914,0.402733250775323,-4.77993695674593,1.7535017108754e-06,4.3837542771885e-06,"Caldilineales","02_obesity_1_vs_01_normal_2","order","Highly Significant (p < 0.01)","Enriched in 01_normal_2"
633.342537151325,-4.3620964642676,0.741708913949797,-5.88114337340006,4.07442035262552e-09,1.09695932570687e-08,"Selenomonadales","02_obesity_1_vs_01_normal_2","order","Highly Significant (p < 0.01)","Enriched in 01_normal_2"
35.501440622501,2.84345362908052,0.616999737452936,4.60851675694175,4.05551694483288e-06,9.46287287127673e-06,"Fusobacteriales","02_obesity_1_vs_01_normal_2","order","Highly Significant (p < 0.01)","Enriched in 02_obesity_1"
31.1620070411747,1.02525349021998,0.531956399305678,1.92732617101357,0.0539389940438057,0.0726101842897384,"Desulfovibrionales","02_obesity_1_vs_01_normal_2","order","Not Significant","No Change"
5.33214680187291,-1.62716927579996,0.430944690897517,-3.77581928764709,0.000159482588797447,0.000293783716205823,"Synergistales","02_obesity_1_vs_01_normal_2","order","Highly Significant (p < 0.01)","Enriched in 01_normal_2"
21.2747855412145,5.06409197508204,0.542254317422901,9.33896109698022,9.72839656943334e-21,4.6157195971948e-20,"Rhodospirillales","02_obesity_1_vs_01_normal_2","order","Highly Significant (p < 0.01)","Enriched in 02_obesity_1"
4.9818144550439,0.180326899463798,0.431726539569696,0.417687779036079,0.676175408661497,0.676175408661497,"Vibrionales","02_obesity_1_vs_01_normal_2","order","Not Significant","No Change"
7.43969855976712,1.07298226224022,0.452282725711895,2.37237064615135,0.0176743506626955,0.025775094716431,"Myxococcales","02_obesity_1_vs_01_normal_2","order","Significant (p < 0.05)","Enriched in 02_obesity_1"
4.27457132177679,-1.90583723398777,0.426209667704793,-4.47159550427613,7.7638173425401e-06,1.69833504368065e-05,"Campylobacterales","02_obesity_1_vs_01_normal_2","order","Highly Significant (p < 0.01)","Enriched in 01_normal_2"
7.7254813018072,-3.387912636045,0.483104146966539,-7.01279973959663,2.33595698331674e-12,8.1758494416086e-12,"Parachlamydiales","02_obesity_1_vs_01_normal_2","order","Highly Significant (p < 0.01)","Enriched in 01_normal_2"
5.59395682821901,-0.270197558635791,0.439054602761724,-0.61540764391537,0.538285544595851,0.554117472378082,"Pseudomonadales","02_obesity_1_vs_01_normal_2","order","Not Significant","No Change"
