"baseMean","log2FoldChange","lfcSE","stat","pvalue","padj","taxon","comparison","level","significance","direction"
14253.0948621977,-0.248434053381153,0.237372783084998,-1.04659873028575,0.295284687775512,0.322967627254467,"Eubacteriales","03_diabetic_2_vs_02_obesity_1","order","Not Significant","No Change"
14152.6678558465,-1.91486435019603,0.231951964844528,-8.25543491937875,1.51350079720785e-16,5.29725279022747e-16,"Lachnospirales","03_diabetic_2_vs_02_obesity_1","order","Highly Significant (p < 0.01)","Enriched in 02_obesity_1"
400.427255056408,-4.29970584465025,0.427450016436342,-10.0589675501641,8.38732986203811e-24,7.33891362928334e-23,"Peptostreptococcales","03_diabetic_2_vs_02_obesity_1","order","Highly Significant (p < 0.01)","Enriched in 02_obesity_1"
15.4166289050527,-2.39429055009057,0.499977405207051,-4.78879750395728,1.67783680646096e-06,3.67026801413334e-06,"Monoglobales","03_diabetic_2_vs_02_obesity_1","order","Highly Significant (p < 0.01)","Enriched in 02_obesity_1"
625.42890005889,-2.68705619356832,0.395095914047838,-6.80102248094363,1.03879208565926e-11,3.30524754527947e-11,"Erysipelotrichales","03_diabetic_2_vs_02_obesity_1","order","Highly Significant (p < 0.01)","Enriched in 02_obesity_1"
2817.31247872913,-1.17839574555009,0.552713037760142,-2.13202089519277,0.0330051288453937,0.0412564110567422,"Acidaminococcales","03_diabetic_2_vs_02_obesity_1","order","Significant (p < 0.05)","Enriched in 02_obesity_1"
800.223660209018,-1.32373886535988,0.595882747864806,-2.22147539948616,0.0263187791215887,0.0341169358983557,"Veillonellales","03_diabetic_2_vs_02_obesity_1","order","Significant (p < 0.05)","Enriched in 02_obesity_1"
487.628227218914,-1.21225126826841,0.350837645032239,-3.45530556778481,0.000549669480496121,0.000961921590868211,"Lactobacillales","03_diabetic_2_vs_02_obesity_1","order","Highly Significant (p < 0.01)","Enriched in 02_obesity_1"
118.787319631987,1.7816547073559,0.469368645451493,3.79585369542974,0.000147136255741199,0.000271040471102209,"Bacillales","03_diabetic_2_vs_02_obesity_1","order","Highly Significant (p < 0.01)","Enriched in 03_diabetic_2"
223.737539201627,-7.3464415779195,0.462114104148468,-15.897462362584,6.59839383702854e-57,2.30943784295999e-55,"Coriobacteriales","03_diabetic_2_vs_02_obesity_1","order","Highly Significant (p < 0.01)","Enriched in 02_obesity_1"
60.4972190537688,-5.27396502403194,0.387034409066608,-13.6266050265425,2.78225378840713e-42,4.86894412971248e-41,"Eggerthellales","03_diabetic_2_vs_02_obesity_1","order","Highly Significant (p < 0.01)","Enriched in 02_obesity_1"
696.025948221676,-6.25656218936764,0.541943339004664,-11.5446795616281,7.85336043802209e-31,9.1622538443591e-30,"Bifidobacteriales","03_diabetic_2_vs_02_obesity_1","order","Highly Significant (p < 0.01)","Enriched in 02_obesity_1"
7.94293896607876,-3.50618249408415,0.361386555819472,-9.70202802960837,2.95564388906472e-22,1.47782194453236e-21,"Actinomycetales","03_diabetic_2_vs_02_obesity_1","order","Highly Significant (p < 0.01)","Enriched in 02_obesity_1"
281.33531407574,-0.555340483234232,0.691319288021883,-0.803305350879568,0.421798265943267,0.434204097294539,"Dehalococcoidales","03_diabetic_2_vs_02_obesity_1","order","Not Significant","No Change"
31801.0690338585,0.799865383323977,0.25502684633754,3.13639679434108,0.00171037623349059,0.00272105309873503,"Bacteroidales","03_diabetic_2_vs_02_obesity_1","order","Highly Significant (p < 0.01)","No Change"
9.81387238532883,-1.39719391723761,0.441338001773978,-3.16581375639879,0.00154649776993094,0.00257749628321824,"Cytophagales","03_diabetic_2_vs_02_obesity_1","order","Highly Significant (p < 0.01)","Enriched in 02_obesity_1"
3583.02455354396,-6.06259948531349,0.61093992257768,-9.92339714801113,3.29351623696754e-23,2.30546136587728e-22,"Verrucomicrobiales","03_diabetic_2_vs_02_obesity_1","order","Highly Significant (p < 0.01)","Enriched in 02_obesity_1"
5.79594685723357,-1.04177275825929,0.45414977329263,-2.29389690257102,0.0217964213870128,0.0293413364825172,"Puniceicoccales","03_diabetic_2_vs_02_obesity_1","order","Significant (p < 0.05)","Enriched in 02_obesity_1"
911.312899809788,-0.443741123318126,0.441040822548974,-1.00612256424144,0.314356615659949,0.333408531760552,"Burkholderiales","03_diabetic_2_vs_02_obesity_1","order","Not Significant","No Change"
415.383266493016,-0.211571405268396,0.599915216451341,-0.352668842974008,0.724336720063272,0.724336720063272,"Enterobacterales","03_diabetic_2_vs_02_obesity_1","order","Not Significant","No Change"
54.8695953249787,-1.33148414603322,0.497883063399306,-2.67429090064339,0.00748874605210229,0.0109210879926492,"Flavobacteriales","03_diabetic_2_vs_02_obesity_1","order","Significant (p < 0.05)","Enriched in 02_obesity_1"
26.2090527575673,1.13848966708629,0.564678829939906,2.01617203748802,0.0437819893232164,0.052840331941813,"Pasteurellales","03_diabetic_2_vs_02_obesity_1","order","Not Significant","No Change"
73.4110415901248,2.33020298114959,0.522142001011302,4.46277636473674,8.09044793811612e-06,1.57314265463369e-05,"Christensenellales","03_diabetic_2_vs_02_obesity_1","order","Highly Significant (p < 0.01)","Enriched in 03_diabetic_2"
5.29024281929325,-2.01976288898322,0.432607025664465,-4.668816660758,3.02939567518202e-06,6.23699109596298e-06,"Tissierellales","03_diabetic_2_vs_02_obesity_1","order","Highly Significant (p < 0.01)","Enriched in 02_obesity_1"
4.4945488631086,3.63368989905843,0.373048073961963,9.74054057019185,2.02474388198235e-22,1.18110059782304e-21,"Caldilineales","03_diabetic_2_vs_02_obesity_1","order","Highly Significant (p < 0.01)","Enriched in 03_diabetic_2"
633.342537151325,4.02091460618596,0.741721198754681,5.42105930494762,5.92468992544112e-08,1.48117248136028e-07,"Selenomonadales","03_diabetic_2_vs_02_obesity_1","order","Highly Significant (p < 0.01)","Enriched in 03_diabetic_2"
35.501440622501,-1.52251692357199,0.612391506452341,-2.48618229928124,0.0129121802767545,0.0180770523874563,"Fusobacteriales","03_diabetic_2_vs_02_obesity_1","order","Significant (p < 0.05)","Enriched in 02_obesity_1"
31.1620070411747,-0.922315209710313,0.531108439499681,-1.73658549011038,0.0824603624929884,0.0931004092662773,"Desulfovibrionales","03_diabetic_2_vs_02_obesity_1","order","Not Significant","No Change"
5.33214680187291,2.32592525211908,0.420896042103929,5.52612764066989,3.2737599584179e-08,8.81396911881741e-08,"Synergistales","03_diabetic_2_vs_02_obesity_1","order","Highly Significant (p < 0.01)","Enriched in 03_diabetic_2"
21.2747855412145,-4.89205966824806,0.534175670394344,-9.1581476644876,5.27957376603232e-20,2.05316757567924e-19,"Rhodospirillales","03_diabetic_2_vs_02_obesity_1","order","Highly Significant (p < 0.01)","Enriched in 02_obesity_1"
4.9818144550439,0.724936521027897,0.416870951154276,1.7389950511558,0.082035633418137,0.0931004092662773,"Vibrionales","03_diabetic_2_vs_02_obesity_1","order","Not Significant","No Change"
7.43969855976712,-1.36385469528097,0.458987048245652,-2.97144483813633,0.00296402114823363,0.00451046696470335,"Myxococcales","03_diabetic_2_vs_02_obesity_1","order","Highly Significant (p < 0.01)","Enriched in 02_obesity_1"
4.27457132177679,2.59198666525055,0.410784836024366,6.30984018382023,2.79323754079761e-10,8.14694282732636e-10,"Campylobacterales","03_diabetic_2_vs_02_obesity_1","order","Highly Significant (p < 0.01)","Enriched in 03_diabetic_2"
7.7254813018072,4.47646628947779,0.472925632624105,9.46547613551709,2.92226646165956e-21,1.27849157697606e-20,"Parachlamydiales","03_diabetic_2_vs_02_obesity_1","order","Highly Significant (p < 0.01)","Enriched in 03_diabetic_2"
5.59395682821901,2.00099131287829,0.414518138436853,4.82727081720483,1.38416835992017e-06,3.22972617314706e-06,"Pseudomonadales","03_diabetic_2_vs_02_obesity_1","order","Highly Significant (p < 0.01)","Enriched in 03_diabetic_2"
