"taxon","effect_size","p_value","p_value_bh","comparison","level","significance","direction"
"Eubacteriales",-0.730954216539023,9.41216429078962e-06,7.69389554834633e-05,"01_normal_2_vs_02_obesity_1","order","Highly Significant (p < 0.01)","No Change"
"Lachnospirales",0.0871358396116964,0.557072234085329,0.979879879774138,"01_normal_2_vs_02_obesity_1","order","Not Significant","No Change"
"Peptostreptococcales",0.657715890495799,4.6629362886839e-06,2.96656348848589e-05,"01_normal_2_vs_02_obesity_1","order","Highly Significant (p < 0.01)","No Change"
"Monoglobales",0.101264072533324,0.657854604394199,0.93769843239735,"01_normal_2_vs_02_obesity_1","order","Not Significant","No Change"
"Erysipelotrichales",0.881215890333557,7.08615711023819e-07,4.8870745149564e-06,"01_normal_2_vs_02_obesity_1","order","Highly Significant (p < 0.01)","No Change"
"Acidaminococcales",0.0672282478668102,0.305943317270365,0.810571468162562,"01_normal_2_vs_02_obesity_1","order","Not Significant","No Change"
"Veillonellales",-0.0217307632703223,0.813780429842812,0.999873559996776,"01_normal_2_vs_02_obesity_1","order","Not Significant","No Change"
"Lactobacillales",0.476541673026396,0.000515874514740179,0.0025793725737009,"01_normal_2_vs_02_obesity_1","order","Highly Significant (p < 0.01)","No Change"
"Bacillales",0.234095318033809,0.0655238103542328,0.244486440978873,"01_normal_2_vs_02_obesity_1","order","Not Significant","No Change"
"Coriobacteriales",1.15022329432803,1.93932696156346e-07,1.33669835187486e-06,"01_normal_2_vs_02_obesity_1","order","Highly Significant (p < 0.01)","Enriched in 01_normal_2"
"Eggerthellales",1.57667439217131,1.08994673325195e-10,2.1176992278476e-09,"01_normal_2_vs_02_obesity_1","order","Highly Significant (p < 0.01)","Enriched in 01_normal_2"
"Bifidobacteriales",0.719000913181223,1.15989949812709e-05,6.93447172466514e-05,"01_normal_2_vs_02_obesity_1","order","Highly Significant (p < 0.01)","No Change"
"Actinomycetales",0.85648659946481,4.10744083109044e-06,2.5167955589081e-05,"01_normal_2_vs_02_obesity_1","order","Highly Significant (p < 0.01)","No Change"
"Dehalococcoidales",-0.285770484878196,0.147428987797329,0.37492133083967,"01_normal_2_vs_02_obesity_1","order","Not Significant","No Change"
"Bacteroidales",-1.17530293378591,2.68696870309171e-11,8.59504945514844e-10,"01_normal_2_vs_02_obesity_1","order","Highly Significant (p < 0.01)","Enriched in 02_obesity_1"
"Cytophagales",0.143544570311003,0.588237761176386,0.880106117051766,"01_normal_2_vs_02_obesity_1","order","Not Significant","No Change"
"Verrucomicrobiales",0.0970976241619077,0.457865278585756,0.886071493134045,"01_normal_2_vs_02_obesity_1","order","Not Significant","No Change"
"Puniceicoccales",-0.187436039953415,0.17556758507751,0.389024514396193,"01_normal_2_vs_02_obesity_1","order","Not Significant","No Change"
"Burkholderiales",-0.31739456332286,0.0768803829028589,0.23529542392634,"01_normal_2_vs_02_obesity_1","order","Not Significant","No Change"
"Enterobacterales",0.373960284013203,0.0350462843961433,0.138891538991879,"01_normal_2_vs_02_obesity_1","order","Not Significant","No Change"
"Flavobacteriales",0.220960467457451,0.309488567642058,0.723805093373836,"01_normal_2_vs_02_obesity_1","order","Not Significant","No Change"
"Pasteurellales",-0.226146374411562,0.193868559071346,0.454959164461438,"01_normal_2_vs_02_obesity_1","order","Not Significant","No Change"
"Christensenellales",-0.177296701653394,0.288657459941979,0.608501248860637,"01_normal_2_vs_02_obesity_1","order","Not Significant","No Change"
"Tissierellales",-0.00525976958641053,0.695061618674204,0.890990968004685,"01_normal_2_vs_02_obesity_1","order","Not Significant","No Change"
"Caldilineales",-0.545415725301519,0.00393770592129552,0.016565111410106,"01_normal_2_vs_02_obesity_1","order","Significant (p < 0.05)","No Change"
"Selenomonadales",-0.782171819149797,4.37503038796215e-06,3.60858413315446e-05,"01_normal_2_vs_02_obesity_1","order","Highly Significant (p < 0.01)","No Change"
"Fusobacteriales",-0.366893094264604,0.0602519100463777,0.170706095565697,"01_normal_2_vs_02_obesity_1","order","Not Significant","No Change"
"Desulfovibrionales",-0.0754655121221671,0.559301613490862,0.862365023183957,"01_normal_2_vs_02_obesity_1","order","Not Significant","No Change"
"Synergistales",-0.368270964093847,0.0312499217338523,0.0960693844455305,"01_normal_2_vs_02_obesity_1","order","Not Significant","No Change"
"Rhodospirillales",-0.262463356166914,0.468619709849016,0.777647887370501,"01_normal_2_vs_02_obesity_1","order","Not Significant","No Change"
"Vibrionales",-0.269495595856347,0.130582120739163,0.313316898877098,"01_normal_2_vs_02_obesity_1","order","Not Significant","No Change"
"Myxococcales",0.0138213170372267,0.750797103224565,0.923824837384402,"01_normal_2_vs_02_obesity_1","order","Not Significant","No Change"
"Campylobacterales",-0.651058445201914,0.000758723104231133,0.00373199906224253,"01_normal_2_vs_02_obesity_1","order","Highly Significant (p < 0.01)","No Change"
"Parachlamydiales",-0.721908331451527,0.000219979200241744,0.00137984518707654,"01_normal_2_vs_02_obesity_1","order","Highly Significant (p < 0.01)","No Change"
"Pseudomonadales",-0.271839307513632,0.108943512005265,0.266001775241717,"01_normal_2_vs_02_obesity_1","order","Not Significant","No Change"
