"baseMean","log2FoldChange","lfcSE","stat","pvalue","padj","taxon","comparison","level","significance","direction"
14253.0948621977,0.0785117460675093,0.235920793898384,0.332788580311941,0.739293878982693,0.880813762819285,"Eubacteriales","03_diabetic_2_vs_01_normal_2","order","Not Significant","No Change"
14152.6678558465,0.0483049455912895,0.230547180247253,0.209523037928655,0.834039952813343,0.880813762819285,"Lachnospirales","03_diabetic_2_vs_01_normal_2","order","Not Significant","No Change"
400.427255056408,-0.172397674689491,0.426678199776886,-0.40404612839287,0.686178798661513,0.880813762819285,"Peptostreptococcales","03_diabetic_2_vs_01_normal_2","order","Not Significant","No Change"
15.4166289050527,0.909322183165572,0.53133886868004,1.71137900267775,0.087011170767822,0.253782581406147,"Monoglobales","03_diabetic_2_vs_01_normal_2","order","Not Significant","No Change"
625.42890005889,1.15933157104372,0.393732479608026,2.94446516629228,0.00323513361276833,0.0188716127411486,"Erysipelotrichales","03_diabetic_2_vs_01_normal_2","order","Significant (p < 0.05)","Enriched in 03_diabetic_2"
2817.31247872913,0.486844542136017,0.549486472063133,0.885999140812481,0.375617990191565,0.691927876668672,"Acidaminococcales","03_diabetic_2_vs_01_normal_2","order","Not Significant","No Change"
800.223660209018,-0.0888266118459608,0.592423441508332,-0.149937706076932,0.880813762819285,0.880813762819285,"Veillonellales","03_diabetic_2_vs_01_normal_2","order","Not Significant","No Change"
487.628227218914,1.06367756803057,0.34946121931285,3.04376425550763,0.00233638146308929,0.016354670241625,"Lactobacillales","03_diabetic_2_vs_01_normal_2","order","Significant (p < 0.05)","Enriched in 03_diabetic_2"
118.787319631987,1.13334942443697,0.467318470609264,2.4252185516215,0.0152991734058644,0.0764958670293219,"Bacillales","03_diabetic_2_vs_01_normal_2","order","Not Significant","No Change"
223.737539201627,0.242597564370771,0.511971344184825,0.473849888526558,0.635606955981197,0.880813762819285,"Coriobacteriales","03_diabetic_2_vs_01_normal_2","order","Not Significant","No Change"
60.4972190537688,0.784647707546477,0.445965595861787,1.75943551437016,0.0785035642047719,0.249784067924274,"Eggerthellales","03_diabetic_2_vs_01_normal_2","order","Not Significant","No Change"
696.025948221676,-0.437631009246257,0.541467802228053,-0.80823090024093,0.41895767255302,0.733175926967786,"Bifidobacteriales","03_diabetic_2_vs_01_normal_2","order","Not Significant","No Change"
7.94293896607876,-0.107426634613692,0.423495562539635,-0.253666494093755,0.799753221364851,0.880813762819285,"Actinomycetales","03_diabetic_2_vs_01_normal_2","order","Not Significant","No Change"
281.33531407574,-0.124804984466063,0.687405657527765,-0.181559437428723,0.855928483928395,0.880813762819285,"Dehalococcoidales","03_diabetic_2_vs_01_normal_2","order","Not Significant","No Change"
31801.0690338585,0.110267413093234,0.253452077569025,0.435062178818416,0.66351729519002,0.880813762819285,"Bacteroidales","03_diabetic_2_vs_01_normal_2","order","Not Significant","No Change"
9.81387238532883,-0.665960579528675,0.454607947840459,-1.4649118711897,0.142944963550903,0.312692107767601,"Cytophagales","03_diabetic_2_vs_01_normal_2","order","Not Significant","No Change"
3583.02455354396,-0.376631042718723,0.614409710280181,-0.612996566325382,0.539878610122004,0.852088346132621,"Verrucomicrobiales","03_diabetic_2_vs_01_normal_2","order","Not Significant","No Change"
5.79594685723357,-0.718323495340434,0.466977525766609,-1.53823997024526,0.123989951323115,0.289309886420601,"Puniceicoccales","03_diabetic_2_vs_01_normal_2","order","Not Significant","No Change"
911.312899809788,-0.0919549817660874,0.438443362543769,-0.209730582378032,0.833877955058446,0.880813762819285,"Burkholderiales","03_diabetic_2_vs_01_normal_2","order","Not Significant","No Change"
415.383266493016,1.88411409207151,0.596902048725513,3.15648789628786,0.00159681514465733,0.0139721325157517,"Enterobacterales","03_diabetic_2_vs_01_normal_2","order","Significant (p < 0.05)","Enriched in 03_diabetic_2"
54.8695953249787,0.654469186338899,0.500551163656957,1.30749708293042,0.191043944975716,0.393325769067651,"Flavobacteriales","03_diabetic_2_vs_01_normal_2","order","Not Significant","No Change"
26.2090527575673,2.17186241772481,0.568488549207505,3.82041541690235,0.000133227089306074,0.0015543160419042,"Pasteurellales","03_diabetic_2_vs_01_normal_2","order","Highly Significant (p < 0.01)","Enriched in 03_diabetic_2"
73.4110415901248,0.3145945265948,0.51907614648038,0.60606623657805,0.544470770204684,0.852088346132621,"Christensenellales","03_diabetic_2_vs_01_normal_2","order","Not Significant","No Change"
5.29024281929325,-0.572687446393565,0.468477300631144,-1.22244438657332,0.221539622623336,0.430771488434264,"Tissierellales","03_diabetic_2_vs_01_normal_2","order","Not Significant","No Change"
4.4945488631086,1.70865034996704,0.387545493087964,4.40890264611906,1.03895712705137e-05,0.00036363499446798,"Caldilineales","03_diabetic_2_vs_01_normal_2","order","Highly Significant (p < 0.01)","Enriched in 03_diabetic_2"
633.342537151325,-0.34118185808164,0.736909682087521,-0.462990060213538,0.643371491834839,0.880813762819285,"Selenomonadales","03_diabetic_2_vs_01_normal_2","order","Not Significant","No Change"
35.501440622501,1.32093670550853,0.615813559736118,2.14502698848425,0.031950689214854,0.124252680279988,"Fusobacteriales","03_diabetic_2_vs_01_normal_2","order","Not Significant","No Change"
31.1620070411747,0.102938280509664,0.533785062459601,0.192845936968225,0.847079626176956,0.880813762819285,"Desulfovibrionales","03_diabetic_2_vs_01_normal_2","order","Not Significant","No Change"
5.33214680187291,0.698755976319125,0.428627413669606,1.6302176529888,0.103055504253994,0.260766885049063,"Synergistales","03_diabetic_2_vs_01_normal_2","order","Not Significant","No Change"
21.2747855412145,0.172032306833975,0.576866627685504,0.298218511138703,0.765536394381328,0.880813762819285,"Rhodospirillales","03_diabetic_2_vs_01_normal_2","order","Not Significant","No Change"
4.9818144550439,0.905263420491695,0.438737453306918,2.06333745539253,0.0390805777876495,0.136782022256773,"Vibrionales","03_diabetic_2_vs_01_normal_2","order","Not Significant","No Change"
7.43969855976712,-0.290872433040753,0.498987722826812,-0.582925029483559,0.559943770315723,0.852088346132621,"Myxococcales","03_diabetic_2_vs_01_normal_2","order","Not Significant","No Change"
4.27457132177679,0.686149431262773,0.422421624255897,1.6243236422175,0.104306754019625,0.260766885049063,"Campylobacterales","03_diabetic_2_vs_01_normal_2","order","Not Significant","No Change"
7.7254813018072,1.08855365343279,0.458420668531093,2.37457367906386,0.0175692293736213,0.076865378509593,"Parachlamydiales","03_diabetic_2_vs_01_normal_2","order","Not Significant","No Change"
5.59395682821901,1.7307937542425,0.438248275021377,3.94934527502265,7.83652459457741e-05,0.00137139180405105,"Pseudomonadales","03_diabetic_2_vs_01_normal_2","order","Highly Significant (p < 0.01)","Enriched in 03_diabetic_2"
