"baseMean","log2FoldChange","lfcSE","stat","pvalue","padj","taxon","comparison","level","significance","direction"
14253.0948621977,0.958725280300987,0.256622008183067,3.73594333194158,0.00018701278348644,0.00065454474220254,"Eubacteriales","04_t2d_obesity_3_vs_01_normal_2","order","Highly Significant (p < 0.01)","No Change"
14152.6678558465,0.744616551147673,0.250769658145725,2.9693247446825,0.00298455002785274,0.00549785531446557,"Lachnospirales","04_t2d_obesity_3_vs_01_normal_2","order","Highly Significant (p < 0.01)","No Change"
400.427255056408,1.50401785210543,0.462212230173667,3.25395511828046,0.00113810259155804,0.00262952805151129,"Peptostreptococcales","04_t2d_obesity_3_vs_01_normal_2","order","Highly Significant (p < 0.01)","Enriched in 04_t2d_obesity_3"
15.4166289050527,3.0103882635583,0.556912043402319,5.4055003823711,6.46277129908839e-08,3.23138564954419e-07,"Monoglobales","04_t2d_obesity_3_vs_01_normal_2","order","Highly Significant (p < 0.01)","Enriched in 04_t2d_obesity_3"
625.42890005889,-0.786721493375138,0.429139036123138,-1.83325548866963,0.0667645854503042,0.0934704196304258,"Erysipelotrichales","04_t2d_obesity_3_vs_01_normal_2","order","Not Significant","No Change"
2817.31247872913,4.42542176774853,0.597558728215562,7.40583570917587,1.30327099544896e-13,1.14036212101784e-12,"Acidaminococcales","04_t2d_obesity_3_vs_01_normal_2","order","Highly Significant (p < 0.01)","Enriched in 04_t2d_obesity_3"
800.223660209018,2.28701500931443,0.644172643126839,3.55031377646398,0.000384772248737564,0.00112225239215123,"Veillonellales","04_t2d_obesity_3_vs_01_normal_2","order","Highly Significant (p < 0.01)","Enriched in 04_t2d_obesity_3"
487.628227218914,0.995185375000135,0.379939343503877,2.61932698472955,0.00881034519885049,0.0154181040979884,"Lactobacillales","04_t2d_obesity_3_vs_01_normal_2","order","Significant (p < 0.05)","No Change"
118.787319631987,0.236807024379158,0.50841843826802,0.465771904704844,0.641378777414156,0.660242859102808,"Bacillales","04_t2d_obesity_3_vs_01_normal_2","order","Not Significant","No Change"
223.737539201627,8.00897936784735,0.503627475146231,15.9025862628362,6.08019255565236e-57,2.12806739447833e-55,"Coriobacteriales","04_t2d_obesity_3_vs_01_normal_2","order","Highly Significant (p < 0.01)","Enriched in 04_t2d_obesity_3"
60.4972190537688,5.57590010572165,0.4408081183495,12.6492681818095,1.12921735752696e-36,1.31742025044812e-35,"Eggerthellales","04_t2d_obesity_3_vs_01_normal_2","order","Highly Significant (p < 0.01)","Enriched in 04_t2d_obesity_3"
696.025948221676,4.21414194462419,0.584731024740906,7.2069751155952,5.72084529779174e-13,4.00459170845422e-12,"Bifidobacteriales","04_t2d_obesity_3_vs_01_normal_2","order","Highly Significant (p < 0.01)","Enriched in 04_t2d_obesity_3"
7.94293896607876,0.673042292925457,0.41245976706148,1.63177683418789,0.102726507165457,0.133163990770037,"Actinomycetales","04_t2d_obesity_3_vs_01_normal_2","order","Not Significant","No Change"
281.33531407574,1.6189705794127,0.747329376820205,2.16634141468012,0.0302851072001948,0.0460860326959487,"Dehalococcoidales","04_t2d_obesity_3_vs_01_normal_2","order","Significant (p < 0.05)","Enriched in 04_t2d_obesity_3"
31801.0690338585,0.163041318078857,0.275705423939942,0.591360575170887,0.554278850293467,0.58787150788701,"Bacteroidales","04_t2d_obesity_3_vs_01_normal_2","order","Not Significant","No Change"
9.81387238532883,1.44567786466118,0.467702052497141,3.09102313522564,0.00199468091736362,0.00387854622820704,"Cytophagales","04_t2d_obesity_3_vs_01_normal_2","order","Highly Significant (p < 0.01)","Enriched in 04_t2d_obesity_3"
3583.02455354396,10.3902802522834,0.65766000114391,15.7988629903155,3.16778624266415e-56,5.54362592466227e-55,"Verrucomicrobiales","04_t2d_obesity_3_vs_01_normal_2","order","Highly Significant (p < 0.01)","Enriched in 04_t2d_obesity_3"
5.79594685723357,-0.83145157076861,0.500290496322308,-1.66193756803438,0.0965252930873138,0.129937894540615,"Puniceicoccales","04_t2d_obesity_3_vs_01_normal_2","order","Not Significant","No Change"
911.312899809788,0.41759199067616,0.476840468251216,0.875747799274784,0.381167153770322,0.41690157443629,"Burkholderiales","04_t2d_obesity_3_vs_01_normal_2","order","Not Significant","No Change"
415.383266493016,2.10212725538945,0.649127568986519,3.23838850146435,0.00120206996640516,0.00262952805151129,"Enterobacterales","04_t2d_obesity_3_vs_01_normal_2","order","Highly Significant (p < 0.01)","Enriched in 04_t2d_obesity_3"
54.8695953249787,2.59393697536298,0.540396827822074,4.80005958920438,1.58618427013986e-06,6.93955618186187e-06,"Flavobacteriales","04_t2d_obesity_3_vs_01_normal_2","order","Highly Significant (p < 0.01)","Enriched in 04_t2d_obesity_3"
26.2090527575673,-0.787575254404999,0.626348386515635,-1.2574076526105,0.208606059584063,0.242986141300163,"Pasteurellales","04_t2d_obesity_3_vs_01_normal_2","order","Not Significant","No Change"
73.4110415901248,-0.743073343770424,0.565074696487892,-1.31500020862524,0.188509832361269,0.227511866642911,"Christensenellales","04_t2d_obesity_3_vs_01_normal_2","order","Not Significant","No Change"
5.29024281929325,1.50122772815661,0.451975880133432,3.32147752599855,0.000895421932977154,0.00241075135801541,"Tissierellales","04_t2d_obesity_3_vs_01_normal_2","order","Highly Significant (p < 0.01)","Enriched in 04_t2d_obesity_3"
4.4945488631086,-0.914444361462471,0.460371222360774,-1.98631955484363,0.0469978526715091,0.0685385351459508,"Caldilineales","04_t2d_obesity_3_vs_01_normal_2","order","Not Significant","No Change"
633.342537151325,-2.57664634568936,0.801832056839673,-3.21344890580318,0.00131151130365975,0.00270017033106419,"Selenomonadales","04_t2d_obesity_3_vs_01_normal_2","order","Highly Significant (p < 0.01)","Enriched in 01_normal_2"
35.501440622501,-2.79628362477608,0.705092715418499,-3.96583819918829,7.31384661237933e-05,0.000284427368259196,"Fusobacteriales","04_t2d_obesity_3_vs_01_normal_2","order","Highly Significant (p < 0.01)","Enriched in 01_normal_2"
31.1620070411747,2.10494779502995,0.574537396395586,3.66372634442167,0.000248572356300595,0.000790912042774621,"Desulfovibrionales","04_t2d_obesity_3_vs_01_normal_2","order","Highly Significant (p < 0.01)","Enriched in 04_t2d_obesity_3"
5.33214680187291,-0.00209742222863791,0.466325046216101,-0.00449776876806644,0.996411311841717,0.996411311841717,"Synergistales","04_t2d_obesity_3_vs_01_normal_2","order","Not Significant","No Change"
21.2747855412145,0.744736166280617,0.600909181922636,1.23934895435913,0.215216296580144,0.242986141300163,"Rhodospirillales","04_t2d_obesity_3_vs_01_normal_2","order","Not Significant","No Change"
4.9818144550439,-1.71540180541503,0.526854100733302,-3.25593328974274,0.00113020302794389,0.00262952805151129,"Vibrionales","04_t2d_obesity_3_vs_01_normal_2","order","Highly Significant (p < 0.01)","Enriched in 01_normal_2"
7.43969855976712,3.2982765187828,0.479990879495384,6.8715399806144,6.35124853089689e-12,3.70489497635652e-11,"Myxococcales","04_t2d_obesity_3_vs_01_normal_2","order","Highly Significant (p < 0.01)","Enriched in 04_t2d_obesity_3"
4.27457132177679,1.10079480408949,0.443611063032798,2.48144128003432,0.0130852267877475,0.0218087113129126,"Campylobacterales","04_t2d_obesity_3_vs_01_normal_2","order","Significant (p < 0.05)","Enriched in 04_t2d_obesity_3"
7.7254813018072,0.794826761321321,0.495153047372095,1.60521431815814,0.108446647515018,0.135558309393773,"Parachlamydiales","04_t2d_obesity_3_vs_01_normal_2","order","Not Significant","No Change"
5.59395682821901,-1.18549191463739,0.517957034013088,-2.28878427512084,0.0220918895697759,0.0351461879519162,"Pseudomonadales","04_t2d_obesity_3_vs_01_normal_2","order","Significant (p < 0.05)","Enriched in 01_normal_2"
