"taxon","effect_size","p_value","p_value_bh","comparison","level","significance","direction"
"Eubacteriales",0.380612801338159,0.0306931556262213,0.119373311974207,"03_diabetic_2_vs_02_obesity_1","order","Not Significant","No Change"
"Lachnospirales",-0.157340990263433,0.229976410059444,0.744730658948827,"03_diabetic_2_vs_02_obesity_1","order","Not Significant","No Change"
"Peptostreptococcales",-0.791248040955278,1.04050911876771e-07,7.89195199079588e-07,"03_diabetic_2_vs_02_obesity_1","order","Highly Significant (p < 0.01)","No Change"
"Monoglobales",-0.0906450006750662,0.583988756256229,0.945565334070938,"03_diabetic_2_vs_02_obesity_1","order","Not Significant","No Change"
"Erysipelotrichales",-0.771336226224254,2.06747684668088e-06,1.21499761567408e-05,"03_diabetic_2_vs_02_obesity_1","order","Highly Significant (p < 0.01)","No Change"
"Acidaminococcales",0.0123781876692567,0.805747038303551,1,"03_diabetic_2_vs_02_obesity_1","order","Not Significant","No Change"
"Veillonellales",-0.066683393097229,0.394197349656116,0.92903224326302,"03_diabetic_2_vs_02_obesity_1","order","Not Significant","No Change"
"Lactobacillales",-0.415438983305079,0.00291070020026544,0.0145535010013272,"03_diabetic_2_vs_02_obesity_1","order","Significant (p < 0.05)","No Change"
"Bacillales",0.11207799027438,0.533629808024534,0.968314198660662,"03_diabetic_2_vs_02_obesity_1","order","Not Significant","No Change"
"Coriobacteriales",-1.1695842956251,5.6477051640378e-07,3.33678177301838e-06,"03_diabetic_2_vs_02_obesity_1","order","Highly Significant (p < 0.01)","Enriched in 02_obesity_1"
"Eggerthellales",-1.5633740147348,5.86781079542723e-11,9.68788310783531e-10,"03_diabetic_2_vs_02_obesity_1","order","Highly Significant (p < 0.01)","Enriched in 02_obesity_1"
"Bifidobacteriales",-0.975036131933053,1.25875283711196e-07,8.41989431459218e-07,"03_diabetic_2_vs_02_obesity_1","order","Highly Significant (p < 0.01)","No Change"
"Actinomycetales",-0.997368818378939,6.63348144885545e-07,3.97540035507174e-06,"03_diabetic_2_vs_02_obesity_1","order","Highly Significant (p < 0.01)","No Change"
"Dehalococcoidales",0.295672603029362,0.0823517378690485,0.254917156949446,"03_diabetic_2_vs_02_obesity_1","order","Not Significant","No Change"
"Bacteroidales",0.918356398669361,8.77194429819289e-08,2.20767688667405e-06,"03_diabetic_2_vs_02_obesity_1","order","Highly Significant (p < 0.01)","No Change"
"Cytophagales",-0.213381579774304,0.37920256632603,0.781905964659328,"03_diabetic_2_vs_02_obesity_1","order","Not Significant","No Change"
"Verrucomicrobiales",-0.181367876481756,0.195536765113957,0.62889119466087,"03_diabetic_2_vs_02_obesity_1","order","Not Significant","No Change"
"Puniceicoccales",0.021505489488006,0.638482271105752,0.913985263802585,"03_diabetic_2_vs_02_obesity_1","order","Not Significant","No Change"
"Burkholderiales",0.180445359230413,0.427788074746889,0.871695927168308,"03_diabetic_2_vs_02_obesity_1","order","Not Significant","No Change"
"Enterobacterales",0.16888679288542,0.504621922566843,0.897616748284331,"03_diabetic_2_vs_02_obesity_1","order","Not Significant","No Change"
"Flavobacteriales",-0.0535313358057454,0.794539898972085,0.984614559798999,"03_diabetic_2_vs_02_obesity_1","order","Not Significant","No Change"
"Pasteurellales",0.220728536574467,0.159611928192638,0.427853939287381,"03_diabetic_2_vs_02_obesity_1","order","Not Significant","No Change"
"Christensenellales",0.172706961461154,0.340573104013999,0.701166578088518,"03_diabetic_2_vs_02_obesity_1","order","Not Significant","No Change"
"Tissierellales",-0.101216253623347,0.722373844987999,0.965802513162157,"03_diabetic_2_vs_02_obesity_1","order","Not Significant","No Change"
"Caldilineales",0.729129988189653,0.000180864940553039,0.00114692048006708,"03_diabetic_2_vs_02_obesity_1","order","Highly Significant (p < 0.01)","No Change"
"Selenomonadales",0.648589951845498,8.69820927734046e-05,0.000626963129979168,"03_diabetic_2_vs_02_obesity_1","order","Highly Significant (p < 0.01)","No Change"
"Fusobacteriales",0.345879378207457,0.0252390579878212,0.0951136583297915,"03_diabetic_2_vs_02_obesity_1","order","Not Significant","No Change"
"Desulfovibrionales",0.100845949886357,0.475440856150307,0.804281642453893,"03_diabetic_2_vs_02_obesity_1","order","Not Significant","No Change"
"Synergistales",0.432292589017436,0.0146626883231678,0.0532859038054445,"03_diabetic_2_vs_02_obesity_1","order","Not Significant","No Change"
"Rhodospirillales",0.251199646969213,0.582073662095434,0.891680414865304,"03_diabetic_2_vs_02_obesity_1","order","Not Significant","No Change"
"Vibrionales",0.338881306341056,0.0459651349158617,0.151415726935778,"03_diabetic_2_vs_02_obesity_1","order","Not Significant","No Change"
"Myxococcales",-0.1130071060636,0.602762638080913,0.909628040583478,"03_diabetic_2_vs_02_obesity_1","order","Not Significant","No Change"
"Campylobacterales",0.636156513854596,0.000550654852641295,0.00279017697629113,"03_diabetic_2_vs_02_obesity_1","order","Highly Significant (p < 0.01)","No Change"
"Parachlamydiales",0.671937152376793,0.00032482144346135,0.00189996005898831,"03_diabetic_2_vs_02_obesity_1","order","Highly Significant (p < 0.01)","No Change"
"Pseudomonadales",0.195570056892002,0.197965071265165,0.463736418352817,"03_diabetic_2_vs_02_obesity_1","order","Not Significant","No Change"
