"taxon","effect_size","p_value","p_value_bh","comparison","level","significance","direction"
"Eubacteriales",0.358551477305753,0.0456789706314723,0.204522075148397,"02_obesity_1_vs_04_t2d_obesity_3","order","Not Significant","No Change"
"Lachnospirales",-0.453680827465438,0.00590941704403905,0.0404871582972932,"02_obesity_1_vs_04_t2d_obesity_3","order","Significant (p < 0.05)","No Change"
"Peptostreptococcales",-0.505910238266022,0.000790120238870432,0.00677446164956987,"02_obesity_1_vs_04_t2d_obesity_3","order","Highly Significant (p < 0.01)","No Change"
"Monoglobales",-0.073450486932878,0.589689165194881,0.960220329464345,"02_obesity_1_vs_04_t2d_obesity_3","order","Not Significant","No Change"
"Erysipelotrichales",-1.53618238290075,3.79677794412614e-09,9.18363073521694e-08,"02_obesity_1_vs_04_t2d_obesity_3","order","Highly Significant (p < 0.01)","Enriched in 04_t2d_obesity_3"
"Acidaminococcales",0.439023904985589,0.0129685910549303,0.0906449380847218,"02_obesity_1_vs_04_t2d_obesity_3","order","Not Significant","No Change"
"Veillonellales",-0.0952496826775652,0.350937988983989,0.939966973288178,"02_obesity_1_vs_04_t2d_obesity_3","order","Not Significant","No Change"
"Lactobacillales",-0.652810706555011,0.00011338278446571,0.00132279915209995,"02_obesity_1_vs_04_t2d_obesity_3","order","Highly Significant (p < 0.01)","No Change"
"Bacillales",0.122826472892283,0.87486717041488,0.998268826288874,"02_obesity_1_vs_04_t2d_obesity_3","order","Not Significant","No Change"
"Coriobacteriales",-0.0283305562268939,0.810560081063661,0.999721119584594,"02_obesity_1_vs_04_t2d_obesity_3","order","Not Significant","No Change"
"Eggerthellales",-0.152327770045904,0.16490672904871,0.658994608587666,"02_obesity_1_vs_04_t2d_obesity_3","order","Not Significant","No Change"
"Bifidobacteriales",-0.286864821861398,0.0210802848845098,0.122185815168022,"02_obesity_1_vs_04_t2d_obesity_3","order","Not Significant","No Change"
"Actinomycetales",-1.15952454752391,1.01423833197799e-06,1.77564296929182e-05,"02_obesity_1_vs_04_t2d_obesity_3","order","Highly Significant (p < 0.01)","Enriched in 04_t2d_obesity_3"
"Dehalococcoidales",0.421559696094248,0.0164088906614828,0.103017150376018,"02_obesity_1_vs_04_t2d_obesity_3","order","Not Significant","No Change"
"Bacteroidales",0.346483120962092,0.0251778490830416,0.146291613607091,"02_obesity_1_vs_04_t2d_obesity_3","order","Not Significant","No Change"
"Cytophagales",0.13088124560913,0.522762773668797,0.915388200133966,"02_obesity_1_vs_04_t2d_obesity_3","order","Not Significant","No Change"
"Verrucomicrobiales",0.727900225544507,7.55607354452007e-05,0.00225120966894918,"02_obesity_1_vs_04_t2d_obesity_3","order","Highly Significant (p < 0.01)","No Change"
"Puniceicoccales",-0.146085989640659,0.556672308923034,0.894315879926754,"02_obesity_1_vs_04_t2d_obesity_3","order","Not Significant","No Change"
"Burkholderiales",-0.19745416630305,0.277087743630013,0.843281168442516,"02_obesity_1_vs_04_t2d_obesity_3","order","Not Significant","No Change"
"Enterobacterales",-0.064970973707462,0.440249531580749,0.959053729431368,"02_obesity_1_vs_04_t2d_obesity_3","order","Not Significant","No Change"
"Flavobacteriales",-0.0507345282094914,0.880054282704231,0.997895183967024,"02_obesity_1_vs_04_t2d_obesity_3","order","Not Significant","No Change"
"Pasteurellales",-0.0375271513334863,0.719105252822315,0.984575129782813,"02_obesity_1_vs_04_t2d_obesity_3","order","Not Significant","No Change"
"Christensenellales",0.252201449356582,0.209803036869438,0.615510425736078,"02_obesity_1_vs_04_t2d_obesity_3","order","Not Significant","No Change"
"Tissierellales",-0.0329270182536613,0.816639895065135,0.995417770658592,"02_obesity_1_vs_04_t2d_obesity_3","order","Not Significant","No Change"
"Caldilineales",0.13806784859276,0.425965404204798,0.770697157854165,"02_obesity_1_vs_04_t2d_obesity_3","order","Not Significant","No Change"
"Selenomonadales",0.184474198034593,0.329062925460123,0.742117014163731,"02_obesity_1_vs_04_t2d_obesity_3","order","Not Significant","No Change"
"Fusobacteriales",0.0800905625771812,0.775017465164424,0.980102425227436,"02_obesity_1_vs_04_t2d_obesity_3","order","Not Significant","No Change"
"Desulfovibrionales",0.331633969820623,0.0472757235119942,0.208313800982099,"02_obesity_1_vs_04_t2d_obesity_3","order","Not Significant","No Change"
"Synergistales",-0.0121741887860343,0.745415571118631,0.956243303353339,"02_obesity_1_vs_04_t2d_obesity_3","order","Not Significant","No Change"
"Rhodospirillales",0.0564946049855702,0.585112109866732,0.947966442945518,"02_obesity_1_vs_04_t2d_obesity_3","order","Not Significant","No Change"
"Vibrionales",-0.0902043295268307,0.507073036570566,0.82142905719854,"02_obesity_1_vs_04_t2d_obesity_3","order","Not Significant","No Change"
"Myxococcales",-0.179140348372239,0.507119138172999,0.894316427536432,"02_obesity_1_vs_04_t2d_obesity_3","order","Not Significant","No Change"
"Campylobacterales",0.465561295746966,0.0261047392550063,0.120143037773954,"02_obesity_1_vs_04_t2d_obesity_3","order","Not Significant","No Change"
"Parachlamydiales",0.395352382947589,0.035887299816586,0.14741639927206,"02_obesity_1_vs_04_t2d_obesity_3","order","Not Significant","No Change"
"Pseudomonadales",-0.203228490003171,0.360173989735578,0.760227257840952,"02_obesity_1_vs_04_t2d_obesity_3","order","Not Significant","No Change"
