"taxon","effect_size","p_value","p_value_bh","comparison","level","significance","direction"
"Bacillota",-0.338981524587408,0.0751378437753779,0.151156594077697,"01_normal_2_vs_04_t2d_obesity_3","phylum","Not Significant","No Change"
"Actinomycetota",0.65698755962364,1.03647839399338e-05,7.59899434048607e-05,"01_normal_2_vs_04_t2d_obesity_3","phylum","Highly Significant (p < 0.01)","No Change"
"Mycoplasmatota",-0.095862108375677,0.450138177976755,0.603299756320706,"01_normal_2_vs_04_t2d_obesity_3","phylum","Not Significant","No Change"
"Chloroflexota",0.234917995325633,0.237233204437054,0.675605310672257,"01_normal_2_vs_04_t2d_obesity_3","phylum","Not Significant","No Change"
"Bacteroidota",-0.761999282749092,4.15740060304114e-05,0.000467556633232445,"01_normal_2_vs_04_t2d_obesity_3","phylum","Highly Significant (p < 0.01)","No Change"
"Pseudomonadota",-0.532590191755577,0.0148178615361429,0.0417820028411217,"01_normal_2_vs_04_t2d_obesity_3","phylum","Significant (p < 0.05)","No Change"
"Thermodesulfobacteriota",0.314162470921675,0.137276508923305,0.435200942088636,"01_normal_2_vs_04_t2d_obesity_3","phylum","Not Significant","No Change"
"Verrucomicrobiota",0.976351858846368,1.97682835248245e-05,0.000136032053303949,"01_normal_2_vs_04_t2d_obesity_3","phylum","Highly Significant (p < 0.01)","No Change"
"Synergistota",-0.446361638123394,0.0364627364051207,0.0694891390365374,"01_normal_2_vs_04_t2d_obesity_3","phylum","Not Significant","No Change"
"Fusobacteriota",-0.449838538465557,0.0139067047348979,0.032627191240043,"01_normal_2_vs_04_t2d_obesity_3","phylum","Significant (p < 0.05)","No Change"
"Myxococcota",-0.286010666906132,0.331312061914169,0.471726887718273,"01_normal_2_vs_04_t2d_obesity_3","phylum","Not Significant","No Change"
"Campylobacterota",-0.195376749073534,0.260623416208558,0.399788260239188,"01_normal_2_vs_04_t2d_obesity_3","phylum","Not Significant","No Change"
"Chlamydiota",-0.342156803636827,0.128616924980397,0.222568125638446,"01_normal_2_vs_04_t2d_obesity_3","phylum","Not Significant","No Change"
