"baseMean","log2FoldChange","lfcSE","stat","pvalue","padj","taxon","comparison","level","significance","direction"
44307.7221878237,1.0747010773991,0.208418562698175,5.15645566059991,2.51668041807955e-07,8.17921135875854e-07,"Bacillota","04_t2d_obesity_3_vs_03_diabetic_2","phylum","Highly Significant (p < 0.01)","Enriched in 04_t2d_obesity_3"
1912.37824194705,4.9744222064485,0.440506049225649,11.2925173563289,1.42884746210903e-29,9.28750850370872e-29,"Actinomycetota","04_t2d_obesity_3_vs_03_diabetic_2","phylum","Highly Significant (p < 0.01)","Enriched in 04_t2d_obesity_3"
11.4135650697069,-0.518889264788433,0.541406538873233,-0.958409674675038,0.337856218628743,0.488014538019296,"Mycoplasmatota","04_t2d_obesity_3_vs_03_diabetic_2","phylum","Not Significant","No Change"
394.771324945717,1.82303768668567,0.735406890267576,2.47895105527548,0.0131769386484495,0.0244714574899776,"Chloroflexota","04_t2d_obesity_3_vs_03_diabetic_2","phylum","Significant (p < 0.05)","Enriched in 04_t2d_obesity_3"
33903.0497926645,0.0690539063897606,0.2637407974921,0.26182489416272,0.793456445615104,0.859577816083029,"Bacteroidota","04_t2d_obesity_3_vs_03_diabetic_2","phylum","Not Significant","No Change"
2501.45683825481,0.274765918915724,0.362687096386312,0.757583938478639,0.448700098433032,0.563364288774442,"Pseudomonadota","04_t2d_obesity_3_vs_03_diabetic_2","phylum","Not Significant","No Change"
45.0253918417044,1.96813766291315,0.591682658189075,3.32633994874364,0.000879945382607298,0.00190654832898248,"Thermodesulfobacteriota","04_t2d_obesity_3_vs_03_diabetic_2","phylum","Highly Significant (p < 0.01)","Enriched in 04_t2d_obesity_3"
3432.96645082473,10.4875458422829,0.670920683085689,15.6315733091559,4.43710616117949e-55,5.76823800953333e-54,"Verrucomicrobiota","04_t2d_obesity_3_vs_03_diabetic_2","phylum","Highly Significant (p < 0.01)","Enriched in 04_t2d_obesity_3"
5.93756124426344,-0.792926884752282,0.480607117721171,-1.64984423974408,0.0989747977829353,0.16083404639727,"Synergistota","04_t2d_obesity_3_vs_03_diabetic_2","phylum","Not Significant","No Change"
23.2106049082761,-3.77761932963329,0.660201868951203,-5.72191553415991,1.05329673715762e-08,4.56428586101637e-08,"Fusobacteriota","04_t2d_obesity_3_vs_03_diabetic_2","phylum","Highly Significant (p < 0.01)","Enriched in 03_diabetic_2"
5.89220311551255,1.99563575098251,0.465049297027543,4.29123485131152,1.77682274335932e-05,4.61973913273422e-05,"Myxococcota","04_t2d_obesity_3_vs_03_diabetic_2","phylum","Highly Significant (p < 0.01)","Enriched in 04_t2d_obesity_3"
3.85155463031664,-0.0289208126954051,0.394747626337462,-0.0732640572502931,0.941595992965475,0.941595992965475,"Campylobacterota","04_t2d_obesity_3_vs_03_diabetic_2","phylum","Not Significant","No Change"
7.31035661031638,-0.342591410063632,0.481416722574923,-0.711631719461748,0.47669285973222,0.563364288774442,"Chlamydiota","04_t2d_obesity_3_vs_03_diabetic_2","phylum","Not Significant","No Change"
