"baseMean","log2FoldChange","lfcSE","stat","pvalue","padj","taxon","comparison","level","significance","direction"
44307.7221878237,2.25887074462399,0.192788437645146,11.7168372347192,1.04500974278081e-31,6.79256332807527e-31,"Bacillota","02_obesity_1_vs_01_normal_2","phylum","Highly Significant (p < 0.01)","Enriched in 02_obesity_1"
1912.37824194705,6.98024338757818,0.40773009981829,17.1197647431206,1.05701647649107e-65,1.37412141943839e-64,"Actinomycetota","02_obesity_1_vs_01_normal_2","phylum","Highly Significant (p < 0.01)","Enriched in 02_obesity_1"
11.4135650697069,-0.656728467775056,0.505469992193495,-1.299243234846,0.193860468330382,0.229107826208633,"Mycoplasmatota","02_obesity_1_vs_01_normal_2","phylum","Not Significant","No Change"
394.771324945717,2.15502699372483,0.680236615310651,3.16805497560679,0.00153462498044605,0.00221668052731096,"Chloroflexota","02_obesity_1_vs_01_normal_2","phylum","Highly Significant (p < 0.01)","Enriched in 02_obesity_1"
33903.0497926645,0.295278211820372,0.243961059255375,1.21034976943299,0.226144707652644,0.244990099957031,"Bacteroidota","02_obesity_1_vs_01_normal_2","phylum","Not Significant","No Change"
2501.45683825481,2.73093586912186,0.335494153016379,8.14004013056089,3.9514690207648e-16,1.28422743174856e-15,"Pseudomonadota","02_obesity_1_vs_01_normal_2","phylum","Highly Significant (p < 0.01)","Enriched in 02_obesity_1"
45.0253918417044,2.28748571573645,0.548300175591773,4.17195875100276,3.01992315523276e-05,5.60842871686084e-05,"Thermodesulfobacteriota","02_obesity_1_vs_01_normal_2","phylum","Highly Significant (p < 0.01)","Enriched in 02_obesity_1"
3432.96645082473,6.15091334402758,0.617020866486,9.96872825234857,2.08886291628773e-23,9.05173930391349e-23,"Verrucomicrobiota","02_obesity_1_vs_01_normal_2","phylum","Highly Significant (p < 0.01)","Enriched in 02_obesity_1"
5.93756124426344,0.264001155550003,0.448228656228664,0.58898767823386,0.555869539347302,0.555869539347302,"Synergistota","02_obesity_1_vs_01_normal_2","phylum","Not Significant","No Change"
23.2106049082761,1.12167204129427,0.583513171774163,1.92227373014365,0.0545713236870134,0.0709427207931174,"Fusobacteriota","02_obesity_1_vs_01_normal_2","phylum","Not Significant","No Change"
5.89220311551255,2.57630402645906,0.426950717957245,6.03419532536553,1.59756735544346e-09,4.153675124153e-09,"Myxococcota","02_obesity_1_vs_01_normal_2","phylum","Highly Significant (p < 0.01)","Enriched in 02_obesity_1"
3.85155463031664,-1.57810987981916,0.404680374258685,-3.89964520199434,9.6333750734957e-05,0.000156542344944305,"Campylobacterota","02_obesity_1_vs_01_normal_2","phylum","Highly Significant (p < 0.01)","Enriched in 01_normal_2"
7.31035661031638,-2.45665934999202,0.485063462442394,-5.06461430350214,4.0922803719926e-07,8.86660747265063e-07,"Chlamydiota","02_obesity_1_vs_01_normal_2","phylum","Highly Significant (p < 0.01)","Enriched in 01_normal_2"
