"baseMean","log2FoldChange","lfcSE","stat","pvalue","padj","taxon","comparison","level","significance","direction"
44307.7221878237,-1.10531135107244,0.209506381288138,-5.2757884713415,1.3218649365123e-07,3.43684883493197e-07,"Bacillota","04_t2d_obesity_3_vs_02_obesity_1","phylum","Highly Significant (p < 0.01)","Enriched in 02_obesity_1"
1912.37824194705,-2.17480254068615,0.440299909149036,-4.93936631713,7.83768539792538e-07,1.6981651695505e-06,"Actinomycetota","04_t2d_obesity_3_vs_02_obesity_1","phylum","Highly Significant (p < 0.01)","Enriched in 02_obesity_1"
11.4135650697069,0.784459888397449,0.544653881562109,1.44029064136578,0.149785188039647,0.216356382723935,"Mycoplasmatota","04_t2d_obesity_3_vs_02_obesity_1","phylum","Not Significant","No Change"
394.771324945717,-0.531778647416601,0.738881857108395,-0.71970727431001,0.471705246495601,0.612517324362435,"Chloroflexota","04_t2d_obesity_3_vs_02_obesity_1","phylum","Not Significant","No Change"
33903.0497926645,-0.152404973481448,0.26512664901,-0.574838380262932,0.565400607103786,0.612517324362435,"Bacteroidota","04_t2d_obesity_3_vs_02_obesity_1","phylum","Not Significant","No Change"
2501.45683825481,-2.0207264874818,0.364500178934053,-5.54382851989602,2.95928659048911e-08,1.28235752254528e-07,"Pseudomonadota","04_t2d_obesity_3_vs_02_obesity_1","phylum","Highly Significant (p < 0.01)","Enriched in 02_obesity_1"
45.0253918417044,-0.231296413036243,0.590695110909814,-0.391566493042392,0.695378549477261,0.695378549477261,"Thermodesulfobacteriota","04_t2d_obesity_3_vs_02_obesity_1","phylum","Not Significant","No Change"
3432.96645082473,2.82280170858452,0.66736723878113,4.22975768744664,2.33943163482781e-05,4.34465875039451e-05,"Verrucomicrobiota","04_t2d_obesity_3_vs_02_obesity_1","phylum","Highly Significant (p < 0.01)","Enriched in 04_t2d_obesity_3"
5.93756124426344,-0.281770591893811,0.478301378006234,-0.589106795109711,0.555789635381622,0.612517324362435,"Synergistota","04_t2d_obesity_3_vs_02_obesity_1","phylum","Not Significant","No Change"
23.2106049082761,-4.27227930944756,0.661570658362838,-6.45778233275944,1.06248409577963e-10,1.38122932451352e-09,"Fusobacteriota","04_t2d_obesity_3_vs_02_obesity_1","phylum","Highly Significant (p < 0.01)","Enriched in 02_obesity_1"
5.89220311551255,-0.809924688667164,0.412835646608072,-1.96185744937881,0.0497790829415025,0.0808910097799416,"Myxococcota","04_t2d_obesity_3_vs_02_obesity_1","phylum","Not Significant","No Change"
3.85155463031664,2.23083441404969,0.411453307089047,5.42184100993722,5.89883370136501e-08,1.91712095294363e-07,"Campylobacterota","04_t2d_obesity_3_vs_02_obesity_1","phylum","Highly Significant (p < 0.01)","Enriched in 04_t2d_obesity_3"
7.31035661031638,3.20262289979976,0.509991520505958,6.27975715482969,3.39102279430813e-10,2.20416481630028e-09,"Chlamydiota","04_t2d_obesity_3_vs_02_obesity_1","phylum","Highly Significant (p < 0.01)","Enriched in 04_t2d_obesity_3"
