"baseMean","log2FoldChange","lfcSE","stat","pvalue","padj","taxon","comparison","level","significance","direction"
44307.7221878237,-2.18001242847154,0.192786580874518,-11.3079054495524,1.1991802850098e-29,5.19644790170913e-29,"Bacillota","03_diabetic_2_vs_02_obesity_1","phylum","Highly Significant (p < 0.01)","Enriched in 02_obesity_1"
1912.37824194705,-7.14922474713465,0.407802360759879,-17.5311019137141,8.29463296524982e-69,1.07830228548248e-67,"Actinomycetota","03_diabetic_2_vs_02_obesity_1","phylum","Highly Significant (p < 0.01)","Enriched in 02_obesity_1"
11.4135650697069,1.30334915318588,0.501432924077413,2.59924925269699,0.00934279071821376,0.0121456279336779,"Mycoplasmatota","03_diabetic_2_vs_02_obesity_1","phylum","Significant (p < 0.05)","Enriched in 03_diabetic_2"
394.771324945717,-2.35481633410227,0.680259248853611,-3.461645450717,0.000536883923648093,0.000775499000825023,"Chloroflexota","03_diabetic_2_vs_02_obesity_1","phylum","Highly Significant (p < 0.01)","Enriched in 02_obesity_1"
33903.0497926645,-0.221458879871208,0.243960162311018,-0.907766570465207,0.364001563887547,0.394335027544843,"Bacteroidota","03_diabetic_2_vs_02_obesity_1","phylum","Not Significant","No Change"
2501.45683825481,-2.29549240639753,0.335439310613045,-6.8432420821588,7.74206535842451e-12,2.01293699319037e-11,"Pseudomonadota","03_diabetic_2_vs_02_obesity_1","phylum","Highly Significant (p < 0.01)","Enriched in 02_obesity_1"
45.0253918417044,-2.19943407594939,0.547507529909491,-4.01717593968613,5.88997497306296e-05,9.57120933122731e-05,"Thermodesulfobacteriota","03_diabetic_2_vs_02_obesity_1","phylum","Highly Significant (p < 0.01)","Enriched in 02_obesity_1"
3432.96645082473,-7.66474413369835,0.621713872683349,-12.328410978859,6.36903080256718e-35,4.13987002166866e-34,"Verrucomicrobiota","03_diabetic_2_vs_02_obesity_1","phylum","Highly Significant (p < 0.01)","Enriched in 02_obesity_1"
5.93756124426344,0.511156292858471,0.436843031423523,1.17011433418724,0.24195496074574,0.28594677179042,"Synergistota","03_diabetic_2_vs_02_obesity_1","phylum","Not Significant","No Change"
23.2106049082761,-0.494659979814271,0.581492640949032,-0.850672811623128,0.394951130289722,0.394951130289722,"Fusobacteriota","03_diabetic_2_vs_02_obesity_1","phylum","Not Significant","No Change"
5.89220311551255,-2.80556043964968,0.430715922439502,-6.51371424524883,7.33149099115154e-11,1.5884897147495e-10,"Myxococcota","03_diabetic_2_vs_02_obesity_1","phylum","Highly Significant (p < 0.01)","Enriched in 02_obesity_1"
3.85155463031664,2.25975522674509,0.388927991036663,5.81021494678709,6.23926828157984e-09,1.1587212522934e-08,"Campylobacterota","03_diabetic_2_vs_02_obesity_1","phylum","Highly Significant (p < 0.01)","Enriched in 03_diabetic_2"
7.31035661031638,3.54521430986339,0.474784598544412,7.46699518209366,8.20467710559222e-14,2.66652005931747e-13,"Chlamydiota","03_diabetic_2_vs_02_obesity_1","phylum","Highly Significant (p < 0.01)","Enriched in 03_diabetic_2"
