"taxon","p_value","effect_size","max_mean_abundance","enriched_group","level","p_value_bh","significance"
"Bacillota",4.00759359496084e-12,1.81620206076045,65.4940812330157,"02_obesity_1","phylum",1.06869162532289e-11,"Highly Significant (p < 0.01)"
"Actinomycetota",4.47692210792323e-19,0.577972328321508,3.7841837248829,"02_obesity_1","phylum",3.58153768633858e-18,"Highly Significant (p < 0.01)"
"Bacteroidota",3.01921755960746e-16,1.7596185256223,57.4934695931703,"01_normal_2","phylum",1.20768702384299e-15,"Highly Significant (p < 0.01)"
"Pseudomonadota",0.000432986478895878,0.591488928198813,3.90381130093706,"02_obesity_1","phylum",0.000494841690166718,"Highly Significant (p < 0.01)"
"Thermodesulfobacteriota",0.000318107629590441,-0.933667540784423,0.116500752726998,"02_obesity_1","phylum",0.000424143506120587,"Highly Significant (p < 0.01)"
"Verrucomicrobiota",4.94166156221455e-11,1.25018493046235,17.790366948872,"04_t2d_obesity_3","phylum",9.8833231244291e-11,"Highly Significant (p < 0.01)"
"Synergistota",0.04157060908681,-1.88450418949362,0.0130455538300504,"03_diabetic_2","phylum",0.04157060908681,"Significant (p < 0.05)"
"Myxococcota",8.43425923895649e-10,-1.65354733552247,0.0222040964788033,"02_obesity_1","phylum",1.34948147823304e-09,"Highly Significant (p < 0.01)"
