"baseMean","log2FoldChange","lfcSE","stat","pvalue","padj","taxon","comparison","level","significance","direction"
44307.7221878237,0.0788583161524453,0.191605728514991,0.411565545370818,0.680657889839614,0.831707718277372,"Bacillota","03_diabetic_2_vs_01_normal_2","phylum","Not Significant","No Change"
1912.37824194705,-0.168981359556468,0.407952697803506,-0.414218022006707,0.678714444444428,0.831707718277372,"Actinomycetota","03_diabetic_2_vs_01_normal_2","phylum","Not Significant","No Change"
11.4135650697069,0.646620685410826,0.501969226594728,1.28816798152625,0.197687495013856,0.428322905863355,"Mycoplasmatota","03_diabetic_2_vs_01_normal_2","phylum","Not Significant","No Change"
394.771324945717,-0.199789340377437,0.676460459292861,-0.295345186304439,0.767730201486805,0.831707718277372,"Chloroflexota","03_diabetic_2_vs_01_normal_2","phylum","Not Significant","No Change"
33903.0497926645,0.0738193319491637,0.242454257058258,0.304467048113847,0.760772093602871,0.831707718277372,"Bacteroidota","03_diabetic_2_vs_01_normal_2","phylum","Not Significant","No Change"
2501.45683825481,0.435443462724335,0.333523427128854,1.30558583687168,0.191693439338564,0.428322905863355,"Pseudomonadota","03_diabetic_2_vs_01_normal_2","phylum","Not Significant","No Change"
45.0253918417044,0.0880516397870535,0.549363937473216,0.16027924983945,0.872661103780702,0.872661103780702,"Thermodesulfobacteriota","03_diabetic_2_vs_01_normal_2","phylum","Not Significant","No Change"
3432.96645082473,-1.51383078967077,0.620862527184568,-2.43827050818408,0.0147577258984034,0.108676413801796,"Verrucomicrobiota","03_diabetic_2_vs_01_normal_2","phylum","Not Significant","No Change"
5.93756124426344,0.775157448408474,0.450688274446305,1.71994145922877,0.0854430833060941,0.277690020744806,"Synergistota","03_diabetic_2_vs_01_normal_2","phylum","Not Significant","No Change"
23.2106049082761,0.62701206148,0.581960818808259,1.07741284501592,0.281295868134436,0.522406612249667,"Fusobacteriota","03_diabetic_2_vs_01_normal_2","phylum","Not Significant","No Change"
5.89220311551255,-0.229256413190614,0.477623777153526,-0.479993719234213,0.63123185907226,0.831707718277372,"Myxococcota","03_diabetic_2_vs_01_normal_2","phylum","Not Significant","No Change"
3.85155463031664,0.681645346925937,0.387682955880064,1.75825461652953,0.0787041959464889,0.277690020744806,"Campylobacterota","03_diabetic_2_vs_01_normal_2","phylum","Not Significant","No Change"
7.31035661031638,1.08855495987137,0.45492558146176,2.39281984621231,0.0167194482771994,0.108676413801796,"Chlamydiota","03_diabetic_2_vs_01_normal_2","phylum","Not Significant","No Change"
