"taxon","effect_size","p_value","p_value_bh","comparison","level","significance","direction"
"Bacillota",-0.239097333888648,0.290241303420816,0.49070242838995,"03_diabetic_2_vs_04_t2d_obesity_3","phylum","Not Significant","No Change"
"Actinomycetota",0.883934041422238,1.32298967546936e-07,1.2317930466655e-06,"03_diabetic_2_vs_04_t2d_obesity_3","phylum","Highly Significant (p < 0.01)","No Change"
"Mycoplasmatota",-0.115690773381112,0.454940769453925,0.631192540246847,"03_diabetic_2_vs_04_t2d_obesity_3","phylum","Not Significant","No Change"
"Chloroflexota",0.139924181544207,0.416676862835551,0.89619637367056,"03_diabetic_2_vs_04_t2d_obesity_3","phylum","Not Significant","No Change"
"Bacteroidota",-0.63042437772818,0.00122591881019636,0.00504014169797351,"03_diabetic_2_vs_04_t2d_obesity_3","phylum","Highly Significant (p < 0.01)","No Change"
"Pseudomonadota",-0.595665823054261,0.000631416281167523,0.00384412746124742,"03_diabetic_2_vs_04_t2d_obesity_3","phylum","Highly Significant (p < 0.01)","No Change"
"Thermodesulfobacteriota",0.240970738998448,0.232082081439922,0.666513270728514,"03_diabetic_2_vs_04_t2d_obesity_3","phylum","Not Significant","No Change"
"Verrucomicrobiota",1.1073524278066,7.67342766367079e-07,5.04892364089773e-06,"03_diabetic_2_vs_04_t2d_obesity_3","phylum","Highly Significant (p < 0.01)","Enriched in 03_diabetic_2"
"Synergistota",-0.511560268884317,0.0091953713316675,0.02273580802492,"03_diabetic_2_vs_04_t2d_obesity_3","phylum","Significant (p < 0.05)","No Change"
"Fusobacteriota",-0.426917117204413,0.00412436119256239,0.0133562075416889,"03_diabetic_2_vs_04_t2d_obesity_3","phylum","Significant (p < 0.05)","No Change"
"Myxococcota",-0.149238807190392,0.621018175682877,0.780777510026322,"03_diabetic_2_vs_04_t2d_obesity_3","phylum","Not Significant","No Change"
"Campylobacterota",-0.233413390637566,0.178162915915801,0.31310027925052,"03_diabetic_2_vs_04_t2d_obesity_3","phylum","Not Significant","No Change"
"Chlamydiota",-0.343561085913707,0.100075049083523,0.190931481480408,"03_diabetic_2_vs_04_t2d_obesity_3","phylum","Not Significant","No Change"
