"baseMean","log2FoldChange","lfcSE","stat","pvalue","padj","taxon","comparison","level","significance","direction"
44307.7221878237,1.15355939355155,0.208420279102192,5.53477520767516,3.11627765271243e-08,1.35038698284205e-07,"Bacillota","04_t2d_obesity_3_vs_01_normal_2","phylum","Highly Significant (p < 0.01)","Enriched in 04_t2d_obesity_3"
1912.37824194705,4.80544084689203,0.440439143389798,10.9105671442084,1.02614153509873e-27,6.66991997814175e-27,"Actinomycetota","04_t2d_obesity_3_vs_01_normal_2","phylum","Highly Significant (p < 0.01)","Enriched in 04_t2d_obesity_3"
11.4135650697069,0.127731420622393,0.545147644815154,0.234306103744983,0.81474734769932,0.882642960007596,"Mycoplasmatota","04_t2d_obesity_3_vs_01_normal_2","phylum","Not Significant","No Change"
394.771324945717,1.62324834630823,0.735385905471467,2.2073422052705,0.0272901608041146,0.0506817272076415,"Chloroflexota","04_t2d_obesity_3_vs_01_normal_2","phylum","Not Significant","No Change"
33903.0497926645,0.142873238338924,0.263741624927221,0.541716683433454,0.588013694878546,0.694925275765554,"Bacteroidota","04_t2d_obesity_3_vs_01_normal_2","phylum","Not Significant","No Change"
2501.45683825481,0.710209381640059,0.362737813379489,1.95791383044219,0.0502401247455987,0.0816402027115978,"Pseudomonadota","04_t2d_obesity_3_vs_01_normal_2","phylum","Not Significant","No Change"
45.0253918417044,2.0561893027002,0.592416175323612,3.47085273554017,0.000518808441460272,0.00112408495649726,"Thermodesulfobacteriota","04_t2d_obesity_3_vs_01_normal_2","phylum","Highly Significant (p < 0.01)","Enriched in 04_t2d_obesity_3"
3432.96645082473,8.9737150526121,0.666574170582006,13.4624404134605,2.60178927097474e-41,3.38232605226716e-40,"Verrucomicrobiota","04_t2d_obesity_3_vs_01_normal_2","phylum","Highly Significant (p < 0.01)","Enriched in 04_t2d_obesity_3"
5.93756124426344,-0.0177694363438076,0.490978898370591,-0.0361918534641284,0.971129381729473,0.971129381729473,"Synergistota","04_t2d_obesity_3_vs_01_normal_2","phylum","Not Significant","No Change"
23.2106049082761,-3.15060726815329,0.661982153281009,-4.75935378701346,1.942137546157e-06,6.31194702501024e-06,"Fusobacteriota","04_t2d_obesity_3_vs_01_normal_2","phylum","Highly Significant (p < 0.01)","Enriched in 01_normal_2"
5.89220311551255,1.7663793377919,0.461564236649633,3.82694151222278,0.000129745327607185,0.00033733785177868,"Myxococcota","04_t2d_obesity_3_vs_01_normal_2","phylum","Highly Significant (p < 0.01)","Enriched in 04_t2d_obesity_3"
3.85155463031664,0.652724534230531,0.410276626329645,1.59093765606351,0.111623606978416,0.161234098968824,"Campylobacterota","04_t2d_obesity_3_vs_01_normal_2","phylum","Not Significant","No Change"
7.31035661031638,0.74596354980774,0.491556920006594,1.5175527379367,0.129127189016494,0.167865345721442,"Chlamydiota","04_t2d_obesity_3_vs_01_normal_2","phylum","Not Significant","No Change"
