"taxon","effect_size","p_value","p_value_bh","comparison","level","significance","direction"
"Bacillota",-0.35720110405118,0.0163104592718448,0.0658973526879993,"03_diabetic_2_vs_02_obesity_1","phylum","Not Significant","No Change"
"Actinomycetota",-1.53799096721594,1.04004453263111e-12,1.35205789242044e-11,"03_diabetic_2_vs_02_obesity_1","phylum","Highly Significant (p < 0.01)","Enriched in 02_obesity_1"
"Mycoplasmatota",0.355059159737928,0.0452973753222158,0.110433593196386,"03_diabetic_2_vs_02_obesity_1","phylum","Not Significant","No Change"
"Chloroflexota",0.127430156390382,0.452380437185833,0.757258773667308,"03_diabetic_2_vs_02_obesity_1","phylum","Not Significant","No Change"
"Bacteroidota",0.453299207440469,0.00915205109713889,0.0336122143993782,"03_diabetic_2_vs_02_obesity_1","phylum","Significant (p < 0.05)","No Change"
"Pseudomonadota",-0.103789622544388,0.301892115820529,0.693617713711328,"03_diabetic_2_vs_02_obesity_1","phylum","Not Significant","No Change"
"Thermodesulfobacteriota",-0.123105522461551,0.512367869647015,0.824933860885073,"03_diabetic_2_vs_02_obesity_1","phylum","Not Significant","No Change"
"Verrucomicrobiota",-0.514871405600393,0.00342749533334332,0.0160791951179096,"03_diabetic_2_vs_02_obesity_1","phylum","Significant (p < 0.05)","No Change"
"Synergistota",0.231425244000565,0.135510564795237,0.284385150070845,"03_diabetic_2_vs_02_obesity_1","phylum","Not Significant","No Change"
"Fusobacteriota",0.242270483159421,0.116618120373213,0.258160993207716,"03_diabetic_2_vs_02_obesity_1","phylum","Not Significant","No Change"
"Myxococcota",-0.314557471482747,0.120239610575704,0.315025859741572,"03_diabetic_2_vs_02_obesity_1","phylum","Not Significant","No Change"
"Campylobacterota",0.481854602310424,0.00656840904743071,0.0230215911303711,"03_diabetic_2_vs_02_obesity_1","phylum","Significant (p < 0.05)","No Change"
"Chlamydiota",0.575625132399924,0.00165888243647391,0.00704340485661854,"03_diabetic_2_vs_02_obesity_1","phylum","Highly Significant (p < 0.01)","No Change"
