"taxon","effect_size","p_value","p_value_bh","comparison","level","significance","direction"
"Bacillota",-0.571405629418156,0.001877406591231,0.0079460761826769,"02_obesity_1_vs_04_t2d_obesity_3","phylum","Highly Significant (p < 0.01)","No Change"
"Actinomycetota",-0.612841866172877,0.00021879059117322,0.00141997750102533,"02_obesity_1_vs_04_t2d_obesity_3","phylum","Highly Significant (p < 0.01)","No Change"
"Mycoplasmatota",0.228939804814194,0.304377315300843,0.685466858240817,"02_obesity_1_vs_04_t2d_obesity_3","phylum","Not Significant","No Change"
"Chloroflexota",0.260200528583394,0.152598589836,0.51882993801827,"02_obesity_1_vs_04_t2d_obesity_3","phylum","Not Significant","No Change"
"Bacteroidota",-0.157229837114908,0.338742930433757,0.656845852775462,"02_obesity_1_vs_04_t2d_obesity_3","phylum","Not Significant","No Change"
"Pseudomonadota",-0.701164785680789,3.3562037989706e-05,0.000434933071610616,"02_obesity_1_vs_04_t2d_obesity_3","phylum","Highly Significant (p < 0.01)","No Change"
"Thermodesulfobacteriota",0.0958134178152178,0.524547715149613,0.889966602428779,"02_obesity_1_vs_04_t2d_obesity_3","phylum","Not Significant","No Change"
"Verrucomicrobiota",0.519235825189253,0.00670123334747778,0.0651331834651611,"02_obesity_1_vs_04_t2d_obesity_3","phylum","Not Significant","No Change"
"Synergistota",-0.218968171126109,0.284064449312388,0.495356211282572,"02_obesity_1_vs_04_t2d_obesity_3","phylum","Not Significant","No Change"
"Fusobacteriota",-0.172914457873904,0.209600260972963,0.412959975761307,"02_obesity_1_vs_04_t2d_obesity_3","phylum","Not Significant","No Change"
"Myxococcota",-0.407720754335349,0.0945580302103175,0.23378322697669,"02_obesity_1_vs_04_t2d_obesity_3","phylum","Not Significant","No Change"
"Campylobacterota",0.287582643087623,0.204148388124448,0.514386865581685,"02_obesity_1_vs_04_t2d_obesity_3","phylum","Not Significant","No Change"
"Chlamydiota",0.192673828373249,0.27163731584293,0.614358315293689,"02_obesity_1_vs_04_t2d_obesity_3","phylum","Not Significant","No Change"
