"taxon","effect_size","p_value","p_value_bh","comparison","level","significance","direction"
"Bacillota",0.276317550169843,0.0748968434420251,0.267259372987303,"01_normal_2_vs_02_obesity_1","phylum","Not Significant","No Change"
"Actinomycetota",1.31933264550453,3.05852338669146e-11,3.9760804026989e-10,"01_normal_2_vs_02_obesity_1","phylum","Highly Significant (p < 0.01)","Enriched in 01_normal_2"
"Mycoplasmatota",-0.365479849751796,0.0578397712456104,0.139996783245518,"01_normal_2_vs_02_obesity_1","phylum","Not Significant","No Change"
"Chloroflexota",-0.0503716509477171,0.719231830525669,0.936771454695559,"01_normal_2_vs_02_obesity_1","phylum","Not Significant","No Change"
"Bacteroidota",-0.604006089880235,0.000196022633809819,0.00134273450739408,"01_normal_2_vs_02_obesity_1","phylum","Highly Significant (p < 0.01)","No Change"
"Pseudomonadota",0.164697698575065,0.102993873685503,0.309719977725194,"01_normal_2_vs_02_obesity_1","phylum","Not Significant","No Change"
"Thermodesulfobacteriota",0.139801996796696,0.413366760784194,0.713305206929457,"01_normal_2_vs_02_obesity_1","phylum","Not Significant","No Change"
"Verrucomicrobiota",0.37821528055206,0.0286223729480551,0.127805938956207,"01_normal_2_vs_02_obesity_1","phylum","Not Significant","No Change"
"Synergistota",-0.195380130441632,0.252475106713388,0.455093053944438,"01_normal_2_vs_02_obesity_1","phylum","Not Significant","No Change"
"Fusobacteriota",-0.234464688168084,0.260015032510626,0.498929166592803,"01_normal_2_vs_02_obesity_1","phylum","Not Significant","No Change"
"Myxococcota",0.211438410540676,0.349639337585692,0.63971923611486,"01_normal_2_vs_02_obesity_1","phylum","Not Significant","No Change"
"Campylobacterota",-0.497010626037375,0.0108793329551694,0.0351046655132749,"01_normal_2_vs_02_obesity_1","phylum","Significant (p < 0.05)","No Change"
"Chlamydiota",-0.528961906411388,0.00454599052222835,0.0155669361643516,"01_normal_2_vs_02_obesity_1","phylum","Significant (p < 0.05)","No Change"
