"taxon","effect_size","p_value","p_value_bh","comparison","level","significance","direction"
"Bacillota",-0.102747283795802,0.404373079148407,0.895385770705448,"01_normal_2_vs_03_diabetic_2","phylum","Not Significant","No Change"
"Actinomycetota",-0.154912717897708,0.432596315605498,0.911532411373416,"01_normal_2_vs_03_diabetic_2","phylum","Not Significant","No Change"
"Mycoplasmatota",0.0107963478347768,0.735256608217038,0.983819355391989,"01_normal_2_vs_03_diabetic_2","phylum","Not Significant","No Change"
"Chloroflexota",0.0827067492427428,0.60956932033742,0.992057915688721,"01_normal_2_vs_03_diabetic_2","phylum","Not Significant","No Change"
"Bacteroidota",-0.069276650060449,0.392858695196761,0.897388438678922,"01_normal_2_vs_03_diabetic_2","phylum","Not Significant","No Change"
"Pseudomonadota",0.0728050288854439,0.528335808599136,0.996484804950338,"01_normal_2_vs_03_diabetic_2","phylum","Not Significant","No Change"
"Thermodesulfobacteriota",0.0791227244601925,0.667059258604805,0.982503773371361,"01_normal_2_vs_03_diabetic_2","phylum","Not Significant","No Change"
"Verrucomicrobiota",-0.135984246990807,0.372653336447927,0.856364408083629,"01_normal_2_vs_03_diabetic_2","phylum","Not Significant","No Change"
"Synergistota",0.0624496484749763,0.620296703429772,0.964670734778437,"01_normal_2_vs_03_diabetic_2","phylum","Not Significant","No Change"
"Fusobacteriota",0.0307509593199348,0.557308054912351,0.973213908981371,"01_normal_2_vs_03_diabetic_2","phylum","Not Significant","No Change"
"Myxococcota",-0.122658025638267,0.478454494644199,0.830634268121155,"01_normal_2_vs_03_diabetic_2","phylum","Not Significant","No Change"
"Campylobacterota",0.0321930038025216,0.677662268320879,0.984193305417703,"01_normal_2_vs_03_diabetic_2","phylum","Not Significant","No Change"
"Chlamydiota",0.0378040627709389,0.661268133131066,0.966857698160399,"01_normal_2_vs_03_diabetic_2","phylum","Not Significant","No Change"
