"baseMean","log2FoldChange","lfcSE","stat","pvalue","padj","taxon","comparison","level","significance","direction"
2612.38199142794,-3.99941534448518,0.374199885216374,-10.6879117351214,1.15952300256916e-26,1.03674997876772e-25,"Blautia obeum","03_diabetic_2_vs_02_obesity_1","species","Highly Significant (p < 0.01)","Enriched in 02_obesity_1"
39.2107372897717,-5.2579212787763,0.468034824210977,-11.2340385945431,2.77498097506036e-29,3.24459314007058e-28,"Blautia hydrogenotrophica","03_diabetic_2_vs_02_obesity_1","species","Highly Significant (p < 0.01)","Enriched in 02_obesity_1"
154.29914596925,-8.07382271113954,0.534131232634984,-15.1158034165305,1.27407627159115e-51,1.93659593281855e-49,"Blautia argi","03_diabetic_2_vs_02_obesity_1","species","Highly Significant (p < 0.01)","Enriched in 02_obesity_1"
166.999627015445,-8.14223757935217,0.543326253357782,-14.9859086120591,9.07755876826472e-51,6.89894466388119e-49,"Blautia luti","03_diabetic_2_vs_02_obesity_1","species","Highly Significant (p < 0.01)","Enriched in 02_obesity_1"
145.475414601751,-2.26371967943476,0.585997416998854,-3.86301989354875,0.000111993883581062,0.000223987767162124,"Blautia sp. SC05B48","03_diabetic_2_vs_02_obesity_1","species","Highly Significant (p < 0.01)","Enriched in 02_obesity_1"
1122.26949109607,-3.66711468259893,0.409295718202536,-8.95957255234294,3.25939443531525e-19,1.70837225575144e-18,"Anaerostipes hadrus","03_diabetic_2_vs_02_obesity_1","species","Highly Significant (p < 0.01)","Enriched in 02_obesity_1"
1792.13585911431,-6.08015281561575,0.509447364792958,-11.9348007975009,7.79452634264123e-33,1.07706182189224e-31,"Dorea longicatena","03_diabetic_2_vs_02_obesity_1","species","Highly Significant (p < 0.01)","Enriched in 02_obesity_1"
380.695787759018,-3.41141494013967,0.506096577248073,-6.7406402127622,1.57690245964252e-11,5.44748122421962e-11,"Dorea formicigenerans","03_diabetic_2_vs_02_obesity_1","species","Highly Significant (p < 0.01)","Enriched in 02_obesity_1"
716.207066179522,-6.01764381350287,0.479711239405753,-12.5443044047859,4.27148620637214e-36,6.49265903368565e-35,"Anaerobutyricum hallii","03_diabetic_2_vs_02_obesity_1","species","Highly Significant (p < 0.01)","Enriched in 02_obesity_1"
288.957140882659,-8.85419824031759,0.638151821496825,-13.8747519666237,9.01042382956219e-44,1.95654917441922e-42,"Roseburia intestinalis","03_diabetic_2_vs_02_obesity_1","species","Highly Significant (p < 0.01)","Enriched in 02_obesity_1"
43.4369816979777,-2.18921046894817,0.602581988212741,-3.63304996128638,0.000280090758843218,0.000532172441802114,"Roseburia sp. 499","03_diabetic_2_vs_02_obesity_1","species","Highly Significant (p < 0.01)","Enriched in 02_obesity_1"
1836.51311336378,-3.73080535562146,0.383183093639771,-9.73635167507879,2.10993693214811e-22,1.33629339036047e-21,"[Ruminococcus] torques","03_diabetic_2_vs_02_obesity_1","species","Highly Significant (p < 0.01)","Enriched in 02_obesity_1"
1149.27968331194,-4.1885083817989,0.651006188342697,-6.43389948790168,1.24371119759275e-10,3.85804289865505e-10,"Mediterraneibacter gnavus","03_diabetic_2_vs_02_obesity_1","species","Highly Significant (p < 0.01)","Enriched in 02_obesity_1"
73.0256507510501,-5.115201409634,0.520669105603293,-9.82428447277868,8.85002624926224e-23,5.84871299951244e-22,"Mediterraneibacter glycyrrhizinilyticus","03_diabetic_2_vs_02_obesity_1","species","Highly Significant (p < 0.01)","Enriched in 02_obesity_1"
229.340396164205,-4.02300473320286,0.636319907212624,-6.32229903167023,2.57700065454673e-10,7.68047253904122e-10,"[Ruminococcus] lactaris","03_diabetic_2_vs_02_obesity_1","species","Highly Significant (p < 0.01)","Enriched in 02_obesity_1"
1018.3391361743,-1.49510956329329,0.380270571725264,-3.9316993595115,8.43475074507418e-05,0.00017562768674675,"Claveliimonas bilis","03_diabetic_2_vs_02_obesity_1","species","Highly Significant (p < 0.01)","Enriched in 02_obesity_1"
1680.54253272292,-0.807471038213474,0.443674577975816,-1.8199623739936,0.068764735022581,0.0908890410733245,"Lachnospira eligens","03_diabetic_2_vs_02_obesity_1","species","Not Significant","No Change"
145.938649548673,-1.14806976129907,0.492902003827674,-2.32920489749207,0.0198482135938944,0.0304740249118378,"Chakrabartyella piscis","03_diabetic_2_vs_02_obesity_1","species","Significant (p < 0.05)","Enriched in 02_obesity_1"
165.545505499599,0.502233537240375,0.52251322488523,0.961188183037264,0.336457556925123,0.390393501165028,"Lacrimispora sp. JR3","03_diabetic_2_vs_02_obesity_1","species","Not Significant","No Change"
10.3768428656169,-2.88411264438164,0.43353729765325,-6.65251331314151,2.88129747244734e-11,9.52080903939122e-11,"Sellimonas catena","03_diabetic_2_vs_02_obesity_1","species","Highly Significant (p < 0.01)","Enriched in 02_obesity_1"
11.0769122726811,-1.88902384926816,0.477349725985159,-3.95731629544686,7.57965380119279e-05,0.000160014913580737,"Sellimonas intestinalis","03_diabetic_2_vs_02_obesity_1","species","Highly Significant (p < 0.01)","Enriched in 02_obesity_1"
987.063586438799,0.461380076353455,0.551643333561124,0.836373881970121,0.402944601074644,0.45099396520213,"Simiaoa sunii","03_diabetic_2_vs_02_obesity_1","species","Not Significant","No Change"
517.175300583168,-0.321915633249304,0.339821429173989,-0.947308220178435,0.343481743325843,0.395524431708547,"[Clostridium] symbiosum","03_diabetic_2_vs_02_obesity_1","species","Not Significant","No Change"
19.4920691432839,-4.58108473552698,0.501390891617073,-9.13675300473086,6.43555442077727e-20,3.62297878503017e-19,"[Clostridium] scindens","03_diabetic_2_vs_02_obesity_1","species","Highly Significant (p < 0.01)","Enriched in 02_obesity_1"
24.9990711029794,-3.22359203604806,0.530565443484629,-6.07576704369637,1.23396440099242e-09,3.53891677265751e-09,"Agathobacter rectalis","03_diabetic_2_vs_02_obesity_1","species","Highly Significant (p < 0.01)","Enriched in 02_obesity_1"
22.687854263683,0.619733840443102,0.511784641977424,1.21092699860743,0.225923384165111,0.274722835144775,"Hungatella hathewayi","03_diabetic_2_vs_02_obesity_1","species","Not Significant","No Change"
67.9043222259994,-0.215469093811559,0.527302546835254,-0.408625171838736,0.682814755039362,0.706039746707368,"[Clostridium] colinum","03_diabetic_2_vs_02_obesity_1","species","Not Significant","No Change"
4.26017527245212,-2.19850286867762,0.32041271902233,-6.861471902195,6.8154611199504e-12,2.52670753715234e-11,"Marvinbryantia formatexigens","03_diabetic_2_vs_02_obesity_1","species","Highly Significant (p < 0.01)","Enriched in 02_obesity_1"
7582.71376777035,-0.595106562481222,0.305828281266409,-1.94588466448209,0.0516685954722812,0.0713966046526068,"Faecalibacterium prausnitzii","03_diabetic_2_vs_02_obesity_1","species","Not Significant","No Change"
515.772341251571,-1.21379631365095,0.648463071630027,-1.87180483631838,0.0612336089406808,0.0823673323803848,"Faecalibacterium taiwanense","03_diabetic_2_vs_02_obesity_1","species","Not Significant","No Change"
805.065646138381,-1.59536927771665,0.607251817356515,-2.62719555893896,0.00860918408926683,0.0145399553507617,"Ruminococcus bicirculans (ex Wegman et al. 2014)","03_diabetic_2_vs_02_obesity_1","species","Significant (p < 0.05)","Enriched in 02_obesity_1"
291.336185890899,-2.37336002780059,0.540932452998123,-4.38753492168241,1.14642590946059e-05,2.72276153496889e-05,"Ruminococcus champanellensis","03_diabetic_2_vs_02_obesity_1","species","Highly Significant (p < 0.01)","Enriched in 02_obesity_1"
1315.65550569392,-2.22056075287636,0.43460553073258,-5.10937067260359,3.23233654430198e-07,8.05434679891641e-07,"Solibaculum mannosilyticum","03_diabetic_2_vs_02_obesity_1","species","Highly Significant (p < 0.01)","Enriched in 02_obesity_1"
179.354012464458,-1.80699961570608,0.452720756930618,-3.99142205883662,6.56782742662107e-05,0.000140607009696676,"Lawsonibacter asaccharolyticus","03_diabetic_2_vs_02_obesity_1","species","Highly Significant (p < 0.01)","Enriched in 02_obesity_1"
346.87856486192,-1.6431683422003,0.474508893859315,-3.46288207337054,0.00053442256512018,0.00100286703578108,"Paludicola sp. MB14-C6","03_diabetic_2_vs_02_obesity_1","species","Highly Significant (p < 0.01)","Enriched in 02_obesity_1"
219.405671192326,-3.14309489893365,0.439196782576314,-7.15646157628103,8.27860700918529e-13,3.59528075827475e-12,"Flavonifractor plautii","03_diabetic_2_vs_02_obesity_1","species","Highly Significant (p < 0.01)","Enriched in 02_obesity_1"
47.6073600656115,-1.73824267528223,0.449869968571051,-3.86387800191135,0.000111600975436384,0.000223987767162124,"Anaerotruncus colihominis","03_diabetic_2_vs_02_obesity_1","species","Highly Significant (p < 0.01)","Enriched in 02_obesity_1"
74.8871542962868,-0.947967862235373,0.510605835720946,-1.85655508793176,0.0633744786845244,0.0844993049126991,"Ruthenibacterium lactatiformans","03_diabetic_2_vs_02_obesity_1","species","Not Significant","No Change"
210.512362679022,1.05195827871968,0.441709337098134,2.3815622409765,0.0172393772022596,0.027014281801479,"Oscillibacter hominis","03_diabetic_2_vs_02_obesity_1","species","Significant (p < 0.05)","Enriched in 03_diabetic_2"
33.0715436189441,-1.67827280780869,0.503809949543045,-3.33116249357695,0.000864841027634278,0.00158380525542663,"Pusillibacter faecalis","03_diabetic_2_vs_02_obesity_1","species","Highly Significant (p < 0.01)","Enriched in 02_obesity_1"
6.88107736246526,-1.56582004438344,0.457322689124653,-3.42388445100007,0.000617328635324129,0.00114431649474717,"Flintibacter sp. KGMB00164","03_diabetic_2_vs_02_obesity_1","species","Highly Significant (p < 0.01)","Enriched in 02_obesity_1"
50.164871361043,-1.77418663661766,0.477962250078179,-3.71198067698329,0.000205643689902238,0.000395668871710635,"Intestinimonas butyriciproducens","03_diabetic_2_vs_02_obesity_1","species","Highly Significant (p < 0.01)","Enriched in 02_obesity_1"
10.8747025482406,-3.7246056640139,0.466740798959067,-7.98003018446336,1.46297510078639e-15,7.17329726837197e-15,"Massilistercora timonensis","03_diabetic_2_vs_02_obesity_1","species","Highly Significant (p < 0.01)","Enriched in 02_obesity_1"
140.456782143244,-1.5472551929945,0.52180764674177,-2.96518305673699,0.00302502869385455,0.00534656234262665,"Eubacterium ventriosum","03_diabetic_2_vs_02_obesity_1","species","Highly Significant (p < 0.01)","Enriched in 02_obesity_1"
63.3251609411932,-6.8079387089701,0.493328171274173,-13.8000201597782,2.5478136926278e-43,4.84084601599282e-42,"Clostridium sp. C45","03_diabetic_2_vs_02_obesity_1","species","Highly Significant (p < 0.01)","Enriched in 02_obesity_1"
21.0676756127962,2.13449474374909,0.50536043755092,4.22370764536554,2.40315750114147e-05,5.45193940557468e-05,"Clostridium thermosuccinogenes","03_diabetic_2_vs_02_obesity_1","species","Highly Significant (p < 0.01)","Enriched in 03_diabetic_2"
57.5780131392042,-5.07974545466844,0.50627522249339,-10.0335652012572,1.08525679378285e-23,7.85519203119019e-23,"Acutalibacter muris","03_diabetic_2_vs_02_obesity_1","species","Highly Significant (p < 0.01)","Enriched in 02_obesity_1"
316.253362716076,-6.07408366311573,0.557383371598126,-10.8974970776401,1.18471399736871e-27,1.20051018400029e-26,"Intestinibacter bartlettii","03_diabetic_2_vs_02_obesity_1","species","Highly Significant (p < 0.01)","Enriched in 02_obesity_1"
101.273585940172,-7.39372898732213,0.510610846158193,-14.4801643814504,1.61709982072485e-47,8.19330575833922e-46,"Clostridioides difficile","03_diabetic_2_vs_02_obesity_1","species","Highly Significant (p < 0.01)","Enriched in 02_obesity_1"
82.0372019785475,-5.60627950015241,0.555324063544938,-10.0955097540064,5.78298293254017e-24,4.39506702873053e-23,"Terrisporobacter petrolearius","03_diabetic_2_vs_02_obesity_1","species","Highly Significant (p < 0.01)","Enriched in 02_obesity_1"
16.3192766308506,-3.04382928550216,0.505800453615326,-6.01784609670808,1.76753118653653e-09,4.97527296951024e-09,"Emergencia sp. JLR.KK010","03_diabetic_2_vs_02_obesity_1","species","Highly Significant (p < 0.01)","Enriched in 02_obesity_1"
18.3231017510354,-1.44431968102333,0.490979868541546,-2.94170855785529,0.00326406963636923,0.00570274235319682,"Emergencia timonensis","03_diabetic_2_vs_02_obesity_1","species","Highly Significant (p < 0.01)","Enriched in 02_obesity_1"
27.1987016744439,-3.40654002846037,0.510099247575696,-6.6781906553486,2.41910204425147e-11,8.17118912724941e-11,"Monoglobus pectinilyticus","03_diabetic_2_vs_02_obesity_1","species","Highly Significant (p < 0.01)","Enriched in 02_obesity_1"
822.675619713226,-7.49696039379106,0.538868247860605,-13.9124181533338,5.3248262359224e-44,1.34895597976701e-42,"Faecalibacillus intestinalis","03_diabetic_2_vs_02_obesity_1","species","Highly Significant (p < 0.01)","Enriched in 02_obesity_1"
11.9085219589845,-4.19800503588846,0.438589164099094,-9.57161138376865,1.05252241944349e-21,6.39933631021644e-21,"Thomasclavelia spiroformis","03_diabetic_2_vs_02_obesity_1","species","Highly Significant (p < 0.01)","Enriched in 02_obesity_1"
9.19040778803384,-2.2549393119157,0.407272249919776,-5.53668783561826,3.0824523084172e-08,8.36665626570383e-08,"Holdemania massiliensis","03_diabetic_2_vs_02_obesity_1","species","Highly Significant (p < 0.01)","Enriched in 02_obesity_1"
2330.63721256988,-2.83361871166714,0.652749647472621,-4.34104977710616,1.41803591287745e-05,3.31602244242112e-05,"Phascolarctobacterium faecium","03_diabetic_2_vs_02_obesity_1","species","Highly Significant (p < 0.01)","Enriched in 02_obesity_1"
582.444256404421,-4.13424405347297,0.586110773614458,-7.05369059841317,1.74233568992128e-12,7.15770337481173e-12,"Streptococcus thermophilus","03_diabetic_2_vs_02_obesity_1","species","Highly Significant (p < 0.01)","Enriched in 02_obesity_1"
76.0734926809659,-1.12380764338387,0.465067501242358,-2.41643985095021,0.0156731154906111,0.0250769847849778,"Enterococcus faecalis","03_diabetic_2_vs_02_obesity_1","species","Significant (p < 0.05)","Enriched in 02_obesity_1"
1065.71009525901,-7.91948320219626,0.606131439532502,-13.0656202362715,5.17610248628087e-39,8.74186197682992e-38,"Bifidobacterium longum","03_diabetic_2_vs_02_obesity_1","species","Highly Significant (p < 0.01)","Enriched in 02_obesity_1"
13.0723801044137,-4.16663806201806,0.458341895668575,-9.09067685366241,9.84243961298868e-20,5.343038647051e-19,"Adlercreutzia equolifaciens","03_diabetic_2_vs_02_obesity_1","species","Highly Significant (p < 0.01)","Enriched in 02_obesity_1"
8.32366011010232,-3.19163728605667,0.48271782143446,-6.61180744595735,3.79655638289915e-11,1.22782248978866e-10,"Gordonibacter pamelaeae","03_diabetic_2_vs_02_obesity_1","species","Highly Significant (p < 0.01)","Enriched in 02_obesity_1"
5142.96895330621,-0.999546719921072,0.44429437988338,-2.24973973378515,0.0244654716664273,0.0364583499342839,"Bacteroides uniformis","03_diabetic_2_vs_02_obesity_1","species","Significant (p < 0.05)","No Change"
660.016008395919,-1.81703981602349,0.745150803891308,-2.43848601723918,0.014748929280587,0.0238493324537152,"Bacteroides stercoris","03_diabetic_2_vs_02_obesity_1","species","Significant (p < 0.05)","Enriched in 02_obesity_1"
45.5789291187496,-1.12565726091297,0.5717847639609,-1.96867305997321,0.0489906468420512,0.0689497992591831,"Bacteroides sp. MSB163","03_diabetic_2_vs_02_obesity_1","species","Not Significant","No Change"
2086.48001156289,1.02402779375105,0.741472343902716,1.38107348463074,0.16725636735233,0.208384982275034,"Bacteroides fragilis","03_diabetic_2_vs_02_obesity_1","species","Not Significant","No Change"
317.631261308078,0.994266401022953,0.628337407326892,1.58237658530123,0.113563626709208,0.14384726049833,"Bacteroides eggerthii","03_diabetic_2_vs_02_obesity_1","species","Not Significant","No Change"
48.1336207022729,1.35833572138753,0.584377458115062,2.32441498645226,0.0201032631163911,0.0305569599369144,"Bacteroides nordii","03_diabetic_2_vs_02_obesity_1","species","Significant (p < 0.05)","Enriched in 03_diabetic_2"
7969.69233375868,-0.807279499764073,0.465184239863371,-1.73539735568251,0.08267044814282,0.10740092408298,"Phocaeicola vulgatus","03_diabetic_2_vs_02_obesity_1","species","Not Significant","No Change"
1700.35335926325,-0.444592156950529,0.759398277570732,-0.585453206942676,0.558243021421179,0.597555910253656,"Phocaeicola dorei","03_diabetic_2_vs_02_obesity_1","species","Not Significant","No Change"
1163.92723703905,0.430778368414212,0.546053552608027,0.788893994658134,0.430173965940172,0.473814803064538,"Alistipes senegalensis","03_diabetic_2_vs_02_obesity_1","species","Not Significant","No Change"
404.545875642961,-2.29292969288227,0.610686896342929,-3.75467315020737,0.000173567824511933,0.000338234734946331,"Alistipes onderdonkii","03_diabetic_2_vs_02_obesity_1","species","Highly Significant (p < 0.01)","Enriched in 02_obesity_1"
276.732408375205,0.07481419725055,0.615575928736413,0.121535287132036,0.90326706675722,0.921453651993943,"Alistipes finegoldii","03_diabetic_2_vs_02_obesity_1","species","Not Significant","No Change"
103.019809087587,0.450035244515614,0.538738824790785,0.835349567929102,0.403520916233485,0.45099396520213,"Alistipes communis","03_diabetic_2_vs_02_obesity_1","species","Not Significant","No Change"
66.7980261555676,0.218527386246963,0.493028593619087,0.443234711080057,0.657595974402786,0.6928007197329,"Alistipes ihumii","03_diabetic_2_vs_02_obesity_1","species","Not Significant","No Change"
200.139464877446,-1.28224696894229,0.610586429540131,-2.10002533123447,0.0357266128673355,0.0507518238863084,"Barnesiella viscericola","03_diabetic_2_vs_02_obesity_1","species","Not Significant","No Change"
194.859288474361,-0.0104620395755624,0.486090776606133,-0.0215228103042973,0.982828607684592,0.986768631329455,"Odoribacter splanchnicus","03_diabetic_2_vs_02_obesity_1","species","Not Significant","No Change"
1451.20677814245,-0.270313038567581,0.539581638055955,-0.50096782303691,0.616393768550777,0.65518778195607,"Parabacteroides merdae","03_diabetic_2_vs_02_obesity_1","species","Not Significant","No Change"
66.7565202630643,-4.05119211646325,0.594097714568091,-6.81906699373261,9.16336649279182e-12,3.23914350442874e-11,"Parabacteroides distasonis","03_diabetic_2_vs_02_obesity_1","species","Highly Significant (p < 0.01)","Enriched in 02_obesity_1"
10160.6150955414,0.834209190915055,0.821497909076517,1.01547329786004,0.309880268714445,0.362321544958428,"Segatella copri","03_diabetic_2_vs_02_obesity_1","species","Not Significant","No Change"
74.9782000728526,-2.64574630827509,0.518156067120963,-5.10607995574709,3.28910564105491e-07,8.063613829683e-07,"Aureibaculum algae","03_diabetic_2_vs_02_obesity_1","species","Highly Significant (p < 0.01)","Enriched in 02_obesity_1"
8.40863227300283,-1.64141004443432,0.392626830178151,-4.18058552873104,2.90759420119932e-05,6.40513505191734e-05,"Spirosoma endbachense","03_diabetic_2_vs_02_obesity_1","species","Highly Significant (p < 0.01)","Enriched in 02_obesity_1"
236.996293401727,1.14695397441076,0.664529569154565,1.72596379100173,0.0843539271038725,0.108659295930412,"Sutterella wadsworthensis","03_diabetic_2_vs_02_obesity_1","species","Not Significant","No Change"
36.511315880731,1.14255158576356,0.602687474159823,1.89576129378885,0.0579916162053608,0.0787029077072754,"Duodenibacillus massiliensis","03_diabetic_2_vs_02_obesity_1","species","Not Significant","No Change"
765.01636107744,-3.70792349479182,0.541065053905865,-6.85300865029979,7.2312711467997e-12,2.61703146265132e-11,"Coprococcus comes","03_diabetic_2_vs_02_obesity_1","species","Highly Significant (p < 0.01)","Enriched in 02_obesity_1"
139.295790097842,-3.86483437037681,0.558814248003678,-6.91613426855819,4.64134519790028e-12,1.80893453866883e-11,"Ruminococcus albus","03_diabetic_2_vs_02_obesity_1","species","Highly Significant (p < 0.01)","Enriched in 02_obesity_1"
307.053796910366,-3.71580107690068,0.49469919755932,-7.51123328122058,5.85729080964928e-14,2.61855353843144e-13,"Eubacterium ramulus","03_diabetic_2_vs_02_obesity_1","species","Highly Significant (p < 0.01)","Enriched in 02_obesity_1"
21.6221829291698,-0.367770775041538,0.567726864339021,-0.647795265897302,0.517117377744193,0.565480873504441,"Veillonella parvula","03_diabetic_2_vs_02_obesity_1","species","Not Significant","No Change"
196.956885631645,-2.56447222479526,0.6162410429482,-4.16147586101438,3.16197425861747e-05,6.86600124728365e-05,"Allobaculum mucilyticum","03_diabetic_2_vs_02_obesity_1","species","Highly Significant (p < 0.01)","Enriched in 02_obesity_1"
28.0855431973965,-4.87835257762358,0.494011186969204,-9.87498402121749,5.34414772308102e-23,3.6923202450378e-22,"Longicatena caecimuris","03_diabetic_2_vs_02_obesity_1","species","Highly Significant (p < 0.01)","Enriched in 02_obesity_1"
16.539532727889,-4.26435338816265,0.509825263355239,-8.36434303019485,6.04508078561513e-17,3.06284093137833e-16,"Gordonibacter urolithinfaciens","03_diabetic_2_vs_02_obesity_1","species","Highly Significant (p < 0.01)","Enriched in 02_obesity_1"
621.802300896741,-2.83946498284005,0.658629225571036,-4.31117368103157,1.6239028848045e-05,3.7398975528831e-05,"Turicimonas muris","03_diabetic_2_vs_02_obesity_1","species","Highly Significant (p < 0.01)","Enriched in 02_obesity_1"
36.712048375988,0.195677918121338,0.604503886727579,0.323700016522013,0.746165158345822,0.76633178424706,"Haemophilus parainfluenzae","03_diabetic_2_vs_02_obesity_1","species","Not Significant","No Change"
165.783522362774,-0.517826889015684,0.593940930172621,-0.871849139720316,0.383290682935192,0.438046494783077,"Coprococcus catus","03_diabetic_2_vs_02_obesity_1","species","Not Significant","No Change"
64.1727074884569,-4.1621416621026,0.52822094880144,-7.87954675320377,3.28570739326282e-15,1.56071101179984e-14,"Lachnoanaerobaculum umeaense","03_diabetic_2_vs_02_obesity_1","species","Highly Significant (p < 0.01)","Enriched in 02_obesity_1"
25.9801008526341,1.06809805214622,0.506647278703482,2.10816893141022,0.0350163796495563,0.0502121670446468,"Candidatus Epulonipiscium viviparus","03_diabetic_2_vs_02_obesity_1","species","Not Significant","No Change"
10.6992396082088,1.07535974201911,0.482205096962903,2.23008787918688,0.0257416093393212,0.0379876176657944,"Stomatobaculum sp. F0698","03_diabetic_2_vs_02_obesity_1","species","Significant (p < 0.05)","Enriched in 03_diabetic_2"
552.676707155005,0.677966540140189,0.587886848404516,1.15322624069605,0.248817535626786,0.295470823556809,"Vescimonas coprocola","03_diabetic_2_vs_02_obesity_1","species","Not Significant","No Change"
525.093345276139,3.67947324549533,0.535023204586892,6.87722179888696,6.10310508859162e-12,2.31917993366482e-11,"Vescimonas fastidiosa","03_diabetic_2_vs_02_obesity_1","species","Highly Significant (p < 0.01)","Enriched in 03_diabetic_2"
183.930068854024,-7.98151436696262,0.571862058492858,-13.9570622817641,2.8493876860565e-44,9.56436864799491e-43,"Clostridium perfringens","03_diabetic_2_vs_02_obesity_1","species","Highly Significant (p < 0.01)","Enriched in 02_obesity_1"
290.573958238786,0.815531295511228,0.653403379302328,1.24812837114802,0.21198404992735,0.259851416039977,"Aristaeella hokkaidonensis","03_diabetic_2_vs_02_obesity_1","species","Not Significant","No Change"
29.0582541581662,-5.5806293662809,0.500777762847458,-11.1439240723251,7.66652688118497e-29,8.32365775671512e-28,"Romboutsia sp. 13368","03_diabetic_2_vs_02_obesity_1","species","Highly Significant (p < 0.01)","Enriched in 02_obesity_1"
81.4576184419654,1.72603493399121,0.551052812756481,3.13224956671071,0.00173472349598863,0.0031390234689318,"Christensenella sp. MSJ-20","03_diabetic_2_vs_02_obesity_1","species","Highly Significant (p < 0.01)","Enriched in 03_diabetic_2"
25.4231323905501,0.345190500012796,0.569318270401611,0.60632254041187,0.54430059365616,0.586763760537137,"Veillonella rogosae","03_diabetic_2_vs_02_obesity_1","species","Not Significant","No Change"
1359.13644713767,-0.932776214997054,0.599458370260467,-1.55603168005104,0.119700559293673,0.150367644732548,"Bacteroides caccae","03_diabetic_2_vs_02_obesity_1","species","Not Significant","No Change"
31.4280191050565,-0.603599980890905,0.57072213941224,-1.05760744013282,0.290234449123159,0.341981676486203,"Bacteroides salyersiae","03_diabetic_2_vs_02_obesity_1","species","Not Significant","No Change"
59.7979664370341,-1.87794635284152,0.658129421874668,-2.85346056630052,0.00432458947431288,0.00746974545563134,"Bacteroides zhangwenhongii","03_diabetic_2_vs_02_obesity_1","species","Highly Significant (p < 0.01)","Enriched in 02_obesity_1"
178.959425905735,1.30319247406747,0.540480821972001,2.41117246179548,0.0159013273143071,0.0251771015809862,"Alistipes shahii","03_diabetic_2_vs_02_obesity_1","species","Significant (p < 0.05)","Enriched in 03_diabetic_2"
10.4026412087558,-0.888010422191826,0.497534593264971,-1.7848214661104,0.0742902803092496,0.0973458845431546,"Butyricimonas paravirosa","03_diabetic_2_vs_02_obesity_1","species","Not Significant","No Change"
28.5984443898696,3.40557670312081,0.560134062479728,6.07993145077491,1.20233937952915e-09,3.51453049400828e-09,"Bacteroides helcogenes","03_diabetic_2_vs_02_obesity_1","species","Highly Significant (p < 0.01)","Enriched in 03_diabetic_2"
419.849977654507,1.47271194746881,0.752968137945681,1.95587551883244,0.0504798198830429,0.0703938772680966,"Phocaeicola coprophilus","03_diabetic_2_vs_02_obesity_1","species","Not Significant","No Change"
4341.09082215265,-6.37522401832955,0.606083133307775,-10.5187286495434,7.08227471749439e-26,5.66581977399551e-25,"Akkermansia muciniphila","03_diabetic_2_vs_02_obesity_1","species","Highly Significant (p < 0.01)","Enriched in 02_obesity_1"
150.824541417488,2.98473472484911,0.707596876595055,4.2181287447333,2.46338159202491e-05,5.50638238217334e-05,"Bacteroides intestinalis","03_diabetic_2_vs_02_obesity_1","species","Highly Significant (p < 0.01)","Enriched in 03_diabetic_2"
816.491439088302,4.71479075178697,0.734320243310332,6.4206193343283,1.357210275131e-10,4.12591923639825e-10,"Phocaeicola salanitronis","03_diabetic_2_vs_02_obesity_1","species","Highly Significant (p < 0.01)","Enriched in 03_diabetic_2"
92.9120195812263,3.92530310301686,0.607944063310158,6.45668465227575,1.0702157955742e-10,3.38901668598496e-10,"Parabacteroides goldsteinii","03_diabetic_2_vs_02_obesity_1","species","Highly Significant (p < 0.01)","Enriched in 03_diabetic_2"
462.572095981742,-2.01079767135628,0.665518331953208,-3.02140087629872,0.00251608005780278,0.0044993431621885,"Paraprevotella clara","03_diabetic_2_vs_02_obesity_1","species","Highly Significant (p < 0.01)","Enriched in 02_obesity_1"
16.8690900619411,1.50844842482485,0.536305066492947,2.81266860797909,0.00491322575273378,0.00839112712826444,"Dellaglioa sp. P0083","03_diabetic_2_vs_02_obesity_1","species","Highly Significant (p < 0.01)","Enriched in 03_diabetic_2"
19.1095903079768,-3.06000072270356,0.524126832731272,-5.83828289568314,5.27415503347784e-09,1.45758466379751e-08,"Clostridium sp. M62/1","03_diabetic_2_vs_02_obesity_1","species","Highly Significant (p < 0.01)","Enriched in 02_obesity_1"
24.151017517711,-1.2603380162373,0.591320927749994,-2.1313942346552,0.0330566774489406,0.0483136055022977,"Clostridium sp. MD294","03_diabetic_2_vs_02_obesity_1","species","Significant (p < 0.05)","Enriched in 02_obesity_1"
13.7279843314003,-2.67792729743443,0.49951488482911,-5.36105605411653,8.2736837451146e-08,2.20631566536389e-07,"Eisenbergiella porci","03_diabetic_2_vs_02_obesity_1","species","Highly Significant (p < 0.01)","Enriched in 02_obesity_1"
13.1985091296858,1.29888447986539,0.522302271314716,2.48684440256385,0.0128881754246808,0.0210645447801234,"Coprobacter fastidiosus","03_diabetic_2_vs_02_obesity_1","species","Significant (p < 0.05)","Enriched in 03_diabetic_2"
617.061562296331,5.24713373494547,0.744589280333061,7.04701756194822,1.82793256731622e-12,7.31173026926487e-12,"Megamonas funiformis","03_diabetic_2_vs_02_obesity_1","species","Highly Significant (p < 0.01)","Enriched in 03_diabetic_2"
402.359968704109,-9.15069668290787,0.655964047792013,-13.9499972806578,3.14617389736675e-44,9.56436864799491e-43,"Acidaminococcus intestini","03_diabetic_2_vs_02_obesity_1","species","Highly Significant (p < 0.01)","Enriched in 02_obesity_1"
187.596483152231,-0.769197328670243,0.643660388420976,-1.19503598871019,0.232072969468657,0.277756624875872,"Anaeromicropila herbilytica","03_diabetic_2_vs_02_obesity_1","species","Not Significant","No Change"
26.1147237174589,0.252394701870035,0.575353997911082,0.438677236599374,0.660895423429412,0.6928007197329,"Alistipes dispar","03_diabetic_2_vs_02_obesity_1","species","Not Significant","No Change"
11.6338451999581,-0.895988459007502,0.521052336246674,-1.71957478487022,0.0855097628892792,0.109222554278743,"Aristaeella lactis","03_diabetic_2_vs_02_obesity_1","species","Not Significant","No Change"
36.0874497420583,0.673679223925484,0.537388763478688,1.25361613362465,0.209981564207013,0.259489412678585,"Anaeropeptidivorans aminofermentans","03_diabetic_2_vs_02_obesity_1","species","Not Significant","No Change"
6.34637964756057,-2.37668694907726,0.458857901673893,-5.1795707133019,2.22397097860168e-07,5.63405981245759e-07,"Coraliomargarita akajimensis","03_diabetic_2_vs_02_obesity_1","species","Highly Significant (p < 0.01)","Enriched in 02_obesity_1"
7.77528432504481,0.372056401025945,0.438616997314826,0.848248935412081,0.396299349597158,0.449533590587821,"Petroclostridium sp. X23","03_diabetic_2_vs_02_obesity_1","species","Not Significant","No Change"
10.8345740189636,-0.411640403918304,0.507118860624726,-0.811723711895076,0.416950185138117,0.462601665262728,"Caldinitratiruptor microaerophilus","03_diabetic_2_vs_02_obesity_1","species","Not Significant","No Change"
7.15451355037753,-0.819161126562367,0.432089310439775,-1.89581437626549,0.0579845941935701,0.0787029077072754,"Anoxybacillus gonensis","03_diabetic_2_vs_02_obesity_1","species","Not Significant","No Change"
5.30673965169083,2.89967696921122,0.37722975664874,7.68676626937273,1.50900445510834e-14,6.95056597504449e-14,"Caldilinea aerophila","03_diabetic_2_vs_02_obesity_1","species","Highly Significant (p < 0.01)","Enriched in 03_diabetic_2"
9.34439749150478,1.12173793076358,0.483955332999929,2.31785426107443,0.0204572429687726,0.0307871379332024,"Alistipes sp. dk3624","03_diabetic_2_vs_02_obesity_1","species","Significant (p < 0.05)","Enriched in 03_diabetic_2"
59.1714865002785,2.58319932513023,0.55997792666875,4.61303776828742,3.968261610811e-06,9.57421848957574e-06,"Alistipes indistinctus","03_diabetic_2_vs_02_obesity_1","species","Highly Significant (p < 0.01)","Enriched in 03_diabetic_2"
29.0910015695409,-3.67585141249129,0.518345038168883,-7.09151461249959,1.32652068979401e-12,5.60086513468583e-12,"Butyricimonas faecihominis","03_diabetic_2_vs_02_obesity_1","species","Highly Significant (p < 0.01)","Enriched in 02_obesity_1"
41.4871738826235,-1.55327493622255,0.599808962600393,-2.58961608290836,0.00960830217229138,0.0158745861976988,"Butyricimonas virosa","03_diabetic_2_vs_02_obesity_1","species","Significant (p < 0.05)","Enriched in 02_obesity_1"
535.044200461833,-2.0215836688223,0.777251976426795,-2.60093731522689,0.00929694400516497,0.0155289614152206,"Salmonella enterica","03_diabetic_2_vs_02_obesity_1","species","Significant (p < 0.05)","Enriched in 02_obesity_1"
99.2870232002291,-2.41870686051377,0.624817083699198,-3.87106390592577,0.000108361376627947,0.000222580124965512,"Escherichia coli","03_diabetic_2_vs_02_obesity_1","species","Highly Significant (p < 0.01)","Enriched in 02_obesity_1"
26.4534638296223,0.00867956472709895,0.523375430003034,0.0165838215352383,0.986768631329455,0.986768631329455,"Klebsiella pneumoniae","03_diabetic_2_vs_02_obesity_1","species","Not Significant","No Change"
5.38305226671084,-0.902056255090508,0.426234541875676,-2.1163377588333,0.0343160915436098,0.0496766277583685,"Wansuia hejianensis","03_diabetic_2_vs_02_obesity_1","species","Significant (p < 0.05)","No Change"
15.5091828962842,-1.13625792099404,0.481097550242106,-2.36180358935987,0.0181862745430985,0.0282072829648058,"Ruthenibacterium sp. TH_2024_36131","03_diabetic_2_vs_02_obesity_1","species","Significant (p < 0.05)","Enriched in 02_obesity_1"
37.5498376872558,-2.18757434786984,0.579008954561958,-3.7781356067711,0.000158006837942004,0.000311909602171229,"Thomasclavelia ramosa","03_diabetic_2_vs_02_obesity_1","species","Highly Significant (p < 0.01)","Enriched in 02_obesity_1"
91.0110615070034,6.9922203955564,0.663201096077153,10.5431375745841,5.46447792475226e-26,4.61444802534636e-25,"Dialister succinatiphilus","03_diabetic_2_vs_02_obesity_1","species","Highly Significant (p < 0.01)","Enriched in 03_diabetic_2"
33.156393138565,5.60106614089834,0.607054098901778,9.22663425060672,2.79269264251599e-20,1.63265108331704e-19,"Parabacteroides sp. AD58","03_diabetic_2_vs_02_obesity_1","species","Highly Significant (p < 0.01)","Enriched in 03_diabetic_2"
4.3798071907905,0.242323045122282,0.387434586154394,0.625455376938689,0.531672226760517,0.577244131911418,"Thermocaproicibacter melissae","03_diabetic_2_vs_02_obesity_1","species","Not Significant","No Change"
4.1163772438001,-0.162337903397974,0.395820974578631,-0.410129613699198,0.681710870215083,0.706039746707368,"Christensenella massiliensis","03_diabetic_2_vs_02_obesity_1","species","Not Significant","No Change"
632.221992235096,0.945428840348387,0.790959896747189,1.19529301578557,0.23197256758327,0.277756624875872,"Phascolarctobacterium succinatutens","03_diabetic_2_vs_02_obesity_1","species","Not Significant","No Change"
92.6922499166173,3.23383939939238,0.61362160057693,5.27008729215514,1.36358894368011e-07,3.57354343860995e-07,"Bacillus sp. ZHX3","03_diabetic_2_vs_02_obesity_1","species","Highly Significant (p < 0.01)","Enriched in 03_diabetic_2"
181.629795994495,7.58236933937188,0.664247596130573,11.414974451607,3.52007390707434e-30,4.45876028229416e-29,"Prevotella sp. Rep29","03_diabetic_2_vs_02_obesity_1","species","Highly Significant (p < 0.01)","Enriched in 03_diabetic_2"
243.154273990678,3.77231306334623,0.716461179910172,5.26520231538461,1.40035056986529e-07,3.60768282405973e-07,"Prevotella bivia","03_diabetic_2_vs_02_obesity_1","species","Highly Significant (p < 0.01)","Enriched in 03_diabetic_2"
6.33793743138484,0.0412480522757744,0.436708638536619,0.094452109795661,0.924750023151332,0.937080023460017,"Vibrio tapetis","03_diabetic_2_vs_02_obesity_1","species","Not Significant","No Change"
20.8249137234078,5.69609242638356,0.525221970300088,10.845114539152,2.1037219388729e-27,1.99853584192926e-26,"Clostridium thermarum","03_diabetic_2_vs_02_obesity_1","species","Highly Significant (p < 0.01)","Enriched in 03_diabetic_2"
