"taxon","effect_size","p_value","p_value_bh","comparison","level","significance","direction"
"Blautia obeum",-1.09902593614993,2.67393251238944e-07,5.07449150419427e-06,"03_diabetic_2_vs_02_obesity_1","species","Highly Significant (p < 0.01)","Enriched in 02_obesity_1"
"Blautia hydrogenotrophica",-1.00236216513872,1.31831542850162e-06,1.60145876520349e-05,"03_diabetic_2_vs_02_obesity_1","species","Highly Significant (p < 0.01)","Enriched in 02_obesity_1"
"Blautia argi",-0.129639019357788,0.134056674087905,0.404682601094076,"03_diabetic_2_vs_02_obesity_1","species","Not Significant","No Change"
"Blautia luti",-0.917160878083328,1.12124878545245e-05,0.000114628367965251,"03_diabetic_2_vs_02_obesity_1","species","Highly Significant (p < 0.01)","No Change"
"Blautia sp. SC05B48",-0.615078546832852,0.00139844831211211,0.00902337892886376,"03_diabetic_2_vs_02_obesity_1","species","Highly Significant (p < 0.01)","No Change"
"Anaerostipes hadrus",-0.640538182923649,1.22929165667646e-05,0.000146635060142375,"03_diabetic_2_vs_02_obesity_1","species","Highly Significant (p < 0.01)","No Change"
"Dorea longicatena",-1.04270059171492,3.0712121643895e-09,9.29357997915767e-08,"03_diabetic_2_vs_02_obesity_1","species","Highly Significant (p < 0.01)","Enriched in 02_obesity_1"
"Dorea formicigenerans",-0.320796933734283,0.0650151789105837,0.239148784515979,"03_diabetic_2_vs_02_obesity_1","species","Not Significant","No Change"
"Anaerobutyricum hallii",-1.04082396167577,6.02465680473488e-08,1.04692761793942e-06,"03_diabetic_2_vs_02_obesity_1","species","Highly Significant (p < 0.01)","Enriched in 02_obesity_1"
"Roseburia intestinalis",-0.0470302207443004,0.176274636690667,0.483824544688897,"03_diabetic_2_vs_02_obesity_1","species","Not Significant","No Change"
"Roseburia sp. 499",0.328427001971637,0.0998115347045937,0.285822664099987,"03_diabetic_2_vs_02_obesity_1","species","Not Significant","No Change"
"[Ruminococcus] torques",-1.01189881727831,3.64216630438141e-06,4.23412981940358e-05,"03_diabetic_2_vs_02_obesity_1","species","Highly Significant (p < 0.01)","Enriched in 02_obesity_1"
"Mediterraneibacter gnavus",-0.674150766824797,6.53137222008267e-05,0.00061064364970245,"03_diabetic_2_vs_02_obesity_1","species","Highly Significant (p < 0.01)","No Change"
"Mediterraneibacter glycyrrhizinilyticus",-0.736081397614685,0.000252686436375529,0.00178645133023826,"03_diabetic_2_vs_02_obesity_1","species","Highly Significant (p < 0.01)","No Change"
"[Ruminococcus] lactaris",-0.172486173706477,0.419295701326946,0.812294512829911,"03_diabetic_2_vs_02_obesity_1","species","Not Significant","No Change"
"Claveliimonas bilis",0.0991682605586174,0.73835456824293,1,"03_diabetic_2_vs_02_obesity_1","species","Not Significant","No Change"
"Lachnospira eligens",0.0887437843266759,0.765178069702886,1,"03_diabetic_2_vs_02_obesity_1","species","Not Significant","No Change"
"Chakrabartyella piscis",-0.129927669878516,0.262186141530495,0.680243437055489,"03_diabetic_2_vs_02_obesity_1","species","Not Significant","No Change"
"Lacrimispora sp. JR3",0.0257838092331635,0.314680231035239,0.77275314875371,"03_diabetic_2_vs_02_obesity_1","species","Not Significant","No Change"
"Sellimonas catena",-0.307281997865427,0.123960487705707,0.369098229963596,"03_diabetic_2_vs_02_obesity_1","species","Not Significant","No Change"
"Sellimonas intestinalis",-0.00319784273585289,0.700797363780189,0.948409988270427,"03_diabetic_2_vs_02_obesity_1","species","Not Significant","No Change"
"Simiaoa sunii",0.230086342693413,0.200187232697095,0.563151634915864,"03_diabetic_2_vs_02_obesity_1","species","Not Significant","No Change"
"[Clostridium] symbiosum",0.334719649886431,0.0995512485982602,0.330961289349985,"03_diabetic_2_vs_02_obesity_1","species","Not Significant","No Change"
"[Clostridium] scindens",-0.121526969245522,0.454598089621876,0.821363285353817,"03_diabetic_2_vs_02_obesity_1","species","Not Significant","No Change"
"Agathobacter rectalis",-0.342486482276114,0.130312007771186,0.377878032244339,"03_diabetic_2_vs_02_obesity_1","species","Not Significant","No Change"
"Hungatella hathewayi",-0.00409406852479189,0.629616720925852,0.946130567709419,"03_diabetic_2_vs_02_obesity_1","species","Not Significant","No Change"
"[Clostridium] colinum",-0.0354429743197671,0.816751096852715,0.998032401507828,"03_diabetic_2_vs_02_obesity_1","species","Not Significant","No Change"
"Marvinbryantia formatexigens",-0.618543575235197,0.0032848405164102,0.0155000381441576,"03_diabetic_2_vs_02_obesity_1","species","Significant (p < 0.05)","No Change"
"Faecalibacterium prausnitzii",0.381499486505299,0.121100829936177,0.394901800149131,"03_diabetic_2_vs_02_obesity_1","species","Not Significant","No Change"
"Faecalibacterium taiwanense",-0.404930447481489,0.0243632946383734,0.106349879941268,"03_diabetic_2_vs_02_obesity_1","species","Not Significant","No Change"
"Ruminococcus bicirculans (ex Wegman et al. 2014)",-0.23871558404373,0.0308972644273697,0.137786977770662,"03_diabetic_2_vs_02_obesity_1","species","Not Significant","No Change"
"Ruminococcus champanellensis",-0.0541771129288946,0.83558643958733,0.99322710181252,"03_diabetic_2_vs_02_obesity_1","species","Not Significant","No Change"
"Solibaculum mannosilyticum",-0.231600373715245,0.0492858768831788,0.196748203263966,"03_diabetic_2_vs_02_obesity_1","species","Not Significant","No Change"
"Lawsonibacter asaccharolyticus",-0.297424350958852,0.022845124325321,0.0990653645022115,"03_diabetic_2_vs_02_obesity_1","species","Not Significant","No Change"
"Paludicola sp. MB14-C6",-0.388316231661201,0.00244630715552101,0.0147348820438003,"03_diabetic_2_vs_02_obesity_1","species","Significant (p < 0.05)","No Change"
"Flavonifractor plautii",-0.173536179036218,0.0131852551145944,0.06893817838656,"03_diabetic_2_vs_02_obesity_1","species","Not Significant","No Change"
"Anaerotruncus colihominis",-0.692863028688554,0.000278990690532647,0.00198931114096271,"03_diabetic_2_vs_02_obesity_1","species","Highly Significant (p < 0.01)","No Change"
"Ruthenibacterium lactatiformans",-0.342598977387758,0.0548381988073342,0.204064929716897,"03_diabetic_2_vs_02_obesity_1","species","Not Significant","No Change"
"Oscillibacter hominis",0.216095292739613,0.255337990241683,0.651731417879852,"03_diabetic_2_vs_02_obesity_1","species","Not Significant","No Change"
"Pusillibacter faecalis",-0.317652212629551,0.106341812045664,0.323141570790656,"03_diabetic_2_vs_02_obesity_1","species","Not Significant","No Change"
"Flintibacter sp. KGMB00164",0.0422027713473871,0.79525288113444,0.963033662812758,"03_diabetic_2_vs_02_obesity_1","species","Not Significant","No Change"
"Intestinimonas butyriciproducens",-0.235000008672183,0.252679136387685,0.603944464406232,"03_diabetic_2_vs_02_obesity_1","species","Not Significant","No Change"
"Massilistercora timonensis",-0.219220614869237,0.293869774606443,0.655059287465423,"03_diabetic_2_vs_02_obesity_1","species","Not Significant","No Change"
"Eubacterium ventriosum",-0.253953603448917,0.0867516373142524,0.300353103273762,"03_diabetic_2_vs_02_obesity_1","species","Not Significant","No Change"
"Clostridium sp. C45",-0.521933647093164,0.00751987206355429,0.0349367187223604,"03_diabetic_2_vs_02_obesity_1","species","Significant (p < 0.05)","No Change"
"Clostridium thermosuccinogenes",0.329014695123655,0.0487513065279358,0.181161460584157,"03_diabetic_2_vs_02_obesity_1","species","Not Significant","No Change"
"Acutalibacter muris",-0.649126393627492,0.000573869653196281,0.00393605416114705,"03_diabetic_2_vs_02_obesity_1","species","Highly Significant (p < 0.01)","No Change"
"Intestinibacter bartlettii",-0.75832657772215,0.000274617953973492,0.00192659998523711,"03_diabetic_2_vs_02_obesity_1","species","Highly Significant (p < 0.01)","No Change"
"Clostridioides difficile",-1.03627430455242,2.40961187887287e-07,3.98136582468158e-06,"03_diabetic_2_vs_02_obesity_1","species","Highly Significant (p < 0.01)","Enriched in 02_obesity_1"
"Terrisporobacter petrolearius",-0.226582047899656,0.142341877945274,0.418777380237661,"03_diabetic_2_vs_02_obesity_1","species","Not Significant","No Change"
"Emergencia sp. JLR.KK010",0.212086637620695,0.431145217046942,0.755804365591983,"03_diabetic_2_vs_02_obesity_1","species","Not Significant","No Change"
"Emergencia timonensis",-0.0999030227703702,0.657326969673059,0.934167430104643,"03_diabetic_2_vs_02_obesity_1","species","Not Significant","No Change"
"Monoglobus pectinilyticus",-0.182814621125741,0.334690060307098,0.707559115925972,"03_diabetic_2_vs_02_obesity_1","species","Not Significant","No Change"
"Faecalibacillus intestinalis",-0.765466532315371,0.000107342017107609,0.000824291005183954,"03_diabetic_2_vs_02_obesity_1","species","Highly Significant (p < 0.01)","No Change"
"Thomasclavelia spiroformis",-0.281332658503549,0.21238858680453,0.508930999594719,"03_diabetic_2_vs_02_obesity_1","species","Not Significant","No Change"
"Holdemania massiliensis",-0.43039675569627,0.0421749879097636,0.144948821263721,"03_diabetic_2_vs_02_obesity_1","species","Not Significant","No Change"
"Phascolarctobacterium faecium",-0.138563822787815,0.314292116080837,0.743723221699363,"03_diabetic_2_vs_02_obesity_1","species","Not Significant","No Change"
"Streptococcus thermophilus",-1.29725265676845,8.87495561670364e-09,1.49207017619966e-07,"03_diabetic_2_vs_02_obesity_1","species","Highly Significant (p < 0.01)","Enriched in 02_obesity_1"
"Enterococcus faecalis",-0.452511862383844,0.00184551173094386,0.0113312063036786,"03_diabetic_2_vs_02_obesity_1","species","Significant (p < 0.05)","No Change"
"Bifidobacterium longum",-0.990488882063566,1.92367977360939e-06,2.17071982638481e-05,"03_diabetic_2_vs_02_obesity_1","species","Highly Significant (p < 0.01)","No Change"
"Adlercreutzia equolifaciens",-0.318663532598697,0.156595275492549,0.426428479701165,"03_diabetic_2_vs_02_obesity_1","species","Not Significant","No Change"
"Gordonibacter pamelaeae",0.0848681908946698,0.668463051856681,0.921837827755113,"03_diabetic_2_vs_02_obesity_1","species","Not Significant","No Change"
"Bacteroides uniformis",0.00269321898396496,0.412378021523389,0.936390796148063,"03_diabetic_2_vs_02_obesity_1","species","Not Significant","No Change"
"Bacteroides stercoris",0.146703507966511,0.482664272747387,0.900512812483414,"03_diabetic_2_vs_02_obesity_1","species","Not Significant","No Change"
"Bacteroides sp. MSB163",0.300262491542974,0.0904054200501691,0.297187737879739,"03_diabetic_2_vs_02_obesity_1","species","Not Significant","No Change"
"Bacteroides fragilis",-0.326692625985544,0.128715953775961,0.423741069090588,"03_diabetic_2_vs_02_obesity_1","species","Not Significant","No Change"
"Bacteroides eggerthii",0.300503013299174,0.0580272389770468,0.211846920587111,"03_diabetic_2_vs_02_obesity_1","species","Not Significant","No Change"
"Bacteroides nordii",0.356148715829865,0.0372893740317894,0.140818049019149,"03_diabetic_2_vs_02_obesity_1","species","Not Significant","No Change"
"Phocaeicola vulgatus",0.129188220048707,0.556432921128826,0.991459855816329,"03_diabetic_2_vs_02_obesity_1","species","Not Significant","No Change"
"Phocaeicola dorei",0.0214416919951552,0.710909334358691,0.99103567130142,"03_diabetic_2_vs_02_obesity_1","species","Not Significant","No Change"
"Alistipes senegalensis",0.0811302541580292,0.695258287663841,0.981188209129464,"03_diabetic_2_vs_02_obesity_1","species","Not Significant","No Change"
"Alistipes onderdonkii",-0.487441384526522,0.00575351981657415,0.0309167492877721,"03_diabetic_2_vs_02_obesity_1","species","Significant (p < 0.05)","No Change"
"Alistipes finegoldii",-0.0474544090581911,0.821869478389747,0.992715373839683,"03_diabetic_2_vs_02_obesity_1","species","Not Significant","No Change"
"Alistipes communis",0.116856501448186,0.391700632414255,0.766672929478929,"03_diabetic_2_vs_02_obesity_1","species","Not Significant","No Change"
"Alistipes ihumii",0.290269549681521,0.124620837382819,0.342847670210683,"03_diabetic_2_vs_02_obesity_1","species","Not Significant","No Change"
"Barnesiella viscericola",0.178556216144988,0.376101009076519,0.76845191248485,"03_diabetic_2_vs_02_obesity_1","species","Not Significant","No Change"
"Odoribacter splanchnicus",0.0898201613535812,0.49695634962865,0.904072030172804,"03_diabetic_2_vs_02_obesity_1","species","Not Significant","No Change"
"Parabacteroides merdae",0.265697510274826,0.0304326965027649,0.139538208301635,"03_diabetic_2_vs_02_obesity_1","species","Not Significant","No Change"
"Parabacteroides distasonis",0.0852725510279053,0.760579698000766,0.97330719479733,"03_diabetic_2_vs_02_obesity_1","species","Not Significant","No Change"
"Segatella copri",0.36289023104042,0.0139851497384151,0.0777527322009445,"03_diabetic_2_vs_02_obesity_1","species","Not Significant","No Change"
"Aureibaculum algae",-0.217525683562395,0.326984426266673,0.754068388395628,"03_diabetic_2_vs_02_obesity_1","species","Not Significant","No Change"
"Spirosoma endbachense",-0.300155554208575,0.196410006197481,0.486225869192857,"03_diabetic_2_vs_02_obesity_1","species","Not Significant","No Change"
"Sutterella wadsworthensis",0.40863604446652,0.00923663762140181,0.0540263059301017,"03_diabetic_2_vs_02_obesity_1","species","Not Significant","No Change"
"Duodenibacillus massiliensis",0.605000633844704,0.000723069465874396,0.00597899512330563,"03_diabetic_2_vs_02_obesity_1","species","Highly Significant (p < 0.01)","No Change"
"Coprococcus comes",-0.55931569467589,0.000662353925667334,0.00458779477785027,"03_diabetic_2_vs_02_obesity_1","species","Highly Significant (p < 0.01)","No Change"
"Ruminococcus albus",-0.283032490064391,0.182068043053799,0.463301829545451,"03_diabetic_2_vs_02_obesity_1","species","Not Significant","No Change"
"Eubacterium ramulus",-0.388370942190154,0.00846024245546996,0.0430828041043356,"03_diabetic_2_vs_02_obesity_1","species","Significant (p < 0.05)","No Change"
"Veillonella parvula",0.184862792517369,0.413823024823746,0.776811064884565,"03_diabetic_2_vs_02_obesity_1","species","Not Significant","No Change"
"Allobaculum mucilyticum",0.0970329582755603,0.635508614329394,0.96548262974337,"03_diabetic_2_vs_02_obesity_1","species","Not Significant","No Change"
"Longicatena caecimuris",-0.0716171735871358,0.512717091901186,0.837111551206292,"03_diabetic_2_vs_02_obesity_1","species","Not Significant","No Change"
"Gordonibacter urolithinfaciens",0.0299478120449384,0.685840533097004,0.920245280627171,"03_diabetic_2_vs_02_obesity_1","species","Not Significant","No Change"
"Turicimonas muris",-0.304914868898733,0.0891471144193233,0.303948072841601,"03_diabetic_2_vs_02_obesity_1","species","Not Significant","No Change"
"Haemophilus parainfluenzae",0.22340992610698,0.210701189120999,0.551337656078297,"03_diabetic_2_vs_02_obesity_1","species","Not Significant","No Change"
"Coprococcus catus",0.183996822377189,0.076206119863033,0.277892008301107,"03_diabetic_2_vs_02_obesity_1","species","Not Significant","No Change"
"Lachnoanaerobaculum umeaense",-0.507937709877032,0.0123071832872668,0.0573850390362674,"03_diabetic_2_vs_02_obesity_1","species","Not Significant","No Change"
"Candidatus Epulonipiscium viviparus",0.224578964687292,0.167998949979145,0.430924832518963,"03_diabetic_2_vs_02_obesity_1","species","Not Significant","No Change"
"Stomatobaculum sp. F0698",0.148546756224473,0.264742132599446,0.561437213985285,"03_diabetic_2_vs_02_obesity_1","species","Not Significant","No Change"
"Vescimonas coprocola",0.148975087689247,0.373638340485397,0.815482975499144,"03_diabetic_2_vs_02_obesity_1","species","Not Significant","No Change"
"Vescimonas fastidiosa",0.563785218108551,0.000806284116526841,0.00696577121093815,"03_diabetic_2_vs_02_obesity_1","species","Highly Significant (p < 0.01)","No Change"
"Clostridium perfringens",-0.266281576793142,0.0900826956960094,0.292498559616025,"03_diabetic_2_vs_02_obesity_1","species","Not Significant","No Change"
"Aristaeella hokkaidonensis",0.397152506732146,0.0167432118701856,0.0808460638162296,"03_diabetic_2_vs_02_obesity_1","species","Not Significant","No Change"
"Romboutsia sp. 13368",-0.228976679926677,0.169338655657598,0.459225711238909,"03_diabetic_2_vs_02_obesity_1","species","Not Significant","No Change"
"Christensenella sp. MSJ-20",0.238459536358277,0.130008651312834,0.388309225291114,"03_diabetic_2_vs_02_obesity_1","species","Not Significant","No Change"
"Veillonella rogosae",0.288979438775136,0.167779308017587,0.436870597725178,"03_diabetic_2_vs_02_obesity_1","species","Not Significant","No Change"
"Bacteroides caccae",0.118278549182246,0.398587014309471,0.886279458023108,"03_diabetic_2_vs_02_obesity_1","species","Not Significant","No Change"
"Bacteroides salyersiae",-0.082381122329319,0.684741793268733,0.969031763853594,"03_diabetic_2_vs_02_obesity_1","species","Not Significant","No Change"
"Bacteroides zhangwenhongii",0.317392461171806,0.133927076377701,0.379933921153275,"03_diabetic_2_vs_02_obesity_1","species","Not Significant","No Change"
"Alistipes shahii",0.290188073658042,0.0329312617085013,0.137577809260543,"03_diabetic_2_vs_02_obesity_1","species","Not Significant","No Change"
"Butyricimonas paravirosa",0.361100276170809,0.0785162017709149,0.241906463025677,"03_diabetic_2_vs_02_obesity_1","species","Not Significant","No Change"
"Bacteroides helcogenes",0.619202045672915,0.000663143333182771,0.00481473128387731,"03_diabetic_2_vs_02_obesity_1","species","Highly Significant (p < 0.01)","No Change"
"Phocaeicola coprophilus",0.565302785845168,0.000432912576255868,0.0036918984080788,"03_diabetic_2_vs_02_obesity_1","species","Highly Significant (p < 0.01)","No Change"
"Akkermansia muciniphila",-0.0781139076917321,0.282151722212735,0.675072669023304,"03_diabetic_2_vs_02_obesity_1","species","Not Significant","No Change"
"Bacteroides intestinalis",0.43078899975963,0.0055530115789595,0.0341520057640975,"03_diabetic_2_vs_02_obesity_1","species","Significant (p < 0.05)","No Change"
"Phocaeicola salanitronis",0.907917614930837,3.88896760111085e-07,2.01866036991671e-05,"03_diabetic_2_vs_02_obesity_1","species","Highly Significant (p < 0.01)","No Change"
"Parabacteroides goldsteinii",0.689972400278298,7.33783824798818e-05,0.000947468146075212,"03_diabetic_2_vs_02_obesity_1","species","Highly Significant (p < 0.01)","No Change"
"Paraprevotella clara",0.489472012872164,0.00372783781275603,0.0244995942490929,"03_diabetic_2_vs_02_obesity_1","species","Significant (p < 0.05)","No Change"
"Dellaglioa sp. P0083",0.530001792292023,0.0025500652389263,0.0157226867043929,"03_diabetic_2_vs_02_obesity_1","species","Significant (p < 0.05)","No Change"
"Clostridium sp. M62/1",0.154824595414537,0.625162773242375,0.914344011646465,"03_diabetic_2_vs_02_obesity_1","species","Not Significant","No Change"
"Clostridium sp. MD294",0.238415506640441,0.214057338270262,0.50505227780581,"03_diabetic_2_vs_02_obesity_1","species","Not Significant","No Change"
"Eisenbergiella porci",0.104990203543986,0.670562898955601,0.921030284074164,"03_diabetic_2_vs_02_obesity_1","species","Not Significant","No Change"
"Coprobacter fastidiosus",0.37345519052645,0.0437676184097387,0.154467201112707,"03_diabetic_2_vs_02_obesity_1","species","Not Significant","No Change"
"Megamonas funiformis",0.639977840838649,0.0001165186048835,0.00125610965108528,"03_diabetic_2_vs_02_obesity_1","species","Highly Significant (p < 0.01)","No Change"
"Acidaminococcus intestini",0.0548454516415337,0.352085099712189,0.745168433479049,"03_diabetic_2_vs_02_obesity_1","species","Not Significant","No Change"
"Anaeromicropila herbilytica",0.0784762883640992,0.551472739438612,0.920486031774542,"03_diabetic_2_vs_02_obesity_1","species","Not Significant","No Change"
"Alistipes dispar",0.339565244032127,0.10297164417845,0.296139158140766,"03_diabetic_2_vs_02_obesity_1","species","Not Significant","No Change"
"Aristaeella lactis",0.303023292386633,0.172496892018315,0.439768898476517,"03_diabetic_2_vs_02_obesity_1","species","Not Significant","No Change"
"Anaeropeptidivorans aminofermentans",-0.0282215149295351,0.733208422188677,0.973939427716417,"03_diabetic_2_vs_02_obesity_1","species","Not Significant","No Change"
"Coraliomargarita akajimensis",-0.0936935732843932,0.671027413734763,0.931977880720994,"03_diabetic_2_vs_02_obesity_1","species","Not Significant","No Change"
"Petroclostridium sp. X23",0.283053508756146,0.113322519454336,0.309705118795955,"03_diabetic_2_vs_02_obesity_1","species","Not Significant","No Change"
"Caldinitratiruptor microaerophilus",0.350861801935539,0.0922553022376092,0.285218592154622,"03_diabetic_2_vs_02_obesity_1","species","Not Significant","No Change"
"Anoxybacillus gonensis",0.240484793004206,0.288026337322967,0.59675985242453,"03_diabetic_2_vs_02_obesity_1","species","Not Significant","No Change"
"Caldilinea aerophila",0.583146610989051,0.00432542169588626,0.019034818986669,"03_diabetic_2_vs_02_obesity_1","species","Significant (p < 0.05)","No Change"
"Alistipes sp. dk3624",0.361957905996379,0.0669808122253143,0.182634735334951,"03_diabetic_2_vs_02_obesity_1","species","Not Significant","No Change"
"Alistipes indistinctus",0.239562654583068,0.153758814809099,0.423451757258948,"03_diabetic_2_vs_02_obesity_1","species","Not Significant","No Change"
"Butyricimonas faecihominis",0.217008173121615,0.463626002161964,0.742483841904677,"03_diabetic_2_vs_02_obesity_1","species","Not Significant","No Change"
"Butyricimonas virosa",0.291388354539153,0.169905969423512,0.455915441469971,"03_diabetic_2_vs_02_obesity_1","species","Not Significant","No Change"
"Salmonella enterica",0.155931387532113,0.684909328834866,0.964855354218779,"03_diabetic_2_vs_02_obesity_1","species","Not Significant","No Change"
"Escherichia coli",0.073242729450909,0.787565536795453,0.983117225433802,"03_diabetic_2_vs_02_obesity_1","species","Not Significant","No Change"
"Klebsiella pneumoniae",0.31984379073767,0.0858560958936577,0.285937465057033,"03_diabetic_2_vs_02_obesity_1","species","Not Significant","No Change"
"Wansuia hejianensis",0.076104637601055,0.538598063025296,0.832832902459364,"03_diabetic_2_vs_02_obesity_1","species","Not Significant","No Change"
"Ruthenibacterium sp. TH_2024_36131",0.183906581813561,0.271786318845061,0.580553719270018,"03_diabetic_2_vs_02_obesity_1","species","Not Significant","No Change"
"Thomasclavelia ramosa",0.132208419266361,0.533173702472699,0.911673533993825,"03_diabetic_2_vs_02_obesity_1","species","Not Significant","No Change"
"Dialister succinatiphilus",0.665986516743935,0.000232578526886485,0.00193412654556579,"03_diabetic_2_vs_02_obesity_1","species","Highly Significant (p < 0.01)","No Change"
"Parabacteroides sp. AD58",0.64741294108102,0.000561877633651257,0.00414788306096429,"03_diabetic_2_vs_02_obesity_1","species","Highly Significant (p < 0.01)","No Change"
"Thermocaproicibacter melissae",0.16020137216836,0.329555417318868,0.612707425609388,"03_diabetic_2_vs_02_obesity_1","species","Not Significant","No Change"
"Christensenella massiliensis",0.113180077833098,0.456157266868961,0.762646315921862,"03_diabetic_2_vs_02_obesity_1","species","Not Significant","No Change"
"Phascolarctobacterium succinatutens",0.57755425311727,0.000403413070531754,0.00390207293190963,"03_diabetic_2_vs_02_obesity_1","species","Highly Significant (p < 0.01)","No Change"
"Bacillus sp. ZHX3",0.530731454703756,0.00171796149705276,0.0130838270985612,"03_diabetic_2_vs_02_obesity_1","species","Significant (p < 0.05)","No Change"
"Prevotella sp. Rep29",0.619741229472158,0.000464941856137947,0.00359568005166627,"03_diabetic_2_vs_02_obesity_1","species","Highly Significant (p < 0.01)","No Change"
"Prevotella bivia",0.510617500008307,0.000806086051733993,0.0067204447550717,"03_diabetic_2_vs_02_obesity_1","species","Highly Significant (p < 0.01)","No Change"
"Vibrio tapetis",0.340829904300303,0.0644265430866831,0.219690442673884,"03_diabetic_2_vs_02_obesity_1","species","Not Significant","No Change"
"Clostridium thermarum",0.637789255530902,0.000397297873483851,0.00330383559757719,"03_diabetic_2_vs_02_obesity_1","species","Highly Significant (p < 0.01)","No Change"
