"taxon","p_value","effect_size","max_mean_abundance","enriched_group","level","p_value_bh","significance"
"Blautia obeum",8.85722813994996e-15,0.891346383864537,7.78657243659825,"02_obesity_1","species",1.19080511659327e-13,"Highly Significant (p < 0.01)"
"Blautia hydrogenotrophica",2.37912881999174e-17,-0.80358344618424,0.157185974134416,"01_normal_2","species",4.79790978698335e-16,"Highly Significant (p < 0.01)"
"Blautia argi",1.00229217716439e-10,-0.473112083614812,0.336423732982179,"02_obesity_1","species",6.38301860194167e-10,"Highly Significant (p < 0.01)"
"Blautia luti",6.29763334763121e-19,-0.442239429816836,0.361209669575348,"02_obesity_1","species",2.54004545021126e-17,"Highly Significant (p < 0.01)"
"Blautia sp. SC05B48",2.8759469256073e-10,-0.109980637008298,0.776280726328274,"02_obesity_1","species",1.39195831199394e-09,"Highly Significant (p < 0.01)"
"Anaerostipes hadrus",8.09769228163168e-10,0.45196257489231,2.83114701253652,"02_obesity_1","species",3.62896580028679e-09,"Highly Significant (p < 0.01)"
"Dorea longicatena",1.87355401714105e-13,0.563673553568503,3.66162137758717,"02_obesity_1","species",1.61928597195762e-12,"Highly Significant (p < 0.01)"
"Dorea formicigenerans",1.02586085235455e-05,-0.0855230153160692,0.821252029603929,"02_obesity_1","species",2.38709929105578e-05,"Highly Significant (p < 0.01)"
"Anaerobutyricum hallii",3.94174093512873e-13,0.425138909046453,2.66157522855804,"02_obesity_1","species",3.17967102100384e-12,"Highly Significant (p < 0.01)"
"Roseburia intestinalis",7.06936301159543e-07,-0.0633091318662252,0.864351451583391,"02_obesity_1","species",1.98928587070476e-06,"Highly Significant (p < 0.01)"
"Roseburia sp. 499",0.00118586605240639,-0.790088394246622,0.162147003538622,"04_t2d_obesity_3","species",0.00177147891779226,"Highly Significant (p < 0.01)"
"[Ruminococcus] torques",1.85022372214115e-13,0.672160223031446,4.70067397287902,"02_obesity_1","species",1.61928597195762e-12,"Highly Significant (p < 0.01)"
"Mediterraneibacter gnavus",1.18718077620555e-09,0.112965718100336,1.29707587959664,"02_obesity_1","species",5.02367942173319e-09,"Highly Significant (p < 0.01)"
"Mediterraneibacter glycyrrhizinilyticus",8.96902067899205e-14,-0.917714301008424,0.120859865230081,"02_obesity_1","species",1.07865651360372e-12,"Highly Significant (p < 0.01)"
"[Ruminococcus] lactaris",0.0364646189481885,-0.374874250112622,0.421817623252642,"02_obesity_1","species",0.0367684907727567,"Significant (p < 0.05)"
"Claveliimonas bilis",0.00204036074521795,0.134282834626732,1.36233061317397,"02_obesity_1","species",0.00287074011827177,"Highly Significant (p < 0.01)"
"Lachnospira eligens",4.60805813281654e-05,0.519565513654475,3.30799909729868,"01_normal_2","species",9.29291723451336e-05,"Highly Significant (p < 0.01)"
"Lacrimispora sp. JR3",0.000643344074580589,-0.440245292690076,0.36287204353872,"01_normal_2","species",0.000999559687883094,"Highly Significant (p < 0.01)"
"Sellimonas catena",2.1306688772991e-10,-1.17135968229948,0.0673959615461967,"02_obesity_1","species",1.12091710501388e-09,"Highly Significant (p < 0.01)"
"Sellimonas intestinalis",1.34467980178345e-05,-0.732066106160366,0.185323950946017,"02_obesity_1","species",3.01307881510736e-05,"Highly Significant (p < 0.01)"
"[Clostridium] symbiosum",9.72530505483437e-13,0.0562307262810165,1.13823083011246,"01_normal_2","species",7.3547619477185e-12,"Highly Significant (p < 0.01)"
"[Clostridium] scindens",5.08388638343126e-09,-1.557604305261,0.0276936381234244,"02_obesity_1","species",1.80926544822112e-08,"Highly Significant (p < 0.01)"
"Agathobacter rectalis",3.1031937058765e-10,-1.27336728274664,0.0532874044954229,"04_t2d_obesity_3","species",1.4441786092733e-09,"Highly Significant (p < 0.01)"
"Hungatella hathewayi",0.0047126654388987,-0.298418644238104,0.503014486194074,"03_diabetic_2","species",0.00581869916435451,"Highly Significant (p < 0.01)"
"Faecalibacterium prausnitzii",1.78908622731266e-05,1.12208992639344,13.2461568594771,"01_normal_2","species",3.86570416972913e-05,"Highly Significant (p < 0.01)"
"Faecalibacterium taiwanense",0.0161475388136724,-0.0343531829246041,0.923945483877648,"02_obesity_1","species",0.0176022720401294,"Significant (p < 0.05)"
"Ruminococcus bicirculans (ex Wegman et al. 2014)",0.0140073402550964,0.186035189985338,1.53474033468336,"02_obesity_1","species",0.0155494327602446,"Significant (p < 0.05)"
"Solibaculum mannosilyticum",2.9852412005368e-09,0.500283359808322,3.16434059331754,"04_t2d_obesity_3","species",1.09458844019683e-08,"Highly Significant (p < 0.01)"
"Lawsonibacter asaccharolyticus",2.59325067232472e-05,-0.228229555534457,0.591248034384117,"04_t2d_obesity_3","species",5.43054150148034e-05,"Highly Significant (p < 0.01)"
"Paludicola sp. MB14-C6",0.00269236643975566,-0.160052516188479,0.691746317705368,"04_t2d_obesity_3","species",0.00358151682132663,"Highly Significant (p < 0.01)"
"Flavonifractor plautii",0.0236543039124754,-0.58979866155628,0.257157769168663,"02_obesity_1","species",0.0246738859776683,"Significant (p < 0.05)"
"Anaerotruncus colihominis",1.66647863668814e-09,-0.731877681742437,0.185404374077689,"04_t2d_obesity_3","species",6.30137234497705e-09,"Highly Significant (p < 0.01)"
"Ruthenibacterium lactatiformans",0.00169166458281713,-0.756683674273094,0.175111168331411,"04_t2d_obesity_3","species",0.0024661616207334,"Highly Significant (p < 0.01)"
"Oscillibacter hominis",0.0472209671182998,-0.390674088662571,0.406747454397484,"01_normal_2","species",0.0472209671182998,"Significant (p < 0.05)"
"Pusillibacter faecalis",0.000205651401088727,-1.19209954920534,0.0642530416989456,"04_t2d_obesity_3","species",0.000345608604607444,"Highly Significant (p < 0.01)"
"Flintibacter sp. KGMB00164",0.00112937689431764,-1.26063989597801,0.0548721768344383,"02_obesity_1","species",0.00170818255265543,"Highly Significant (p < 0.01)"
"Intestinimonas butyriciproducens",5.83648756865671e-05,-0.824834601311889,0.149679559781774,"04_t2d_obesity_3","species",0.000113905644485074,"Highly Significant (p < 0.01)"
"Massilistercora timonensis",1.30776936698971e-09,-1.31374774302545,0.0485560458541691,"02_obesity_1","species",5.27466978019185e-09,"Highly Significant (p < 0.01)"
"Eubacterium ventriosum",0.00837077928097997,-0.642502211139083,0.227769664525821,"01_normal_2","species",0.00973907974037093,"Highly Significant (p < 0.01)"
"Clostridium sp. C45",1.04198837116483e-18,-1.11954125742236,0.0759369279177307,"02_obesity_1","species",3.15201482277361e-17,"Highly Significant (p < 0.01)"
"Acutalibacter muris",7.54770372707711e-09,-0.763339429230839,0.172447956500925,"02_obesity_1","species",2.60934900278952e-08,"Highly Significant (p < 0.01)"
"Intestinibacter bartlettii",7.83291271206918e-15,-0.00802275791301512,0.981695498781492,"02_obesity_1","species",1.18472804770046e-13,"Highly Significant (p < 0.01)"
"Clostridioides difficile",3.58649437086918e-23,-0.507185661452583,0.311037635865228,"02_obesity_1","species",2.16982909437585e-21,"Highly Significant (p < 0.01)"
"Terrisporobacter petrolearius",1.13083565626018e-08,-0.567789636845152,0.270525842218835,"02_obesity_1","species",3.8008642890967e-08,"Highly Significant (p < 0.01)"
"Emergencia sp. JLR.KK010",1.58847035849928e-06,-1.32992894824934,0.046780167028009,"04_t2d_obesity_3","species",4.13563102023281e-06,"Highly Significant (p < 0.01)"
"Emergencia timonensis",0.00064434426161059,-1.54698191659394,0.0283793719782371,"02_obesity_1","species",0.000999559687883094,"Highly Significant (p < 0.01)"
"Monoglobus pectinilyticus",1.70925058954935e-06,-1.07298245299115,0.0845302998058002,"02_obesity_1","species",4.30873586115566e-06,"Highly Significant (p < 0.01)"
"Faecalibacillus intestinalis",1.63240521933745e-10,0.259394392449612,1.81716412164778,"02_obesity_1","species",9.53676401890787e-10,"Highly Significant (p < 0.01)"
"Thomasclavelia spiroformis",9.80596830548839e-14,-1.40572393096602,0.0392884608311319,"02_obesity_1","species",1.07865651360372e-12,"Highly Significant (p < 0.01)"
"Holdemania massiliensis",1.61024630882766e-13,-1.70998365987615,0.0194981796311622,"02_obesity_1","species",1.61928597195762e-12,"Highly Significant (p < 0.01)"
"Phascolarctobacterium faecium",2.79786488338896e-06,0.943895358047227,8.7881064450601,"04_t2d_obesity_3","species",6.90901328347069e-06,"Highly Significant (p < 0.01)"
"Streptococcus thermophilus",1.84218550252251e-17,0.287710397906682,1.9395910613697,"02_obesity_1","species",4.45808891610447e-16,"Highly Significant (p < 0.01)"
"Enterococcus faecalis",1.29181775254041e-08,-0.729779893741417,0.186302110654495,"02_obesity_1","species",4.22459319074025e-08,"Highly Significant (p < 0.01)"
"Bifidobacterium longum",2.50438965636395e-15,0.322496425156158,2.10133947203912,"02_obesity_1","species",4.32901640600054e-14,"Highly Significant (p < 0.01)"
"Adlercreutzia equolifaciens",1.65514086278566e-10,-1.38784340997455,0.040939825012015,"02_obesity_1","species",9.53676401890787e-10,"Highly Significant (p < 0.01)"
"Gordonibacter pamelaeae",1.16223260274702e-05,-1.55342499948584,0.0279614358335604,"02_obesity_1","species",2.65339896098848e-05,"Highly Significant (p < 0.01)"
"Bacteroides fragilis",0.00241772909239013,0.674778977379783,4.72910422481947,"01_normal_2","species",0.00332437750203642,"Highly Significant (p < 0.01)"
"Phocaeicola vulgatus",0.00706635806148419,1.09913832719366,12.5642998568509,"03_diabetic_2","species",0.00838264044548615,"Highly Significant (p < 0.01)"
"Alistipes senegalensis",0.00121547353730437,0.483065221981963,3.04134073753888,"04_t2d_obesity_3","species",0.00179356460992475,"Highly Significant (p < 0.01)"
"Alistipes onderdonkii",0.000120360526341848,-0.106638749450262,0.782277240996887,"04_t2d_obesity_3","species",0.000224055749036363,"Highly Significant (p < 0.01)"
"Alistipes finegoldii",9.37528670066862e-05,-0.0468080346165351,0.897824560634616,"04_t2d_obesity_3","species",0.000180065030282683,"Highly Significant (p < 0.01)"
"Alistipes communis",7.29562348318288e-07,-0.495017489665498,0.319875628816307,"04_t2d_obesity_3","species",2.00629645787529e-06,"Highly Significant (p < 0.01)"
"Alistipes ihumii",9.46722871955222e-12,-0.523526399352777,0.299551949837239,"04_t2d_obesity_3","species",6.73843926509305e-11,"Highly Significant (p < 0.01)"
"Barnesiella viscericola",2.60306948004843e-05,-0.174722830862065,0.668769594488873,"04_t2d_obesity_3","species",5.43054150148034e-05,"Highly Significant (p < 0.01)"
"Parabacteroides distasonis",0.00269353744413821,-0.243418540764251,0.570927153308756,"03_diabetic_2","species",0.00358151682132663,"Highly Significant (p < 0.01)"
"Aureibaculum algae",9.5511621250214e-05,-0.69717892828015,0.200825524170098,"02_obesity_1","species",0.000180576658926186,"Highly Significant (p < 0.01)"
"Spirosoma endbachense",1.48453054821727e-09,-1.75245104908223,0.0176817151484524,"04_t2d_obesity_3","species",5.7944579462674e-09,"Highly Significant (p < 0.01)"
"Duodenibacillus massiliensis",0.0026270133068269,-0.905678624846435,0.124256146244289,"03_diabetic_2","species",0.00357155741714668,"Highly Significant (p < 0.01)"
"Coprococcus comes",3.44420738284779e-07,0.144154675301864,1.39365206834987,"04_t2d_obesity_3","species",1.01646120323069e-06,"Highly Significant (p < 0.01)"
"Ruminococcus albus",1.99486175543303e-11,-0.152073341669398,0.704573073666804,"04_t2d_obesity_3","species",1.34099040226331e-10,"Highly Significant (p < 0.01)"
"Eubacterium ramulus",3.46068380518043e-05,-0.309569121118411,0.490263987351584,"02_obesity_1","species",7.09733458350562e-05,"Highly Significant (p < 0.01)"
"Veillonella parvula",0.0122281795561652,-0.912442855049255,0.122335808059204,"03_diabetic_2","species",0.0138281282831401,"Significant (p < 0.05)"
"Allobaculum mucilyticum",0.0063307239756163,-0.17446696532199,0.669163718229489,"02_obesity_1","species",0.00766017601049573,"Highly Significant (p < 0.01)"
"Longicatena caecimuris",3.40499040132914e-08,-1.16450386827315,0.0684683384480766,"02_obesity_1","species",1.05642009887391e-07,"Highly Significant (p < 0.01)"
"Gordonibacter urolithinfaciens",3.02050480675715e-06,-1.27740605648899,0.0527941397143288,"02_obesity_1","species",7.3096216323523e-06,"Highly Significant (p < 0.01)"
"Turicimonas muris",0.0133366690156333,0.0264480804761832,1.06279051988806,"04_t2d_obesity_3","species",0.0149420088045521,"Significant (p < 0.05)"
"Coprococcus catus",0.000472195450543139,-0.39325474884322,0.404337644800332,"03_diabetic_2","species",0.000772103371834051,"Highly Significant (p < 0.01)"
"Lachnoanaerobaculum umeaense",1.60640213182597e-06,-0.932055731364515,0.116933932322545,"02_obesity_1","species",4.13563102023281e-06,"Highly Significant (p < 0.01)"
"Candidatus Epulonipiscium viviparus",0.000551823513007973,-0.660802981632873,0.218371033529866,"03_diabetic_2","species",0.000890275267652863,"Highly Significant (p < 0.01)"
"Stomatobaculum sp. F0698",0.019789460180924,-1.71995442448459,0.0190556069036625,"01_normal_2","species",0.0213796846597483,"Significant (p < 0.05)"
"Vescimonas coprocola",0.0315499520720148,0.217824122888947,1.65129193537686,"04_t2d_obesity_3","species",0.0320802033673428,"Significant (p < 0.05)"
"Vescimonas fastidiosa",5.74626940195605e-05,0.147717634436629,1.40513265029411,"03_diabetic_2","species",0.000113905644485074,"Highly Significant (p < 0.01)"
"Clostridium perfringens",2.67706659278116e-08,-0.258819809214206,0.551035276478052,"02_obesity_1","species",8.52434362438211e-08,"Highly Significant (p < 0.01)"
"Aristaeella hokkaidonensis",0.00809009141913297,-0.088411919721059,0.815807226328816,"04_t2d_obesity_3","species",0.00950389380305911,"Highly Significant (p < 0.01)"
"Romboutsia sp. 13368",1.92435051742189e-10,-0.586671888420346,0.259015906136304,"02_obesity_1","species",1.05839278458204e-09,"Highly Significant (p < 0.01)"
"Veillonella rogosae",0.00185090374345587,-1.24434357251491,0.0569703390872727,"04_t2d_obesity_3","species",0.00263481591715483,"Highly Significant (p < 0.01)"
"Bacteroides salyersiae",0.000243229074109862,-0.825786303588919,0.149351912603937,"03_diabetic_2","species",0.000403160520099908,"Highly Significant (p < 0.01)"
"Phocaeicola coprophilus",0.0228476117545915,0.203466698418005,1.59759402121284,"01_normal_2","species",0.0240396610635267,"Significant (p < 0.05)"
"Akkermansia muciniphila",1.20402234074597e-09,1.28550156126059,19.2975217351188,"04_t2d_obesity_3","species",5.02367942173319e-09,"Highly Significant (p < 0.01)"
"Phocaeicola salanitronis",0.000168534776681675,0.486152054186938,3.06303466899166,"03_diabetic_2","species",0.000295546492441779,"Highly Significant (p < 0.01)"
"Parabacteroides goldsteinii",0.00423837116621242,-0.355244710158237,0.441320707520996,"03_diabetic_2","species",0.0052870403207392,"Highly Significant (p < 0.01)"
"Paraprevotella clara",1.43822616519911e-06,0.125359022814625,1.33462328422603,"04_t2d_obesity_3","species",3.86723035531316e-06,"Highly Significant (p < 0.01)"
"Dellaglioa sp. P0083",0.00327079953288023,-1.3403050333172,0.045675725950956,"03_diabetic_2","species",0.0042102845050905,"Highly Significant (p < 0.01)"
"Clostridium sp. M62/1",0.00383764222081248,-1.06984403019611,0.0851433765489088,"02_obesity_1","species",0.00483702821581572,"Highly Significant (p < 0.01)"
"Eisenbergiella porci",0.00172273888036747,-1.30755792916534,0.0492530640531783,"01_normal_2","species",0.00248156433957696,"Highly Significant (p < 0.01)"
"Megamonas funiformis",0.000570208775012537,0.274993480818633,1.88361981430236,"01_normal_2","species",0.000907832391796275,"Highly Significant (p < 0.01)"
"Acidaminococcus intestini",3.54212400102905e-06,-0.27379395457856,0.53235977107041,"02_obesity_1","species",8.40386282597089e-06,"Highly Significant (p < 0.01)"
"Alistipes dispar",0.0214606085051496,-1.15445352888752,0.0700713158818249,"04_t2d_obesity_3","species",0.0229799436205584,"Significant (p < 0.05)"
"Anaeropeptidivorans aminofermentans",4.55415543892187e-07,-0.892961606349795,0.127948441240919,"03_diabetic_2","species",1.31203049549892e-06,"Highly Significant (p < 0.01)"
"Coraliomargarita akajimensis",4.14129449889083e-08,-1.94542018218835,0.0113381321780848,"04_t2d_obesity_3","species",1.25274158591448e-07,"Highly Significant (p < 0.01)"
"Petroclostridium sp. X23",0.000920611977869847,-1.73344966399458,0.0184725489635769,"04_t2d_obesity_3","species",0.00141005125724369,"Highly Significant (p < 0.01)"
"Caldinitratiruptor microaerophilus",0.00286948845436493,-1.3608716603021,0.0435630592156714,"02_obesity_1","species",0.00377400111932779,"Highly Significant (p < 0.01)"
"Anoxybacillus gonensis",0.000190227904837923,-1.60833211662595,0.0246405421177773,"02_obesity_1","species",0.000324191218104067,"Highly Significant (p < 0.01)"
"Caldilinea aerophila",0.0269810516547612,-1.67649043922053,0.0210614826650078,"03_diabetic_2","species",0.0279034807711633,"Significant (p < 0.05)"
"Alistipes indistinctus",0.000124374948736728,-0.874406354454393,0.133533549484701,"01_normal_2","species",0.000224617444733494,"Highly Significant (p < 0.01)"
"Butyricimonas faecihominis",2.68748055380233e-10,-1.01591257604892,0.0964013062983175,"04_t2d_obesity_3","species",1.35493811254201e-09,"Highly Significant (p < 0.01)"
"Butyricimonas virosa",0.0106512505653363,-1.08302937898074,0.0825972071979844,"04_t2d_obesity_3","species",0.0122742982705305,"Significant (p < 0.05)"
"Salmonella enterica",0.0222278418986328,0.0972716679829389,1.25104036022415,"02_obesity_1","species",0.0235927093836365,"Significant (p < 0.05)"
"Escherichia coli",0.00341838577677397,-0.503208002720615,0.3138994926333,"02_obesity_1","species",0.00435394398936474,"Highly Significant (p < 0.01)"
"Klebsiella pneumoniae",0.0157631211000912,-0.816688628679349,0.152513582887481,"03_diabetic_2","species",0.0173394332101003,"Significant (p < 0.05)"
"Ruthenibacterium sp. TH_2024_36131",1.376982413536e-05,-1.2465673123359,0.0566793714457395,"04_t2d_obesity_3","species",3.0293613097792e-05,"Highly Significant (p < 0.01)"
"Thomasclavelia ramosa",0.00291627920663796,-1.08132735564342,0.0829215491379077,"02_obesity_1","species",0.00379429875272251,"Highly Significant (p < 0.01)"
"Dialister succinatiphilus",0.00222828534353416,-0.449461657193187,0.35525248156635,"01_normal_2","species",0.0030991095007774,"Highly Significant (p < 0.01)"
"Parabacteroides sp. AD58",0.00689997355676971,-1.18797495480078,0.064866184053293,"01_normal_2","species",0.00826630495414986,"Highly Significant (p < 0.01)"
"Bacillus sp. ZHX3",0.0114986895928937,-0.354509335505031,0.442068614135822,"03_diabetic_2","species",0.0131258626484919,"Significant (p < 0.05)"
"Prevotella sp. Rep29",0.0307036954855498,-0.417489574416852,0.382392433205282,"04_t2d_obesity_3","species",0.0314842979131486,"Significant (p < 0.05)"
"Vibrio tapetis",0.00502168515481773,-1.94700122663593,0.0112969272364376,"03_diabetic_2","species",0.00613761518922167,"Highly Significant (p < 0.01)"
