"taxon","effect_size","p_value","p_value_bh","comparison","level","significance","direction"
"Blautia obeum",0.0254961468114985,0.762477613163226,0.99871946277643,"01_normal_2_vs_04_t2d_obesity_3","species","Not Significant","No Change"
"Blautia hydrogenotrophica",0.0165726692045988,0.752606074072383,0.968830548099724,"01_normal_2_vs_04_t2d_obesity_3","species","Not Significant","No Change"
"Blautia luti",-0.245781206977499,0.262524110045073,0.62649611189371,"01_normal_2_vs_04_t2d_obesity_3","species","Not Significant","No Change"
"Blautia sp. SC05B48",-0.0604883505002615,0.755734743244847,0.985947251194417,"01_normal_2_vs_04_t2d_obesity_3","species","Not Significant","No Change"
"Anaerostipes hadrus",-0.276808690729577,0.232775989928382,0.723974026197199,"01_normal_2_vs_04_t2d_obesity_3","species","Not Significant","No Change"
"Dorea longicatena",0.43101399300718,0.011115525837363,0.0911790007371283,"01_normal_2_vs_04_t2d_obesity_3","species","Not Significant","No Change"
"Dorea formicigenerans",0.104785284899067,0.547747373865036,0.978604996392532,"01_normal_2_vs_04_t2d_obesity_3","species","Not Significant","No Change"
"Anaerobutyricum hallii",0.504517213361832,0.00486940857947419,0.0388754255478555,"01_normal_2_vs_04_t2d_obesity_3","species","Significant (p < 0.05)","No Change"
"Roseburia intestinalis",-0.230955244133048,0.367775997669485,0.752444831943265,"01_normal_2_vs_04_t2d_obesity_3","species","Not Significant","No Change"
"Roseburia sp. 499",0.0180756896878068,0.505038784853597,0.892201366693203,"01_normal_2_vs_04_t2d_obesity_3","species","Not Significant","No Change"
"[Ruminococcus] torques",0.0892095489211554,0.299246953436151,0.873967131278412,"01_normal_2_vs_04_t2d_obesity_3","species","Not Significant","No Change"
"Mediterraneibacter gnavus",-0.0814285153250646,0.604411202141679,0.958709097965272,"01_normal_2_vs_04_t2d_obesity_3","species","Not Significant","No Change"
"Mediterraneibacter glycyrrhizinilyticus",0.201247309586416,0.307089799323746,0.743919851302924,"01_normal_2_vs_04_t2d_obesity_3","species","Not Significant","No Change"
"[Ruminococcus] lactaris",-0.108905536712553,0.496715371071146,0.948738150368321,"01_normal_2_vs_04_t2d_obesity_3","species","Not Significant","No Change"
"Claveliimonas bilis",-0.648820892517981,0.0031281823603936,0.029984282687327,"01_normal_2_vs_04_t2d_obesity_3","species","Significant (p < 0.05)","No Change"
"Lachnospira eligens",-0.652881638989335,0.000148723402195291,0.00450635880199723,"01_normal_2_vs_04_t2d_obesity_3","species","Highly Significant (p < 0.01)","No Change"
"Chakrabartyella piscis",0.100825268858082,0.369048430873582,0.879679228810759,"01_normal_2_vs_04_t2d_obesity_3","species","Not Significant","No Change"
"Lacrimispora sp. JR3",-0.650537385311716,0.000771861024303971,0.0117360543452936,"01_normal_2_vs_04_t2d_obesity_3","species","Significant (p < 0.05)","No Change"
"Sellimonas catena",-0.115011240009108,0.628105038261917,0.92286373378987,"01_normal_2_vs_04_t2d_obesity_3","species","Not Significant","No Change"
"Sellimonas intestinalis",0.0853726571887531,0.553014647376701,0.880366599017459,"01_normal_2_vs_04_t2d_obesity_3","species","Not Significant","No Change"
"Simiaoa sunii",-0.13756729899234,0.393865113114666,0.948192818472428,"01_normal_2_vs_04_t2d_obesity_3","species","Not Significant","No Change"
"[Clostridium] symbiosum",-1.48647516480391,2.08141672872891e-07,1.79130130631309e-05,"01_normal_2_vs_04_t2d_obesity_3","species","Highly Significant (p < 0.01)","Enriched in 04_t2d_obesity_3"
"[Clostridium] scindens",0.196081444568585,0.3388059504587,0.73980059247556,"01_normal_2_vs_04_t2d_obesity_3","species","Not Significant","No Change"
"Agathobacter rectalis",-0.150181493883737,0.663338726817388,0.944598129510406,"01_normal_2_vs_04_t2d_obesity_3","species","Not Significant","No Change"
"Hungatella hathewayi",-0.342397061845802,0.0528693108427343,0.223480429706249,"01_normal_2_vs_04_t2d_obesity_3","species","Not Significant","No Change"
"[Clostridium] colinum",0.0445009683926708,0.860640401843135,0.998753566396837,"01_normal_2_vs_04_t2d_obesity_3","species","Not Significant","No Change"
"Faecalibacterium prausnitzii",-0.968163874678023,0.00708947492659731,0.0479198737885349,"01_normal_2_vs_04_t2d_obesity_3","species","Significant (p < 0.05)","No Change"
"Faecalibacterium taiwanense",-0.155869387791817,0.365917884912661,0.88409786976045,"01_normal_2_vs_04_t2d_obesity_3","species","Not Significant","No Change"
"Ruminococcus bicirculans (ex Wegman et al. 2014)",-0.100929686743686,0.559556870440717,0.97366206014649,"01_normal_2_vs_04_t2d_obesity_3","species","Not Significant","No Change"
"Ruminococcus champanellensis",0.199498181527325,0.0420916287052197,0.239427294707421,"01_normal_2_vs_04_t2d_obesity_3","species","Not Significant","No Change"
"Solibaculum mannosilyticum",0.806093893546038,6.8262764798343e-07,6.52777559801302e-05,"01_normal_2_vs_04_t2d_obesity_3","species","Highly Significant (p < 0.01)","No Change"
"Lawsonibacter asaccharolyticus",0.501225180173911,0.00141080988977649,0.0172745967076696,"01_normal_2_vs_04_t2d_obesity_3","species","Significant (p < 0.05)","No Change"
"Paludicola sp. MB14-C6",0.0414841846654127,0.135430485560147,0.573907981129648,"01_normal_2_vs_04_t2d_obesity_3","species","Not Significant","No Change"
"Flavonifractor plautii",0.0250665222060248,0.471293550709654,0.951026971987719,"01_normal_2_vs_04_t2d_obesity_3","species","Not Significant","No Change"
"Anaerotruncus colihominis",0.569481970521671,0.00873326620374549,0.0648995084968018,"01_normal_2_vs_04_t2d_obesity_3","species","Not Significant","No Change"
"Ruthenibacterium lactatiformans",0.332870312477152,0.0996479208123211,0.410820907928029,"01_normal_2_vs_04_t2d_obesity_3","species","Not Significant","No Change"
"Oscillibacter hominis",-0.180174239870106,0.334513428440083,0.870983532403269,"01_normal_2_vs_04_t2d_obesity_3","species","Not Significant","No Change"
"Pusillibacter faecalis",0.131256455224479,0.500148760223318,0.912439360128478,"01_normal_2_vs_04_t2d_obesity_3","species","Not Significant","No Change"
"Flintibacter sp. KGMB00164",-0.0878613582154186,0.655883147582023,0.935211304478888,"01_normal_2_vs_04_t2d_obesity_3","species","Not Significant","No Change"
"Intestinimonas butyriciproducens",0.43698020274246,0.0483767984733752,0.242426470631305,"01_normal_2_vs_04_t2d_obesity_3","species","Not Significant","No Change"
"Massilistercora timonensis",-0.124110295263535,0.56904441911038,0.852767345785688,"01_normal_2_vs_04_t2d_obesity_3","species","Not Significant","No Change"
"Eubacterium ventriosum",0.0668607749484523,0.813040065507461,0.999876018094626,"01_normal_2_vs_04_t2d_obesity_3","species","Not Significant","No Change"
"Clostridium sp. C45",-0.353029421194802,0.107473943341316,0.305476452050426,"01_normal_2_vs_04_t2d_obesity_3","species","Not Significant","No Change"
"Clostridium thermosuccinogenes",0.0985227690855629,0.520715805457856,0.914405432410228,"01_normal_2_vs_04_t2d_obesity_3","species","Not Significant","No Change"
"Acutalibacter muris",0.203251215757555,0.249820282859607,0.650764146805497,"01_normal_2_vs_04_t2d_obesity_3","species","Not Significant","No Change"
"Intestinibacter bartlettii",-0.115204617957993,0.585351385126242,0.906929147647723,"01_normal_2_vs_04_t2d_obesity_3","species","Not Significant","No Change"
"Clostridioides difficile",-0.211097775358982,0.446574281058405,0.782787839337339,"01_normal_2_vs_04_t2d_obesity_3","species","Not Significant","No Change"
"Terrisporobacter petrolearius",-0.191656305613162,0.504073124788826,0.843423893366502,"01_normal_2_vs_04_t2d_obesity_3","species","Not Significant","No Change"
"Emergencia sp. JLR.KK010",0.254464516875501,0.22315365971397,0.598853057607461,"01_normal_2_vs_04_t2d_obesity_3","species","Not Significant","No Change"
"Emergencia timonensis",0.209065577995752,0.425481052892877,0.815047646912696,"01_normal_2_vs_04_t2d_obesity_3","species","Not Significant","No Change"
"Monoglobus pectinilyticus",-0.0316311679923342,0.708338847415884,0.953953290114213,"01_normal_2_vs_04_t2d_obesity_3","species","Not Significant","No Change"
"Faecalibacillus intestinalis",0.0561687588374294,0.704722085819422,0.986643367109856,"01_normal_2_vs_04_t2d_obesity_3","species","Not Significant","No Change"
"Holdemania massiliensis",-0.44777868002781,0.0333126333474824,0.145180559379137,"01_normal_2_vs_04_t2d_obesity_3","species","Not Significant","No Change"
"Phascolarctobacterium faecium",0.597761278474156,0.00231913196315272,0.0275646184731757,"01_normal_2_vs_04_t2d_obesity_3","species","Significant (p < 0.05)","No Change"
"Streptococcus thermophilus",0.58324379437693,0.0117529681845042,0.0701452916949656,"01_normal_2_vs_04_t2d_obesity_3","species","Not Significant","No Change"
"Enterococcus faecalis",0.79524889085974,0.00012436830648309,0.00257568578893444,"01_normal_2_vs_04_t2d_obesity_3","species","Highly Significant (p < 0.01)","No Change"
"Bifidobacterium longum",0.480044648324397,0.0167002106189835,0.1152405394547,"01_normal_2_vs_04_t2d_obesity_3","species","Not Significant","No Change"
"Adlercreutzia equolifaciens",-0.106686959368089,0.628364354581904,0.899072256784804,"01_normal_2_vs_04_t2d_obesity_3","species","Not Significant","No Change"
"Gordonibacter pamelaeae",-0.152542248724451,0.495881208568893,0.829280377592866,"01_normal_2_vs_04_t2d_obesity_3","species","Not Significant","No Change"
"Bacteroides uniformis",-0.0972673682219701,0.720428614061151,1,"01_normal_2_vs_04_t2d_obesity_3","species","Not Significant","No Change"
"Bacteroides stercoris",0.183778059516022,0.289514692066304,0.823774127762973,"01_normal_2_vs_04_t2d_obesity_3","species","Not Significant","No Change"
"Bacteroides sp. MSB163",-0.527469230735525,0.00308734954664333,0.0263907232600382,"01_normal_2_vs_04_t2d_obesity_3","species","Significant (p < 0.05)","No Change"
"Bacteroides fragilis",-0.29315611777082,0.0321686047231511,0.18085519140571,"01_normal_2_vs_04_t2d_obesity_3","species","Not Significant","No Change"
"Bacteroides eggerthii",0.0815848264767699,0.751925135899562,0.99770922950576,"01_normal_2_vs_04_t2d_obesity_3","species","Not Significant","No Change"
"Bacteroides nordii",-0.0645941906143254,0.697837640305562,0.970567807432402,"01_normal_2_vs_04_t2d_obesity_3","species","Not Significant","No Change"
"Phocaeicola vulgatus",-0.263757325054991,0.0991524450485022,0.43493706042994,"01_normal_2_vs_04_t2d_obesity_3","species","Not Significant","No Change"
"Phocaeicola dorei",-0.00454550033988567,0.790592965649769,0.999496363883131,"01_normal_2_vs_04_t2d_obesity_3","species","Not Significant","No Change"
"Alistipes senegalensis",0.292821857511532,0.0166411172910895,0.121999571755535,"01_normal_2_vs_04_t2d_obesity_3","species","Not Significant","No Change"
"Alistipes onderdonkii",0.232505869477997,0.158999068336023,0.620057373039444,"01_normal_2_vs_04_t2d_obesity_3","species","Not Significant","No Change"
"Alistipes finegoldii",0.478342652870036,0.015712745759624,0.111979096756477,"01_normal_2_vs_04_t2d_obesity_3","species","Not Significant","No Change"
"Alistipes communis",0.597200666832617,0.000770174761753945,0.0108259827032375,"01_normal_2_vs_04_t2d_obesity_3","species","Significant (p < 0.05)","No Change"
"Alistipes ihumii",0.842615564920814,8.28794449811923e-05,0.00188765715739074,"01_normal_2_vs_04_t2d_obesity_3","species","Highly Significant (p < 0.01)","No Change"
"Barnesiella viscericola",0.58253258940601,0.0034504280928705,0.0337714012888246,"01_normal_2_vs_04_t2d_obesity_3","species","Significant (p < 0.05)","No Change"
"Odoribacter splanchnicus",0.104614043075162,0.162116677343001,0.608671270053487,"01_normal_2_vs_04_t2d_obesity_3","species","Not Significant","No Change"
"Parabacteroides merdae",-0.040111217637864,0.763746799309021,0.99847490809169,"01_normal_2_vs_04_t2d_obesity_3","species","Not Significant","No Change"
"Parabacteroides distasonis",0.109544662863775,0.344618527327352,0.822055449843632,"01_normal_2_vs_04_t2d_obesity_3","species","Not Significant","No Change"
"Segatella copri",-0.307792713156394,0.0279299974048712,0.167428122693973,"01_normal_2_vs_04_t2d_obesity_3","species","Not Significant","No Change"
"Aureibaculum algae",0.257678978076683,0.220529584845238,0.634354226972725,"01_normal_2_vs_04_t2d_obesity_3","species","Not Significant","No Change"
"Spirosoma endbachense",0.295449081535852,0.208691419991008,0.590497451237333,"01_normal_2_vs_04_t2d_obesity_3","species","Not Significant","No Change"
"Sutterella wadsworthensis",-0.420930087250142,0.0171652944105877,0.106434872103527,"01_normal_2_vs_04_t2d_obesity_3","species","Not Significant","No Change"
"Duodenibacillus massiliensis",-0.335298053789206,0.0532270230014125,0.195039255437474,"01_normal_2_vs_04_t2d_obesity_3","species","Not Significant","No Change"
"Coprococcus comes",0.199860930032812,0.212969538338241,0.732213323656989,"01_normal_2_vs_04_t2d_obesity_3","species","Not Significant","No Change"
"Ruminococcus albus",0.285041660320764,0.0826455057146444,0.362300471842754,"01_normal_2_vs_04_t2d_obesity_3","species","Not Significant","No Change"
"Eubacterium ramulus",0.177686009053473,0.22183144825559,0.720539676447339,"01_normal_2_vs_04_t2d_obesity_3","species","Not Significant","No Change"
"Veillonella parvula",-0.0637885721929193,0.746510299231716,0.974632214565474,"01_normal_2_vs_04_t2d_obesity_3","species","Not Significant","No Change"
"Allobaculum mucilyticum",-0.446016006122145,0.0131577206572129,0.0837103648804373,"01_normal_2_vs_04_t2d_obesity_3","species","Not Significant","No Change"
"Longicatena caecimuris",-0.309220827252603,0.149550825648458,0.403250943756658,"01_normal_2_vs_04_t2d_obesity_3","species","Not Significant","No Change"
"Gordonibacter urolithinfaciens",-0.0401462646817101,0.76042051018366,0.95693352409865,"01_normal_2_vs_04_t2d_obesity_3","species","Not Significant","No Change"
"Turicimonas muris",0.146378720408666,0.478884610564975,0.956435114126916,"01_normal_2_vs_04_t2d_obesity_3","species","Not Significant","No Change"
"Haemophilus parainfluenzae",-0.206073464444549,0.304300937002895,0.712497955984552,"01_normal_2_vs_04_t2d_obesity_3","species","Not Significant","No Change"
"Coprococcus catus",-0.454474013763404,0.0117211970345436,0.0795250437298617,"01_normal_2_vs_04_t2d_obesity_3","species","Not Significant","No Change"
"Lachnoanaerobaculum umeaense",-0.0445389253935103,0.737338072980117,0.974118238916636,"01_normal_2_vs_04_t2d_obesity_3","species","Not Significant","No Change"
"Candidatus Epulonipiscium viviparus",0.454953949967861,0.0333885452084997,0.180194116651266,"01_normal_2_vs_04_t2d_obesity_3","species","Not Significant","No Change"
"Stomatobaculum sp. F0698",-0.022729166403411,0.734886956231572,0.972627994497572,"01_normal_2_vs_04_t2d_obesity_3","species","Not Significant","No Change"
"Vescimonas coprocola",0.226354975718873,0.132057011092156,0.56012388667736,"01_normal_2_vs_04_t2d_obesity_3","species","Not Significant","No Change"
"Vescimonas fastidiosa",-0.0466644025895929,0.447517471865206,0.956603474830577,"01_normal_2_vs_04_t2d_obesity_3","species","Not Significant","No Change"
"Clostridium perfringens",0.43470702767096,0.0470511744002341,0.235340160089574,"01_normal_2_vs_04_t2d_obesity_3","species","Not Significant","No Change"
"Aristaeella hokkaidonensis",0.336138801580568,0.0825033149480218,0.386046771877744,"01_normal_2_vs_04_t2d_obesity_3","species","Not Significant","No Change"
"Romboutsia sp. 13368",-0.228623875459184,0.340669459174495,0.687319398737177,"01_normal_2_vs_04_t2d_obesity_3","species","Not Significant","No Change"
"Christensenella sp. MSJ-20",0.0238054359069439,0.709721522902288,0.989973057866206,"01_normal_2_vs_04_t2d_obesity_3","species","Not Significant","No Change"
"Veillonella rogosae",0.084657075756717,0.464544909679133,0.88695243644226,"01_normal_2_vs_04_t2d_obesity_3","species","Not Significant","No Change"
"Bacteroides caccae",-0.143113594785053,0.2446158861487,0.750518746063436,"01_normal_2_vs_04_t2d_obesity_3","species","Not Significant","No Change"
"Bacteroides salyersiae",-0.196505822919783,0.400485105841711,0.784501829087195,"01_normal_2_vs_04_t2d_obesity_3","species","Not Significant","No Change"
"Bacteroides zhangwenhongii",-0.294697076534831,0.0628663283317705,0.264798746231024,"01_normal_2_vs_04_t2d_obesity_3","species","Not Significant","No Change"
"Alistipes shahii",-0.0299835725632379,0.579374032759294,0.973255844677433,"01_normal_2_vs_04_t2d_obesity_3","species","Not Significant","No Change"
"Butyricimonas paravirosa",-0.086810013183688,0.732058618159107,0.954998847238583,"01_normal_2_vs_04_t2d_obesity_3","species","Not Significant","No Change"
"Bacteroides helcogenes",-0.414470954484414,0.0236946852229855,0.135966250738152,"01_normal_2_vs_04_t2d_obesity_3","species","Not Significant","No Change"
"Phocaeicola coprophilus",-0.331897596484469,0.0380025307098321,0.202703754940764,"01_normal_2_vs_04_t2d_obesity_3","species","Not Significant","No Change"
"Akkermansia muciniphila",0.873087195398182,4.65625173074107e-05,0.00139930804750095,"01_normal_2_vs_04_t2d_obesity_3","species","Highly Significant (p < 0.01)","No Change"
"Bacteroides intestinalis",-0.357221735327095,0.0293525458492769,0.157390250951095,"01_normal_2_vs_04_t2d_obesity_3","species","Not Significant","No Change"
"Phocaeicola salanitronis",-0.271643786802294,0.068311706240911,0.317912463433849,"01_normal_2_vs_04_t2d_obesity_3","species","Not Significant","No Change"
"Parabacteroides goldsteinii",-0.490193717330875,0.00381955206159099,0.0333483143371116,"01_normal_2_vs_04_t2d_obesity_3","species","Significant (p < 0.05)","No Change"
"Paraprevotella clara",0.478033453844094,0.0125473512505795,0.0879849278101327,"01_normal_2_vs_04_t2d_obesity_3","species","Not Significant","No Change"
"Dellaglioa sp. P0083",-0.241836237619492,0.207384454056724,0.530419774799338,"01_normal_2_vs_04_t2d_obesity_3","species","Not Significant","No Change"
"Clostridium sp. M62/1",-0.211789640435896,0.423938245543532,0.77393113144263,"01_normal_2_vs_04_t2d_obesity_3","species","Not Significant","No Change"
"Clostridium sp. MD294",-0.0681341730957959,0.767625466247254,0.977386605268394,"01_normal_2_vs_04_t2d_obesity_3","species","Not Significant","No Change"
"Eisenbergiella porci",-0.341057963346841,0.0803109049998958,0.277972990639616,"01_normal_2_vs_04_t2d_obesity_3","species","Not Significant","No Change"
"Coprobacter fastidiosus",-0.229113338834066,0.209820075699672,0.597023838103677,"01_normal_2_vs_04_t2d_obesity_3","species","Not Significant","No Change"
"Megamonas funiformis",-0.53780687437291,0.0022371083531295,0.0216189824811645,"01_normal_2_vs_04_t2d_obesity_3","species","Significant (p < 0.05)","No Change"
"Acidaminococcus intestini",-0.0433882388355077,0.461204680099969,0.887026470035827,"01_normal_2_vs_04_t2d_obesity_3","species","Not Significant","No Change"
"Anaeromicropila herbilytica",-0.0575272880528945,0.809690310595302,0.99428341928886,"01_normal_2_vs_04_t2d_obesity_3","species","Not Significant","No Change"
"Alistipes dispar",-0.0608482534859524,0.805132377356314,0.986049202094114,"01_normal_2_vs_04_t2d_obesity_3","species","Not Significant","No Change"
"Aristaeella lactis",-0.205824985368428,0.341067656168474,0.724808761753263,"01_normal_2_vs_04_t2d_obesity_3","species","Not Significant","No Change"
"Anaeropeptidivorans aminofermentans",0.408420865679436,0.0661316727198844,0.282771277341199,"01_normal_2_vs_04_t2d_obesity_3","species","Not Significant","No Change"
"Coraliomargarita akajimensis",-0.221512796138757,0.355702038983209,0.739900627721894,"01_normal_2_vs_04_t2d_obesity_3","species","Not Significant","No Change"
"Petroclostridium sp. X23",0.177280647189033,0.46287903732401,0.85183011240444,"01_normal_2_vs_04_t2d_obesity_3","species","Not Significant","No Change"
"Caldinitratiruptor microaerophilus",0.0832665861738201,0.546797636954203,0.889387684037908,"01_normal_2_vs_04_t2d_obesity_3","species","Not Significant","No Change"
"Anoxybacillus gonensis",0.160569325304549,0.435327782988684,0.803847495228865,"01_normal_2_vs_04_t2d_obesity_3","species","Not Significant","No Change"
"Caldilinea aerophila",-0.352588214472507,0.104375269145105,0.308638397107581,"01_normal_2_vs_04_t2d_obesity_3","species","Not Significant","No Change"
"Alistipes sp. dk3624",-0.156511750641883,0.540535809988026,0.89431115296113,"01_normal_2_vs_04_t2d_obesity_3","species","Not Significant","No Change"
"Alistipes indistinctus",0.198449309062857,0.285085089983227,0.781724981214342,"01_normal_2_vs_04_t2d_obesity_3","species","Not Significant","No Change"
"Butyricimonas faecihominis",0.565317062870188,0.0107304332297581,0.0757651641589921,"01_normal_2_vs_04_t2d_obesity_3","species","Not Significant","No Change"
"Butyricimonas virosa",0.143254472331862,0.441104142509968,0.890996400989962,"01_normal_2_vs_04_t2d_obesity_3","species","Not Significant","No Change"
"Salmonella enterica",0.0328704052832485,0.320550556941586,0.801102907069175,"01_normal_2_vs_04_t2d_obesity_3","species","Not Significant","No Change"
"Escherichia coli",-0.212184381130709,0.272155271739415,0.668392340884827,"01_normal_2_vs_04_t2d_obesity_3","species","Not Significant","No Change"
"Klebsiella pneumoniae",-0.259073406060427,0.174225878808081,0.501443833138831,"01_normal_2_vs_04_t2d_obesity_3","species","Not Significant","No Change"
"Wansuia hejianensis",-0.164404916340064,0.434214678371501,0.766858552829618,"01_normal_2_vs_04_t2d_obesity_3","species","Not Significant","No Change"
"Ruthenibacterium sp. TH_2024_36131",0.133771626367261,0.340098601772874,0.775008864403789,"01_normal_2_vs_04_t2d_obesity_3","species","Not Significant","No Change"
"Thomasclavelia ramosa",-0.399539450225974,0.0310199902385814,0.138972285821531,"01_normal_2_vs_04_t2d_obesity_3","species","Not Significant","No Change"
"Dialister succinatiphilus",-0.439261471988935,0.0063479609125274,0.0481039686856888,"01_normal_2_vs_04_t2d_obesity_3","species","Significant (p < 0.05)","No Change"
"Parabacteroides sp. AD58",-0.0822490179571373,0.814550015026422,0.995676450450936,"01_normal_2_vs_04_t2d_obesity_3","species","Not Significant","No Change"
"Thermocaproicibacter melissae",-0.0607289832785999,0.710481265218389,0.94564329262646,"01_normal_2_vs_04_t2d_obesity_3","species","Not Significant","No Change"
"Christensenella massiliensis",-0.186596033789114,0.365829027173376,0.725278469841721,"01_normal_2_vs_04_t2d_obesity_3","species","Not Significant","No Change"
"Phascolarctobacterium succinatutens",-0.180555034935945,0.333517863118694,0.819614109382922,"01_normal_2_vs_04_t2d_obesity_3","species","Not Significant","No Change"
"Bacillus sp. ZHX3",-0.548234612831847,0.0017380246088189,0.0153801410154132,"01_normal_2_vs_04_t2d_obesity_3","species","Significant (p < 0.05)","No Change"
"Prevotella sp. Rep29",-0.120744762620655,0.862762777966965,0.997003710473966,"01_normal_2_vs_04_t2d_obesity_3","species","Not Significant","No Change"
"Prevotella bivia",-0.29023715647922,0.0766570554996523,0.324251090396013,"01_normal_2_vs_04_t2d_obesity_3","species","Not Significant","No Change"
"Vibrio tapetis",-0.357257726853309,0.0872930184462938,0.255773900844905,"01_normal_2_vs_04_t2d_obesity_3","species","Not Significant","No Change"
"Clostridium thermarum",-0.191934742880525,0.317537409457497,0.704520977338757,"01_normal_2_vs_04_t2d_obesity_3","species","Not Significant","No Change"
