"baseMean","log2FoldChange","lfcSE","stat","pvalue","padj","taxon","comparison","level","significance","direction"
2612.38199142794,0.086237611651088,0.37218941367009,0.231703558681896,0.816768267170172,0.984114490183641,"Blautia obeum","03_diabetic_2_vs_01_normal_2","species","Not Significant","No Change"
39.2107372897717,-0.126828344975003,0.498875907826831,-0.254228241903851,0.799319233308022,0.971972187702554,"Blautia hydrogenotrophica","03_diabetic_2_vs_01_normal_2","species","Not Significant","No Change"
154.29914596925,0.0140965328545508,0.577138453030496,0.02442487202253,0.980513709236516,0.984114490183641,"Blautia argi","03_diabetic_2_vs_01_normal_2","species","Not Significant","No Change"
166.999627015445,-0.829033246262626,0.56609212857211,-1.46448467381758,0.143061567632398,0.433087600975462,"Blautia luti","03_diabetic_2_vs_01_normal_2","species","Not Significant","No Change"
145.475414601751,3.2431761748035,0.593163248474271,5.46759460088865,4.56183753113106e-08,2.37763635333663e-06,"Blautia sp. SC05B48","03_diabetic_2_vs_01_normal_2","species","Highly Significant (p < 0.01)","Enriched in 03_diabetic_2"
1122.26949109607,-0.563293985569992,0.407093064411892,-1.38369831081194,0.166450851018802,0.451795167051033,"Anaerostipes hadrus","03_diabetic_2_vs_01_normal_2","species","Not Significant","No Change"
1792.13585911431,0.0149200328388499,0.507731968715889,0.029385647857834,0.976557019212929,0.984114490183641,"Dorea longicatena","03_diabetic_2_vs_01_normal_2","species","Not Significant","No Change"
380.695787759018,0.418481579810853,0.504469273989995,0.829548203205639,0.40679427246905,0.727443875474066,"Dorea formicigenerans","03_diabetic_2_vs_01_normal_2","species","Not Significant","No Change"
716.207066179522,0.10310427095168,0.47991569345926,0.214838298386325,0.829893392211115,0.984114490183641,"Anaerobutyricum hallii","03_diabetic_2_vs_01_normal_2","species","Not Significant","No Change"
288.957140882659,0.049785509547651,0.674371689774025,0.0738250289900717,0.941149611109988,0.984114490183641,"Roseburia intestinalis","03_diabetic_2_vs_01_normal_2","species","Not Significant","No Change"
43.4369816979777,-3.25110694844855,0.600092816916367,-5.41767349450151,6.03795491971381e-08,2.37763635333663e-06,"Roseburia sp. 499","03_diabetic_2_vs_01_normal_2","species","Highly Significant (p < 0.01)","Enriched in 01_normal_2"
1836.51311336378,-0.0101185365905573,0.38116224941553,-0.0265465339394785,0.978821417945708,0.984114490183641,"[Ruminococcus] torques","03_diabetic_2_vs_01_normal_2","species","Not Significant","No Change"
1149.27968331194,0.653932394246197,0.647587701256814,1.00979742662974,0.312592353317471,0.688315782813243,"Mediterraneibacter gnavus","03_diabetic_2_vs_01_normal_2","species","Not Significant","No Change"
73.0256507510501,0.0534408994118865,0.534690813791014,0.0999472929654148,0.920386169939495,0.984114490183641,"Mediterraneibacter glycyrrhizinilyticus","03_diabetic_2_vs_01_normal_2","species","Not Significant","No Change"
229.340396164205,-0.44594290345636,0.633997444633256,-0.703382808923342,0.481817216982603,0.808840019387748,"[Ruminococcus] lactaris","03_diabetic_2_vs_01_normal_2","species","Not Significant","No Change"
1018.3391361743,0.136970927957359,0.378108083002098,0.362253371760369,0.717162699102352,0.942138156135977,"Claveliimonas bilis","03_diabetic_2_vs_01_normal_2","species","Not Significant","No Change"
1680.54253272292,-0.157208041789734,0.440984154684252,-0.356493629351141,0.721470922180426,0.942138156135977,"Lachnospira eligens","03_diabetic_2_vs_01_normal_2","species","Not Significant","No Change"
145.938649548673,-0.660961812899114,0.490494360201726,-1.34754212592226,0.177805695586046,0.465973547053086,"Chakrabartyella piscis","03_diabetic_2_vs_01_normal_2","species","Not Significant","No Change"
165.545505499599,0.154050372086616,0.519547129229116,0.296508946772915,0.766841435467464,0.958249850325832,"Lacrimispora sp. JR3","03_diabetic_2_vs_01_normal_2","species","Not Significant","No Change"
10.3768428656169,0.874010919439055,0.484996551316572,1.80209718412732,0.0715301166712856,0.286120466685142,"Sellimonas catena","03_diabetic_2_vs_01_normal_2","species","Not Significant","No Change"
11.0769122726811,1.20806134051554,0.523153506183945,2.30919094727577,0.020932987695584,0.102639165475121,"Sellimonas intestinalis","03_diabetic_2_vs_01_normal_2","species","Not Significant","No Change"
987.063586438799,0.592662603910617,0.548328729441663,1.08085272955531,0.27976262858604,0.628177661986323,"Simiaoa sunii","03_diabetic_2_vs_01_normal_2","species","Not Significant","No Change"
517.175300583168,-0.0241975271563256,0.337908251366388,-0.0716097551879212,0.942912476491663,0.984114490183641,"[Clostridium] symbiosum","03_diabetic_2_vs_01_normal_2","species","Not Significant","No Change"
19.4920691432839,0.0134793157945174,0.546646367879796,0.0246582005964803,0.980327596025413,0.984114490183641,"[Clostridium] scindens","03_diabetic_2_vs_01_normal_2","species","Not Significant","No Change"
24.9990711029794,-0.542755359521788,0.546723542550259,-0.992741883749947,0.320835758124795,0.688315782813243,"Agathobacter rectalis","03_diabetic_2_vs_01_normal_2","species","Not Significant","No Change"
22.687854263683,0.809680140237294,0.512000903186017,1.58140373424913,0.113785754190515,0.384342991932406,"Hungatella hathewayi","03_diabetic_2_vs_01_normal_2","species","Not Significant","No Change"
67.9043222259994,0.284905341567854,0.52532362812606,0.542342522425979,0.587582567439697,0.875613237753274,"[Clostridium] colinum","03_diabetic_2_vs_01_normal_2","species","Not Significant","No Change"
4.26017527245212,0.00767800029371176,0.385618919973935,0.0199108495356782,0.984114490183641,0.984114490183641,"Marvinbryantia formatexigens","03_diabetic_2_vs_01_normal_2","species","Not Significant","No Change"
7582.71376777035,0.15088102975307,0.303956588633232,0.496390061592414,0.619619235591658,0.884630993662734,"Faecalibacterium prausnitzii","03_diabetic_2_vs_01_normal_2","species","Not Significant","No Change"
515.772341251571,-0.487657109882839,0.644597496423016,-0.756529636849249,0.449331710256305,0.782082781738564,"Faecalibacterium taiwanense","03_diabetic_2_vs_01_normal_2","species","Not Significant","No Change"
805.065646138381,1.43981717024072,0.603902762118229,2.38418709195909,0.0171168977159632,0.0929203018866573,"Ruminococcus bicirculans (ex Wegman et al. 2014)","03_diabetic_2_vs_01_normal_2","species","Not Significant","No Change"
291.336185890899,0.270025244083461,0.538501429902827,0.501438304689716,0.616062687454905,0.884630993662734,"Ruminococcus champanellensis","03_diabetic_2_vs_01_normal_2","species","Not Significant","No Change"
1315.65550569392,0.276528627873136,0.432302904747851,0.639664052302464,0.522391030701202,0.819304927996316,"Solibaculum mannosilyticum","03_diabetic_2_vs_01_normal_2","species","Not Significant","No Change"
179.354012464458,-1.13504872183981,0.451251557485487,-2.51533474624365,0.011891941257331,0.0821625032324689,"Lawsonibacter asaccharolyticus","03_diabetic_2_vs_01_normal_2","species","Not Significant","No Change"
346.87856486192,-0.394612143962744,0.472093723364812,-0.835876700817321,0.403224271076983,0.727443875474066,"Paludicola sp. MB14-C6","03_diabetic_2_vs_01_normal_2","species","Not Significant","No Change"
219.405671192326,-0.662946097378924,0.437666456058747,-1.51472905497226,0.129841033263748,0.419911426725313,"Flavonifractor plautii","03_diabetic_2_vs_01_normal_2","species","Not Significant","No Change"
47.6073600656115,0.554014838398208,0.457583484065766,1.21074046090042,0.225994890274244,0.545257513042621,"Anaerotruncus colihominis","03_diabetic_2_vs_01_normal_2","species","Not Significant","No Change"
74.8871542962868,-0.262019615510194,0.509105090472976,-0.514667050896641,0.606785701721694,0.884630993662734,"Ruthenibacterium lactatiformans","03_diabetic_2_vs_01_normal_2","species","Not Significant","No Change"
210.512362679022,0.165145068559753,0.439153893753287,0.376052839127347,0.70687761416513,0.942138156135977,"Oscillibacter hominis","03_diabetic_2_vs_01_normal_2","species","Not Significant","No Change"
33.0715436189441,-1.67708764532751,0.503111843254366,-3.33342907310492,0.000857825398633746,0.0086926307061553,"Pusillibacter faecalis","03_diabetic_2_vs_01_normal_2","species","Highly Significant (p < 0.01)","Enriched in 01_normal_2"
6.88107736246526,-0.785666910744483,0.469556192081119,-1.67321169222012,0.0942856294115325,0.348354124215087,"Flintibacter sp. KGMB00164","03_diabetic_2_vs_01_normal_2","species","Not Significant","No Change"
50.164871361043,-0.141642182694142,0.482557270478216,-0.293524087936286,0.769121590393102,0.958249850325832,"Intestinimonas butyriciproducens","03_diabetic_2_vs_01_normal_2","species","Not Significant","No Change"
10.8747025482406,-0.0299934882372135,0.514758149144578,-0.0582671460122709,0.953535836720512,0.984114490183641,"Massilistercora timonensis","03_diabetic_2_vs_01_normal_2","species","Not Significant","No Change"
140.456782143244,-0.449201752068196,0.519536132109213,-0.864620811346704,0.387246946072446,0.714974633756161,"Eubacterium ventriosum","03_diabetic_2_vs_01_normal_2","species","Not Significant","No Change"
63.3251609411932,-0.507649632102851,0.526667628378961,-0.963889946426656,0.335101104790658,0.688315782813243,"Clostridium sp. C45","03_diabetic_2_vs_01_normal_2","species","Not Significant","No Change"
21.0676756127962,2.45941275706422,0.513964190038275,4.78518310172751,1.70831524615297e-06,4.32773195692087e-05,"Clostridium thermosuccinogenes","03_diabetic_2_vs_01_normal_2","species","Highly Significant (p < 0.01)","Enriched in 03_diabetic_2"
57.5780131392042,-1.42540669677904,0.512221824010439,-2.78279181003812,0.00538933762655911,0.0409589659618492,"Acutalibacter muris","03_diabetic_2_vs_01_normal_2","species","Significant (p < 0.05)","Enriched in 01_normal_2"
316.253362716076,0.842058371486497,0.56403808481808,1.49291048628053,0.135460619844653,0.428958629508068,"Intestinibacter bartlettii","03_diabetic_2_vs_01_normal_2","species","Not Significant","No Change"
101.273585940172,0.0136724785559156,0.555673807356441,0.0246052240989384,0.980369852334037,0.984114490183641,"Clostridioides difficile","03_diabetic_2_vs_01_normal_2","species","Not Significant","No Change"
82.0372019785475,1.43115296016854,0.596170064708037,2.40057836662667,0.0163691853231907,0.0929203018866573,"Terrisporobacter petrolearius","03_diabetic_2_vs_01_normal_2","species","Not Significant","No Change"
16.3192766308506,0.0135346679367643,0.549182425574895,0.0246451221060032,0.980338027980789,0.984114490183641,"Emergencia sp. JLR.KK010","03_diabetic_2_vs_01_normal_2","species","Not Significant","No Change"
18.3231017510354,0.271200203220443,0.49914477622536,0.543329743469054,0.586902788909701,0.875613237753274,"Emergencia timonensis","03_diabetic_2_vs_01_normal_2","species","Not Significant","No Change"
27.1987016744439,1.10299655715224,0.539476610501043,2.04456789355117,0.0408974775219746,0.182835781862945,"Monoglobus pectinilyticus","03_diabetic_2_vs_01_normal_2","species","Not Significant","No Change"
822.675619713226,-0.162842847523316,0.540944613773026,-0.301034234147386,0.763388389530081,0.958249850325832,"Faecalibacillus intestinalis","03_diabetic_2_vs_01_normal_2","species","Not Significant","No Change"
11.9085219589845,0.0120336502598592,0.490163621981905,0.0245502720320265,0.980413684499052,0.984114490183641,"Thomasclavelia spiroformis","03_diabetic_2_vs_01_normal_2","species","Not Significant","No Change"
9.19040778803384,-0.959880983715674,0.418288273437369,-2.29478339382469,0.0217455407881793,0.103291318743852,"Holdemania massiliensis","03_diabetic_2_vs_01_normal_2","species","Not Significant","No Change"
2330.63721256988,0.431751382058015,0.649557649698516,0.664685239652566,0.506251836561641,0.818795997106259,"Phascolarctobacterium faecium","03_diabetic_2_vs_01_normal_2","species","Not Significant","No Change"
582.444256404421,2.2584870919735,0.586793936377931,3.8488589468295,0.000118669311685043,0.00150314461467722,"Streptococcus thermophilus","03_diabetic_2_vs_01_normal_2","species","Highly Significant (p < 0.01)","Enriched in 03_diabetic_2"
76.0734926809659,1.63684273746576,0.46808041612941,3.49692634227453,0.000470651765077729,0.00510993344941534,"Enterococcus faecalis","03_diabetic_2_vs_01_normal_2","species","Highly Significant (p < 0.01)","Enriched in 03_diabetic_2"
1065.71009525901,0.236029923926489,0.609735434045446,0.387102193422625,0.698680553848641,0.939818090132685,"Bifidobacterium longum","03_diabetic_2_vs_01_normal_2","species","Not Significant","No Change"
13.0723801044137,0.0125301306072314,0.50767484796311,0.0246814090899022,0.980309083960904,0.984114490183641,"Adlercreutzia equolifaciens","03_diabetic_2_vs_01_normal_2","species","Not Significant","No Change"
8.32366011010232,0.0130618412370713,0.528492594563551,0.024715277700075,0.980282068960695,0.984114490183641,"Gordonibacter pamelaeae","03_diabetic_2_vs_01_normal_2","species","Not Significant","No Change"
5142.96895330621,0.217244763529707,0.441572573249161,0.491979748495669,0.622733660012582,0.884630993662734,"Bacteroides uniformis","03_diabetic_2_vs_01_normal_2","species","Not Significant","No Change"
660.016008395919,-0.487754985471564,0.740713668062775,-0.658493297075526,0.510221202749663,0.818795997106259,"Bacteroides stercoris","03_diabetic_2_vs_01_normal_2","species","Not Significant","No Change"
45.5789291187496,0.200538364755873,0.570489589152151,0.351519762269298,0.725198449130982,0.942138156135977,"Bacteroides sp. MSB163","03_diabetic_2_vs_01_normal_2","species","Not Significant","No Change"
2086.48001156289,-0.0282813818755777,0.736884536391589,-0.038379665305595,0.969384973770682,0.984114490183641,"Bacteroides fragilis","03_diabetic_2_vs_01_normal_2","species","Not Significant","No Change"
317.631261308078,-1.03132944296729,0.624315524246151,-1.65193624523849,0.0985475482976892,0.348354124215087,"Bacteroides eggerthii","03_diabetic_2_vs_01_normal_2","species","Not Significant","No Change"
48.1336207022729,1.22387623920897,0.58242831847282,2.10133367556386,0.035611685602461,0.164029582168911,"Bacteroides nordii","03_diabetic_2_vs_01_normal_2","species","Not Significant","No Change"
7969.69233375868,0.421443945946454,0.462320963317468,0.911583032969793,0.361988257442894,0.694451656656768,"Phocaeicola vulgatus","03_diabetic_2_vs_01_normal_2","species","Not Significant","No Change"
1700.35335926325,0.566644968690844,0.754741193504963,0.750780497430367,0.452784768374958,0.782082781738564,"Phocaeicola dorei","03_diabetic_2_vs_01_normal_2","species","Not Significant","No Change"
1163.92723703905,-0.327705159189559,0.542715608287414,-0.603824828667929,0.545960110348904,0.829859367730334,"Alistipes senegalensis","03_diabetic_2_vs_01_normal_2","species","Not Significant","No Change"
404.545875642961,-2.26142374573133,0.607055967656625,-3.72523105976694,0.000195136398801789,0.00228159481675938,"Alistipes onderdonkii","03_diabetic_2_vs_01_normal_2","species","Highly Significant (p < 0.01)","Enriched in 01_normal_2"
276.732408375205,-0.269216299159053,0.612149856194499,-0.439788225766592,0.660090496140592,0.910872996673598,"Alistipes finegoldii","03_diabetic_2_vs_01_normal_2","species","Not Significant","No Change"
103.019809087587,-1.4432539693905,0.534790340702461,-2.69872856621671,0.00696049219209318,0.0503807053903887,"Alistipes communis","03_diabetic_2_vs_01_normal_2","species","Not Significant","No Change"
66.7980261555676,-1.13774053656552,0.490139387351603,-2.32125914775618,0.020272861640588,0.102639165475121,"Alistipes ihumii","03_diabetic_2_vs_01_normal_2","species","Not Significant","No Change"
200.139464877446,0.522866656501865,0.608786374319339,0.858867212799338,0.390413780274746,0.714974633756161,"Barnesiella viscericola","03_diabetic_2_vs_01_normal_2","species","Not Significant","No Change"
194.859288474361,-0.158470895936077,0.483402743551155,-0.327823741280251,0.743044935464471,0.957142628733895,"Odoribacter splanchnicus","03_diabetic_2_vs_01_normal_2","species","Not Significant","No Change"
1451.20677814245,-0.351865464750135,0.536282919601223,-0.65611909663612,0.511747498191412,0.818795997106259,"Parabacteroides merdae","03_diabetic_2_vs_01_normal_2","species","Not Significant","No Change"
66.7565202630643,-0.700981126249869,0.600914423627902,-1.16652404849568,0.243402631308399,0.569187691675025,"Parabacteroides distasonis","03_diabetic_2_vs_01_normal_2","species","Not Significant","No Change"
10160.6150955414,-0.144993738979455,0.816411776368614,-0.177598784310026,0.859038079345977,0.984114490183641,"Segatella copri","03_diabetic_2_vs_01_normal_2","species","Not Significant","No Change"
74.9782000728526,0.359279173582651,0.519935556814072,0.691007123621531,0.489561064366269,0.808840019387748,"Aureibaculum algae","03_diabetic_2_vs_01_normal_2","species","Not Significant","No Change"
8.40863227300283,-0.0253687508023695,0.425875012695922,-0.0595685354765882,0.952499278902356,0.984114490183641,"Spirosoma endbachense","03_diabetic_2_vs_01_normal_2","species","Not Significant","No Change"
236.996293401727,0.260942232516871,0.66048319731559,0.395077775751785,0.692785489913174,0.939818090132685,"Sutterella wadsworthensis","03_diabetic_2_vs_01_normal_2","species","Not Significant","No Change"
36.511315880731,1.14259944023661,0.600655519904413,1.90225412465774,0.0571379399845345,0.234728834531061,"Duodenibacillus massiliensis","03_diabetic_2_vs_01_normal_2","species","Not Significant","No Change"
765.01636107744,-0.678809656020585,0.538252513021356,-1.26113606457728,0.207259828933504,0.533957525388011,"Coprococcus comes","03_diabetic_2_vs_01_normal_2","species","Not Significant","No Change"
139.295790097842,-0.283647471960682,0.590724131570024,-0.480169095524853,0.631107159993473,0.888224891842666,"Ruminococcus albus","03_diabetic_2_vs_01_normal_2","species","Not Significant","No Change"
307.053796910366,-0.946574753146463,0.492700204905188,-1.92119821287392,0.0547067233959779,0.230983943227462,"Eubacterium ramulus","03_diabetic_2_vs_01_normal_2","species","Not Significant","No Change"
21.6221829291698,2.34975249300171,0.581963892062651,4.03762591640092,5.39948642682744e-05,0.000820721936877771,"Veillonella parvula","03_diabetic_2_vs_01_normal_2","species","Highly Significant (p < 0.01)","Enriched in 03_diabetic_2"
196.956885631645,1.51576156416898,0.61486058889774,2.46521177570722,0.0136932292129973,0.0867237850156494,"Allobaculum mucilyticum","03_diabetic_2_vs_01_normal_2","species","Not Significant","No Change"
28.0855431973965,0.32501608517608,0.530643044351477,0.612494762035932,0.540210462491005,0.829746563169677,"Longicatena caecimuris","03_diabetic_2_vs_01_normal_2","species","Not Significant","No Change"
16.539532727889,0.0136400519068525,0.554108846108454,0.0246161959020283,0.980361100752509,0.984114490183641,"Gordonibacter urolithinfaciens","03_diabetic_2_vs_01_normal_2","species","Not Significant","No Change"
621.802300896741,-0.0300780829372669,0.655046634791456,-0.0459174680698004,0.963376031355212,0.984114490183641,"Turicimonas muris","03_diabetic_2_vs_01_normal_2","species","Not Significant","No Change"
36.712048375988,2.34155713361202,0.607965750430095,3.85146224430492,0.000117414634363372,0.00150314461467722,"Haemophilus parainfluenzae","03_diabetic_2_vs_01_normal_2","species","Highly Significant (p < 0.01)","Enriched in 03_diabetic_2"
165.783522362774,0.979851064167432,0.591019632976846,1.65789934799986,0.0973377838009462,0.348354124215087,"Coprococcus catus","03_diabetic_2_vs_01_normal_2","species","Not Significant","No Change"
64.1727074884569,-0.855995782959295,0.530772832989748,-1.61273473274362,0.106802151197948,0.368952885956547,"Lachnoanaerobaculum umeaense","03_diabetic_2_vs_01_normal_2","species","Not Significant","No Change"
25.9801008526341,-0.596237003473097,0.502637718399178,-1.18621619836255,0.235536930888427,0.559400210860013,"Candidatus Epulonipiscium viviparus","03_diabetic_2_vs_01_normal_2","species","Not Significant","No Change"
10.6992396082088,-0.591446611271183,0.477539867601352,-1.23852823899704,0.215520257941319,0.539040145572535,"Stomatobaculum sp. F0698","03_diabetic_2_vs_01_normal_2","species","Not Significant","No Change"
552.676707155005,0.556525203507674,0.584430999084436,0.952251342552877,0.340969528104414,0.691031576958279,"Vescimonas coprocola","03_diabetic_2_vs_01_normal_2","species","Not Significant","No Change"
525.093345276139,0.818765077872448,0.531273984020137,1.54113527577028,0.123283866018878,0.407372774671076,"Vescimonas fastidiosa","03_diabetic_2_vs_01_normal_2","species","Not Significant","No Change"
183.930068854024,0.0147379692752584,0.61179999534592,0.0240895217184913,0.980781201356005,0.984114490183641,"Clostridium perfringens","03_diabetic_2_vs_01_normal_2","species","Not Significant","No Change"
290.573958238786,-0.952437451329115,0.649244014124353,-1.4669945823277,0.142377529133176,0.433087600975462,"Aristaeella hokkaidonensis","03_diabetic_2_vs_01_normal_2","species","Not Significant","No Change"
29.0582541581662,0.0134759601252857,0.546482645891846,0.024659447516935,0.980326601429265,0.984114490183641,"Romboutsia sp. 13368","03_diabetic_2_vs_01_normal_2","species","Not Significant","No Change"
81.4576184419654,0.383762571470258,0.547618990151159,0.700783899704296,0.483437887255392,0.808840019387748,"Christensenella sp. MSJ-20","03_diabetic_2_vs_01_normal_2","species","Not Significant","No Change"
25.4231323905501,1.70824195671193,0.578110882220481,2.95486905583008,0.00312801782770362,0.0250241426216289,"Veillonella rogosae","03_diabetic_2_vs_01_normal_2","species","Significant (p < 0.05)","Enriched in 03_diabetic_2"
1359.13644713767,1.48165275887151,0.59591228073239,2.4863605043523,0.012905715484459,0.0852899458103376,"Bacteroides caccae","03_diabetic_2_vs_01_normal_2","species","Not Significant","No Change"
31.4280191050565,1.80466428402989,0.57626444296415,3.13165996282397,0.00173821066202959,0.0155416482722646,"Bacteroides salyersiae","03_diabetic_2_vs_01_normal_2","species","Significant (p < 0.05)","Enriched in 03_diabetic_2"
59.7979664370341,-3.07699509407584,0.654164527982973,-4.70370214594687,2.55485892885251e-06,5.54769367407974e-05,"Bacteroides zhangwenhongii","03_diabetic_2_vs_01_normal_2","species","Highly Significant (p < 0.01)","Enriched in 01_normal_2"
178.959425905735,0.493576901383269,0.537337863648083,0.918559689861212,0.358325924479964,0.694451656656768,"Alistipes shahii","03_diabetic_2_vs_01_normal_2","species","Not Significant","No Change"
10.4026412087558,0.471211648767896,0.520714392918004,0.904933021204384,0.365500871924615,0.694451656656768,"Butyricimonas paravirosa","03_diabetic_2_vs_01_normal_2","species","Not Significant","No Change"
28.5984443898696,-0.149277459426989,0.549670252322596,-0.271576383834174,0.785947760155621,0.96502933152203,"Bacteroides helcogenes","03_diabetic_2_vs_01_normal_2","species","Not Significant","No Change"
419.849977654507,-0.201936167648905,0.748273823228301,-0.269869346461547,0.787260770452182,0.96502933152203,"Phocaeicola coprophilus","03_diabetic_2_vs_01_normal_2","species","Not Significant","No Change"
4341.09082215265,0.597814619826786,0.620065630939829,0.96411507104608,0.334988237541515,0.688315782813243,"Akkermansia muciniphila","03_diabetic_2_vs_01_normal_2","species","Not Significant","No Change"
150.824541417488,1.00856520920487,0.70293845828585,1.43478450683194,0.151348514186048,0.434056116156214,"Bacteroides intestinalis","03_diabetic_2_vs_01_normal_2","species","Not Significant","No Change"
816.491439088302,0.508787841434683,0.729341244457203,0.697599162670881,0.485427905395335,0.808840019387748,"Phocaeicola salanitronis","03_diabetic_2_vs_01_normal_2","species","Not Significant","No Change"
92.9120195812263,0.875888489812561,0.602331126568202,1.45416441418686,0.145900728433084,0.433087600975462,"Parabacteroides goldsteinii","03_diabetic_2_vs_01_normal_2","species","Not Significant","No Change"
462.572095981742,0.572757615106738,0.662224327940852,0.864899688731905,0.387093848460097,0.714974633756161,"Paraprevotella clara","03_diabetic_2_vs_01_normal_2","species","Not Significant","No Change"
16.8690900619411,0.655848375244988,0.534570602304939,1.22686951436747,0.219871638325639,0.539040145572535,"Dellaglioa sp. P0083","03_diabetic_2_vs_01_normal_2","species","Not Significant","No Change"
19.1095903079768,1.7109475956308,0.568254754466429,3.01088126792237,0.00260490688900846,0.0219969915071826,"Clostridium sp. M62/1","03_diabetic_2_vs_01_normal_2","species","Significant (p < 0.05)","Enriched in 03_diabetic_2"
24.151017517711,-0.362871830112043,0.592765731845831,-0.612167354853807,0.540427037853935,0.829746563169677,"Clostridium sp. MD294","03_diabetic_2_vs_01_normal_2","species","Not Significant","No Change"
13.7279843314003,-0.0326733056665105,0.513420686544461,-0.0636384674844632,0.949258101181883,0.984114490183641,"Eisenbergiella porci","03_diabetic_2_vs_01_normal_2","species","Not Significant","No Change"
13.1985091296858,-0.704826344370179,0.516184240224323,-1.36545498573121,0.172110091907987,0.458960245087965,"Coprobacter fastidiosus","03_diabetic_2_vs_01_normal_2","species","Not Significant","No Change"
617.061562296331,-0.110364668105042,0.73890171133738,-0.149363124231079,0.881267107881458,0.984114490183641,"Megamonas funiformis","03_diabetic_2_vs_01_normal_2","species","Not Significant","No Change"
402.359968704109,0.015768026879066,0.690167967965858,0.0228466512659799,0.981772595394086,0.984114490183641,"Acidaminococcus intestini","03_diabetic_2_vs_01_normal_2","species","Not Significant","No Change"
187.596483152231,-1.07562207154532,0.640165035107182,-1.68022621130071,0.0929133113925763,0.348354124215087,"Anaeromicropila herbilytica","03_diabetic_2_vs_01_normal_2","species","Not Significant","No Change"
26.1147237174589,-0.367121981551246,0.574557549029345,-0.638964681904292,0.522845907997649,0.819304927996316,"Alistipes dispar","03_diabetic_2_vs_01_normal_2","species","Not Significant","No Change"
11.6338451999581,0.228927734033933,0.528974240066073,0.432776715186241,0.665176990991904,0.910872996673598,"Aristaeella lactis","03_diabetic_2_vs_01_normal_2","species","Not Significant","No Change"
36.0874497420583,2.36548428051372,0.552208193085424,4.28368197019451,1.83825620788637e-05,0.000310461048443031,"Anaeropeptidivorans aminofermentans","03_diabetic_2_vs_01_normal_2","species","Highly Significant (p < 0.01)","Enriched in 03_diabetic_2"
6.34637964756057,-0.930770749080891,0.480816336034169,-1.93581348911312,0.0528905482187716,0.229696095121522,"Coraliomargarita akajimensis","03_diabetic_2_vs_01_normal_2","species","Not Significant","No Change"
7.77528432504481,0.42316001802252,0.456115537309211,0.927747431098033,0.353538598520694,0.694451656656768,"Petroclostridium sp. X23","03_diabetic_2_vs_01_normal_2","species","Not Significant","No Change"
10.8345740189636,0.753735343987035,0.521235305530955,1.44605581392696,0.148161547702132,0.433087600975462,"Caldinitratiruptor microaerophilus","03_diabetic_2_vs_01_normal_2","species","Not Significant","No Change"
7.15451355037753,0.577628985826761,0.46792514946558,1.23444740357827,0.2170362342737,0.539040145572535,"Anoxybacillus gonensis","03_diabetic_2_vs_01_normal_2","species","Not Significant","No Change"
5.30673965169083,1.98456062984335,0.390666395530831,5.07993687848877,3.77560297478503e-07,1.14778330433465e-05,"Caldilinea aerophila","03_diabetic_2_vs_01_normal_2","species","Highly Significant (p < 0.01)","Enriched in 03_diabetic_2"
9.34439749150478,-0.671331740042581,0.477364223112192,-1.40633023494264,0.159626086019328,0.44114845590796,"Alistipes sp. dk3624","03_diabetic_2_vs_01_normal_2","species","Not Significant","No Change"
59.1714865002785,-0.595687792558949,0.552578144419799,-1.07801547812647,0.281026848783355,0.628177661986323,"Alistipes indistinctus","03_diabetic_2_vs_01_normal_2","species","Not Significant","No Change"
29.0910015695409,0.0137907365450968,0.561387193315778,0.0245654633901482,0.980401567203403,0.984114490183641,"Butyricimonas faecihominis","03_diabetic_2_vs_01_normal_2","species","Not Significant","No Change"
41.4871738826235,0.652123341567843,0.6026969912969,1.08200862288127,0.279248696427509,0.628177661986323,"Butyricimonas virosa","03_diabetic_2_vs_01_normal_2","species","Not Significant","No Change"
535.044200461833,1.84473855980043,0.773256350109538,2.38567528031177,0.0170477962816835,0.0929203018866573,"Salmonella enterica","03_diabetic_2_vs_01_normal_2","species","Not Significant","No Change"
99.2870232002291,2.00326443597033,0.627143904511307,3.19426597557597,0.00140186894201031,0.0133177549490979,"Escherichia coli","03_diabetic_2_vs_01_normal_2","species","Significant (p < 0.05)","Enriched in 03_diabetic_2"
26.4534638296223,4.53042137465649,0.567420805800809,7.98423555911497,1.4139578619283e-15,2.14921595013102e-13,"Klebsiella pneumoniae","03_diabetic_2_vs_01_normal_2","species","Highly Significant (p < 0.01)","Enriched in 03_diabetic_2"
5.38305226671084,0.453786495225826,0.460302673153191,0.985843710437901,0.324209812584889,0.688315782813243,"Wansuia hejianensis","03_diabetic_2_vs_01_normal_2","species","Not Significant","No Change"
15.5091828962842,-0.466634407611954,0.50682045847624,-0.920709493485906,0.357202118380561,0.694451656656768,"Ruthenibacterium sp. TH_2024_36131","03_diabetic_2_vs_01_normal_2","species","Not Significant","No Change"
37.5498376872558,-0.172407846933894,0.579087243249747,-0.297723441404733,0.765914250662981,0.958249850325832,"Thomasclavelia ramosa","03_diabetic_2_vs_01_normal_2","species","Not Significant","No Change"
91.0110615070034,-0.878884211606139,0.621893039291396,-1.41324014915421,0.157585125192222,0.44114845590796,"Dialister succinatiphilus","03_diabetic_2_vs_01_normal_2","species","Not Significant","No Change"
33.156393138565,-0.278803070631735,0.56459618024205,-0.493809700434404,0.621440581731019,0.884630993662734,"Parabacteroides sp. AD58","03_diabetic_2_vs_01_normal_2","species","Not Significant","No Change"
4.3798071907905,1.02127330359878,0.434163499742574,2.35227812610761,0.0186588176158229,0.0977979406070715,"Thermocaproicibacter melissae","03_diabetic_2_vs_01_normal_2","species","Not Significant","No Change"
4.1163772438001,0.412588676325855,0.425046217657998,0.970691325285086,0.331702012912991,0.688315782813243,"Christensenella massiliensis","03_diabetic_2_vs_01_normal_2","species","Not Significant","No Change"
632.221992235096,0.61168328958465,0.786159214679385,0.778065407315883,0.436530454762423,0.77154219911498,"Phascolarctobacterium succinatutens","03_diabetic_2_vs_01_normal_2","species","Not Significant","No Change"
92.6922499166173,1.48669222602858,0.609439706621292,2.43944103063245,0.014710003270591,0.0894368198851936,"Bacillus sp. ZHX3","03_diabetic_2_vs_01_normal_2","species","Not Significant","No Change"
181.629795994495,2.72303771630584,0.630580539289653,4.31830281247393,1.57233610000109e-05,0.000298743859000207,"Prevotella sp. Rep29","03_diabetic_2_vs_01_normal_2","species","Highly Significant (p < 0.01)","Enriched in 03_diabetic_2"
243.154273990678,0.333494795506275,0.711217624936496,0.468906820941133,0.639136240575924,0.891272555665509,"Prevotella bivia","03_diabetic_2_vs_01_normal_2","species","Not Significant","No Change"
6.33793743138484,0.809062909519543,0.453165346566829,1.78535917551725,0.0742030760455599,0.289201732280131,"Vibrio tapetis","03_diabetic_2_vs_01_normal_2","species","Not Significant","No Change"
20.8249137234078,2.71705884279717,0.502108477217859,5.41129848643896,6.25693777193851e-08,2.37763635333663e-06,"Clostridium thermarum","03_diabetic_2_vs_01_normal_2","species","Highly Significant (p < 0.01)","Enriched in 03_diabetic_2"
