"baseMean","log2FoldChange","lfcSE","stat","pvalue","padj","taxon","comparison","level","significance","direction"
2612.38199142794,1.39340212599286,0.404612253319633,3.44379616425534,0.000573607976977089,0.00112862191635959,"Blautia obeum","04_t2d_obesity_3_vs_01_normal_2","species","Highly Significant (p < 0.01)","Enriched in 04_t2d_obesity_3"
39.2107372897717,3.3121365213121,0.49967867741562,6.62853283722802,3.3903970859306e-11,2.34245616846114e-10,"Blautia hydrogenotrophica","04_t2d_obesity_3_vs_01_normal_2","species","Highly Significant (p < 0.01)","Enriched in 04_t2d_obesity_3"
154.29914596925,-0.383786612215788,0.627817742202464,-0.61130259057257,0.540999276290687,0.587807613805164,"Blautia argi","04_t2d_obesity_3_vs_01_normal_2","species","Not Significant","No Change"
166.999627015445,2.77338638295817,0.564223981089005,4.91539969216707,8.86015071163362e-07,2.85103062577158e-06,"Blautia luti","04_t2d_obesity_3_vs_01_normal_2","species","Highly Significant (p < 0.01)","Enriched in 04_t2d_obesity_3"
145.475414601751,3.55458297744051,0.643067869052908,5.52753939125523,3.24753325850504e-08,1.33412177106153e-07,"Blautia sp. SC05B48","04_t2d_obesity_3_vs_01_normal_2","species","Highly Significant (p < 0.01)","Enriched in 04_t2d_obesity_3"
1122.26949109607,-0.377563610713513,0.442658820432999,-0.852944961865188,0.393689826392571,0.460314258551313,"Anaerostipes hadrus","04_t2d_obesity_3_vs_01_normal_2","species","Not Significant","No Change"
1792.13585911431,4.75847324198975,0.550566050015292,8.6428744414182,5.48161495924793e-18,8.73040127754568e-17,"Dorea longicatena","04_t2d_obesity_3_vs_01_normal_2","species","Highly Significant (p < 0.01)","Enriched in 04_t2d_obesity_3"
380.695787759018,2.39827465840899,0.547525398625333,4.38020713638182,1.18566547652139e-05,3.16177460405703e-05,"Dorea formicigenerans","04_t2d_obesity_3_vs_01_normal_2","species","Highly Significant (p < 0.01)","Enriched in 04_t2d_obesity_3"
716.207066179522,2.34577120459762,0.518891907646098,4.52073190973237,6.1626192084041e-06,1.73466318458782e-05,"Anaerobutyricum hallii","04_t2d_obesity_3_vs_01_normal_2","species","Highly Significant (p < 0.01)","Enriched in 04_t2d_obesity_3"
288.957140882659,5.91404683440112,0.68517314185274,8.63146330927283,6.05719937824591e-18,8.73040127754568e-17,"Roseburia intestinalis","04_t2d_obesity_3_vs_01_normal_2","species","Highly Significant (p < 0.01)","Enriched in 04_t2d_obesity_3"
43.4369816979777,3.09885436716899,0.604768343689056,5.12403534263407,2.99064887132949e-07,1.03313324645928e-06,"Roseburia sp. 499","04_t2d_obesity_3_vs_01_normal_2","species","Highly Significant (p < 0.01)","Enriched in 04_t2d_obesity_3"
1836.51311336378,1.6057794734114,0.414288902854243,3.87598958685203,0.000106192225555243,0.000233930699773869,"[Ruminococcus] torques","04_t2d_obesity_3_vs_01_normal_2","species","Highly Significant (p < 0.01)","Enriched in 04_t2d_obesity_3"
1149.27968331194,-0.10473397787622,0.70456339050961,-0.148650893996161,0.881829111509294,0.899584060063172,"Mediterraneibacter gnavus","04_t2d_obesity_3_vs_01_normal_2","species","Not Significant","No Change"
73.0256507510501,3.45798831545527,0.561968000959227,6.15335447846283,7.58609849050271e-10,3.71963538889165e-09,"Mediterraneibacter glycyrrhizinilyticus","04_t2d_obesity_3_vs_01_normal_2","species","Highly Significant (p < 0.01)","Enriched in 04_t2d_obesity_3"
229.340396164205,1.98986663311794,0.68732275584587,2.89509785060014,0.00379040357634477,0.00654706072277732,"[Ruminococcus] lactaris","04_t2d_obesity_3_vs_01_normal_2","species","Highly Significant (p < 0.01)","Enriched in 04_t2d_obesity_3"
1018.3391361743,-0.276033991637487,0.411312183311601,-0.671105799529333,0.502153132646418,0.557133402644201,"Claveliimonas bilis","04_t2d_obesity_3_vs_01_normal_2","species","Not Significant","No Change"
1680.54253272292,-0.93457023340308,0.479742633334186,-1.94806583460775,0.0514070862221957,0.0723507139423494,"Lachnospira eligens","04_t2d_obesity_3_vs_01_normal_2","species","Not Significant","No Change"
145.938649548673,0.838458570200659,0.532355972858074,1.57499607959539,0.115257349474873,0.151026871725695,"Chakrabartyella piscis","04_t2d_obesity_3_vs_01_normal_2","species","Not Significant","No Change"
165.545505499599,-1.16067980748692,0.565727000956765,-2.05166061638204,0.0402026567520964,0.0571103161338191,"Lacrimispora sp. JR3","04_t2d_obesity_3_vs_01_normal_2","species","Not Significant","No Change"
10.3768428656169,1.5858153523995,0.503753853629213,3.14799646886024,0.00164393679215895,0.00301058304106217,"Sellimonas catena","04_t2d_obesity_3_vs_01_normal_2","species","Highly Significant (p < 0.01)","Enriched in 04_t2d_obesity_3"
11.0769122726811,3.35438077419564,0.541733349744025,6.19194069514203,5.94279134106653e-10,3.01101427947371e-09,"Sellimonas intestinalis","04_t2d_obesity_3_vs_01_normal_2","species","Highly Significant (p < 0.01)","Enriched in 04_t2d_obesity_3"
987.063586438799,1.65400615955145,0.59638402477537,2.77339112189404,0.00554754006346432,0.009266220765347,"Simiaoa sunii","04_t2d_obesity_3_vs_01_normal_2","species","Highly Significant (p < 0.01)","Enriched in 04_t2d_obesity_3"
517.175300583168,-2.22901397157219,0.368499018808855,-6.04890069660785,1.45837512049064e-09,6.71736419135082e-09,"[Clostridium] symbiosum","04_t2d_obesity_3_vs_01_normal_2","species","Highly Significant (p < 0.01)","Enriched in 01_normal_2"
19.4920691432839,3.48177343181259,0.537649687179999,6.47591454962928,9.42393717031836e-11,5.96849354120162e-10,"[Clostridium] scindens","04_t2d_obesity_3_vs_01_normal_2","species","Highly Significant (p < 0.01)","Enriched in 04_t2d_obesity_3"
24.9990711029794,3.86781028360272,0.559649818391401,6.91112577275544,4.80822507862799e-12,3.65425105975727e-11,"Agathobacter rectalis","04_t2d_obesity_3_vs_01_normal_2","species","Highly Significant (p < 0.01)","Enriched in 04_t2d_obesity_3"
22.687854263683,-1.69294168034605,0.568938993030291,-2.97561197436843,0.00292404579664659,0.00522888189517978,"Hungatella hathewayi","04_t2d_obesity_3_vs_01_normal_2","species","Highly Significant (p < 0.01)","Enriched in 01_normal_2"
67.9043222259994,-0.0198570507049008,0.571300823854392,-0.0347576090840047,0.972273023240803,0.978711917434451,"[Clostridium] colinum","04_t2d_obesity_3_vs_01_normal_2","species","Not Significant","No Change"
4.26017527245212,-0.42007864331309,0.419480596138351,-1.00142568495479,0.316621051644129,0.378948030314233,"Marvinbryantia formatexigens","04_t2d_obesity_3_vs_01_normal_2","species","Not Significant","No Change"
7582.71376777035,0.0505636929199386,0.330641068792665,0.152926232378124,0.878456448777165,0.899584060063172,"Faecalibacterium prausnitzii","04_t2d_obesity_3_vs_01_normal_2","species","Not Significant","No Change"
515.772341251571,0.561881141715844,0.700995104132014,0.801547883007794,0.422814535298695,0.486877343677285,"Faecalibacterium taiwanense","04_t2d_obesity_3_vs_01_normal_2","species","Not Significant","No Change"
805.065646138381,1.80039468981552,0.656805083219109,2.74114000609052,0.0061226412407864,0.00990044115531419,"Ruminococcus bicirculans (ex Wegman et al. 2014)","04_t2d_obesity_3_vs_01_normal_2","species","Highly Significant (p < 0.01)","Enriched in 04_t2d_obesity_3"
291.336185890899,1.50517016220158,0.585069137187362,2.5726364057374,0.0100927175551651,0.0154958895796475,"Ruminococcus champanellensis","04_t2d_obesity_3_vs_01_normal_2","species","Significant (p < 0.05)","Enriched in 04_t2d_obesity_3"
1315.65550569392,3.50713883168648,0.469852531964056,7.46433953867631,8.37184663316183e-14,7.48541581317999e-13,"Solibaculum mannosilyticum","04_t2d_obesity_3_vs_01_normal_2","species","Highly Significant (p < 0.01)","Enriched in 04_t2d_obesity_3"
179.354012464458,3.15284056002245,0.486578185039862,6.47961757628768,9.19553865181813e-11,5.96849354120162e-10,"Lawsonibacter asaccharolyticus","04_t2d_obesity_3_vs_01_normal_2","species","Highly Significant (p < 0.01)","Enriched in 04_t2d_obesity_3"
346.87856486192,1.94896943635248,0.512702859517858,3.80136252445574,0.000143902574461072,0.0003124741616869,"Paludicola sp. MB14-C6","04_t2d_obesity_3_vs_01_normal_2","species","Highly Significant (p < 0.01)","Enriched in 04_t2d_obesity_3"
219.405671192326,0.621772394831907,0.474489241502223,1.31040356755696,0.190059347386083,0.236795252481021,"Flavonifractor plautii","04_t2d_obesity_3_vs_01_normal_2","species","Not Significant","No Change"
47.6073600656115,3.69028057793985,0.488210434425549,7.55879087730274,4.0683336581753e-14,3.86491697526654e-13,"Anaerotruncus colihominis","04_t2d_obesity_3_vs_01_normal_2","species","Highly Significant (p < 0.01)","Enriched in 04_t2d_obesity_3"
74.8871542962868,1.6216542427597,0.5512492183344,2.94178057550726,0.00326331067973875,0.00570141636000334,"Ruthenibacterium lactatiformans","04_t2d_obesity_3_vs_01_normal_2","species","Highly Significant (p < 0.01)","Enriched in 04_t2d_obesity_3"
210.512362679022,1.24418969822211,0.477201061798782,2.6072651505263,0.00912686549427828,0.0143018923209309,"Oscillibacter hominis","04_t2d_obesity_3_vs_01_normal_2","species","Significant (p < 0.05)","Enriched in 04_t2d_obesity_3"
33.0715436189441,1.47004572649041,0.534455485903101,2.75054848395164,0.00594955864369824,0.00972400982625948,"Pusillibacter faecalis","04_t2d_obesity_3_vs_01_normal_2","species","Highly Significant (p < 0.01)","Enriched in 04_t2d_obesity_3"
6.88107736246526,0.361645612421857,0.485716287691126,0.744561427291137,0.456536893588189,0.514026724632627,"Flintibacter sp. KGMB00164","04_t2d_obesity_3_vs_01_normal_2","species","Not Significant","No Change"
50.164871361043,3.63504335663329,0.513729660448079,7.0757903163753,1.48599411122504e-12,1.18879528898003e-11,"Intestinimonas butyriciproducens","04_t2d_obesity_3_vs_01_normal_2","species","Highly Significant (p < 0.01)","Enriched in 04_t2d_obesity_3"
10.8747025482406,2.55138980085632,0.501592099066813,5.0865829138917,3.64572375715543e-07,1.23144446908361e-06,"Massilistercora timonensis","04_t2d_obesity_3_vs_01_normal_2","species","Highly Significant (p < 0.01)","Enriched in 04_t2d_obesity_3"
140.456782143244,1.41074738218814,0.56363873525112,2.50292837230146,0.0123170468817236,0.0187219112602199,"Eubacterium ventriosum","04_t2d_obesity_3_vs_01_normal_2","species","Significant (p < 0.05)","Enriched in 04_t2d_obesity_3"
63.3251609411932,-0.862643249528088,0.573524046061312,-1.50410999408361,0.132553047410631,0.1693114555161,"Clostridium sp. C45","04_t2d_obesity_3_vs_01_normal_2","species","Not Significant","No Change"
21.0676756127962,2.72566981549594,0.555327917800677,4.90821679970764,9.19082241202679e-07,2.85103062577158e-06,"Clostridium thermosuccinogenes","04_t2d_obesity_3_vs_01_normal_2","species","Highly Significant (p < 0.01)","Enriched in 04_t2d_obesity_3"
57.5780131392042,2.60300431978969,0.529941856865235,4.91186775694082,9.02128918554585e-07,2.85103062577158e-06,"Acutalibacter muris","04_t2d_obesity_3_vs_01_normal_2","species","Highly Significant (p < 0.01)","Enriched in 04_t2d_obesity_3"
316.253362716076,0.0155343247828961,0.61535259311405,0.0252445914045527,0.979859869479181,0.979859869479181,"Intestinibacter bartlettii","04_t2d_obesity_3_vs_01_normal_2","species","Not Significant","No Change"
101.273585940172,3.50543805314703,0.548419182952293,6.39189540066101,1.63841967855469e-10,9.57845350539665e-10,"Clostridioides difficile","04_t2d_obesity_3_vs_01_normal_2","species","Highly Significant (p < 0.01)","Enriched in 04_t2d_obesity_3"
82.0372019785475,3.84510863625408,0.626438845491894,6.13804310496552,8.35441964917424e-10,3.96834933335776e-09,"Terrisporobacter petrolearius","04_t2d_obesity_3_vs_01_normal_2","species","Highly Significant (p < 0.01)","Enriched in 04_t2d_obesity_3"
16.3192766308506,4.64304072411749,0.538221209207189,8.62664020794867,6.31805355611859e-18,8.73040127754568e-17,"Emergencia sp. JLR.KK010","04_t2d_obesity_3_vs_01_normal_2","species","Highly Significant (p < 0.01)","Enriched in 04_t2d_obesity_3"
18.3231017510354,1.71158398115563,0.533094029134784,3.21066057320797,0.00132430257358232,0.00248511100227793,"Emergencia timonensis","04_t2d_obesity_3_vs_01_normal_2","species","Highly Significant (p < 0.01)","Enriched in 04_t2d_obesity_3"
27.1987016744439,3.1920603113112,0.568181280744654,5.61803146194417,1.93145335601201e-08,8.1550252809396e-08,"Monoglobus pectinilyticus","04_t2d_obesity_3_vs_01_normal_2","species","Highly Significant (p < 0.01)","Enriched in 04_t2d_obesity_3"
822.675619713226,1.57076737771794,0.582698196055706,2.6956791497734,0.007024529271034,0.0112392468336544,"Faecalibacillus intestinalis","04_t2d_obesity_3_vs_01_normal_2","species","Significant (p < 0.05)","Enriched in 04_t2d_obesity_3"
11.9085219589845,-0.392833946276647,0.533205496747082,-0.736740241188816,0.461280330150475,0.515548604285825,"Thomasclavelia spiroformis","04_t2d_obesity_3_vs_01_normal_2","species","Not Significant","No Change"
9.19040778803384,-2.37110015425002,0.493964659587289,-4.80014128182994,1.58553736423477e-06,4.63464768007086e-06,"Holdemania massiliensis","04_t2d_obesity_3_vs_01_normal_2","species","Highly Significant (p < 0.01)","Enriched in 01_normal_2"
2330.63721256988,6.7521788240902,0.70573695054173,9.56755745736024,1.09461075036694e-21,2.77301390092959e-20,"Phascolarctobacterium faecium","04_t2d_obesity_3_vs_01_normal_2","species","Highly Significant (p < 0.01)","Enriched in 04_t2d_obesity_3"
582.444256404421,4.09735236231247,0.636846049228546,6.43381923665203,1.24436837156093e-10,7.56575969909045e-10,"Streptococcus thermophilus","04_t2d_obesity_3_vs_01_normal_2","species","Highly Significant (p < 0.01)","Enriched in 04_t2d_obesity_3"
76.0734926809659,2.56782823074977,0.506952357910586,5.06522593431288,4.07916256855988e-07,1.34789719656761e-06,"Enterococcus faecalis","04_t2d_obesity_3_vs_01_normal_2","species","Highly Significant (p < 0.01)","Enriched in 04_t2d_obesity_3"
1065.71009525901,5.79337716065727,0.655353354429592,8.84008164679301,9.56486795717395e-19,1.81732491186305e-17,"Bifidobacterium longum","04_t2d_obesity_3_vs_01_normal_2","species","Highly Significant (p < 0.01)","Enriched in 04_t2d_obesity_3"
13.0723801044137,2.0439614233782,0.498673929776966,4.09879342257249,4.15309496475171e-05,9.71185284065015e-05,"Adlercreutzia equolifaciens","04_t2d_obesity_3_vs_01_normal_2","species","Highly Significant (p < 0.01)","Enriched in 04_t2d_obesity_3"
8.32366011010232,2.25599940249512,0.521942480482775,4.32231421441002,1.54401084184942e-05,3.97779064340867e-05,"Gordonibacter pamelaeae","04_t2d_obesity_3_vs_01_normal_2","species","Highly Significant (p < 0.01)","Enriched in 04_t2d_obesity_3"
5142.96895330621,0.465078980935645,0.480333154688848,0.9682425133383,0.332923267360061,0.395346379990072,"Bacteroides uniformis","04_t2d_obesity_3_vs_01_normal_2","species","Not Significant","No Change"
660.016008395919,1.9051078911065,0.805454895684947,2.36525707561368,0.0180175592533319,0.02684969614222,"Bacteroides stercoris","04_t2d_obesity_3_vs_01_normal_2","species","Significant (p < 0.05)","Enriched in 04_t2d_obesity_3"
45.5789291187496,-3.1253868505183,0.639658040606973,-4.88602761493096,1.02890773234833e-06,3.06654853562639e-06,"Bacteroides sp. MSB163","04_t2d_obesity_3_vs_01_normal_2","species","Highly Significant (p < 0.01)","Enriched in 01_normal_2"
2086.48001156289,-6.57925419290772,0.803745993386229,-8.18573809020052,2.7063975124543e-16,3.16440324533118e-15,"Bacteroides fragilis","04_t2d_obesity_3_vs_01_normal_2","species","Highly Significant (p < 0.01)","Enriched in 01_normal_2"
317.631261308078,0.528813571079176,0.678777174857414,0.779067992659388,0.435939663439277,0.498216758216316,"Bacteroides eggerthii","04_t2d_obesity_3_vs_01_normal_2","species","Not Significant","No Change"
48.1336207022729,1.00437805255642,0.633110799126804,1.58641750218394,0.112644632726027,0.149089442923167,"Bacteroides nordii","04_t2d_obesity_3_vs_01_normal_2","species","Not Significant","No Change"
7969.69233375868,-0.37616001114661,0.502923594811041,-0.747946636482507,0.454492345871299,0.514026724632627,"Phocaeicola vulgatus","04_t2d_obesity_3_vs_01_normal_2","species","Not Significant","No Change"
1700.35335926325,-0.539731609517841,0.821044491965817,-0.657371938791731,0.5109417903103,0.562776464689606,"Phocaeicola dorei","04_t2d_obesity_3_vs_01_normal_2","species","Not Significant","No Change"
1163.92723703905,2.20442333263901,0.590192988856569,3.73508898658696,0.000187648822142077,0.000385440823859402,"Alistipes senegalensis","04_t2d_obesity_3_vs_01_normal_2","species","Highly Significant (p < 0.01)","Enriched in 04_t2d_obesity_3"
404.545875642961,1.13780256056534,0.65921777851945,1.72598888810425,0.084349411838834,0.115505500896421,"Alistipes onderdonkii","04_t2d_obesity_3_vs_01_normal_2","species","Not Significant","No Change"
276.732408375205,3.11681463575962,0.664828752947438,4.68814656697924,2.75690545807249e-06,7.90659678541544e-06,"Alistipes finegoldii","04_t2d_obesity_3_vs_01_normal_2","species","Highly Significant (p < 0.01)","Enriched in 04_t2d_obesity_3"
103.019809087587,2.16319624326874,0.577883981080267,3.7433054282366,0.000181615246622937,0.000378157773790224,"Alistipes communis","04_t2d_obesity_3_vs_01_normal_2","species","Highly Significant (p < 0.01)","Enriched in 04_t2d_obesity_3"
66.7980261555676,4.26436684634436,0.514801248151126,8.28352079887052,1.1958607801954e-16,1.51475698824751e-15,"Alistipes ihumii","04_t2d_obesity_3_vs_01_normal_2","species","Highly Significant (p < 0.01)","Enriched in 04_t2d_obesity_3"
200.139464877446,4.10163960715132,0.66029216852226,6.21185560375617,5.23625341762838e-10,2.74451903268798e-09,"Barnesiella viscericola","04_t2d_obesity_3_vs_01_normal_2","species","Highly Significant (p < 0.01)","Enriched in 04_t2d_obesity_3"
194.859288474361,0.295794427755522,0.525504242670096,0.562877335209676,0.573518414623665,0.618260985977285,"Odoribacter splanchnicus","04_t2d_obesity_3_vs_01_normal_2","species","Not Significant","No Change"
1451.20677814245,0.662578415904565,0.583304590196899,1.13590468348776,0.255996457980131,0.311291692903839,"Parabacteroides merdae","04_t2d_obesity_3_vs_01_normal_2","species","Not Significant","No Change"
66.7565202630643,4.57651180585149,0.633016223579273,7.22969117596142,4.84093598501241e-13,4.08790149845492e-12,"Parabacteroides distasonis","04_t2d_obesity_3_vs_01_normal_2","species","Highly Significant (p < 0.01)","Enriched in 04_t2d_obesity_3"
10160.6150955414,0.494293984512407,0.888097656731323,0.556576161152901,0.5778170450619,0.618508386263442,"Segatella copri","04_t2d_obesity_3_vs_01_normal_2","species","Not Significant","No Change"
74.9782000728526,2.31490336474671,0.561268068132548,4.12441664897999,3.71675555405584e-05,8.96741022565853e-05,"Aureibaculum algae","04_t2d_obesity_3_vs_01_normal_2","species","Highly Significant (p < 0.01)","Enriched in 04_t2d_obesity_3"
8.40863227300283,2.60507028772238,0.417554476461835,6.23887524760014,4.40728292252305e-10,2.42539142312583e-09,"Spirosoma endbachense","04_t2d_obesity_3_vs_01_normal_2","species","Highly Significant (p < 0.01)","Enriched in 04_t2d_obesity_3"
236.996293401727,-2.4530271072805,0.719619813174158,-3.40878205737622,0.000652535889111592,0.00125551209044256,"Sutterella wadsworthensis","04_t2d_obesity_3_vs_01_normal_2","species","Highly Significant (p < 0.01)","Enriched in 01_normal_2"
36.511315880731,-3.76771561993615,0.68788564976384,-5.47724119732641,4.32008177387769e-08,1.72803270955107e-07,"Duodenibacillus massiliensis","04_t2d_obesity_3_vs_01_normal_2","species","Highly Significant (p < 0.01)","Enriched in 01_normal_2"
765.01636107744,3.02480712074476,0.584510823639416,5.17493774009352,2.27986992520652e-07,8.25095782455693e-07,"Coprococcus comes","04_t2d_obesity_3_vs_01_normal_2","species","Highly Significant (p < 0.01)","Enriched in 04_t2d_obesity_3"
139.295790097842,7.96823372953513,0.587757666720415,13.5570051752731,7.20168960297663e-42,5.47328409826224e-40,"Ruminococcus albus","04_t2d_obesity_3_vs_01_normal_2","species","Highly Significant (p < 0.01)","Enriched in 04_t2d_obesity_3"
307.053796910366,2.12451341859062,0.533677930412497,3.98089052876613,6.8657565278561e-05,0.000158120453368807,"Eubacterium ramulus","04_t2d_obesity_3_vs_01_normal_2","species","Highly Significant (p < 0.01)","Enriched in 04_t2d_obesity_3"
21.6221829291698,2.19618888583922,0.629857660866584,3.48680189555466,0.000488833312205792,0.000977666624411585,"Veillonella parvula","04_t2d_obesity_3_vs_01_normal_2","species","Highly Significant (p < 0.01)","Enriched in 04_t2d_obesity_3"
196.956885631645,-2.93932716041035,0.685726465333636,-4.2864426400405,1.81557053682618e-05,4.52404461635375e-05,"Allobaculum mucilyticum","04_t2d_obesity_3_vs_01_normal_2","species","Highly Significant (p < 0.01)","Enriched in 01_normal_2"
28.0855431973965,-0.051652240755279,0.575520297606595,-0.0897487733622675,0.928486856759856,0.940866681516654,"Longicatena caecimuris","04_t2d_obesity_3_vs_01_normal_2","species","Not Significant","No Change"
16.539532727889,3.41048657389409,0.546837992275192,6.23674035467856,4.4678263057581e-10,2.42539142312583e-09,"Gordonibacter urolithinfaciens","04_t2d_obesity_3_vs_01_normal_2","species","Highly Significant (p < 0.01)","Enriched in 04_t2d_obesity_3"
621.802300896741,2.933014230094,0.711960706494809,4.11962936063436,3.79482327756915e-05,9.01270528422673e-05,"Turicimonas muris","04_t2d_obesity_3_vs_01_normal_2","species","Highly Significant (p < 0.01)","Enriched in 04_t2d_obesity_3"
36.712048375988,1.09167914226449,0.661911644838816,1.64928227321084,0.099089819562756,0.134479040835169,"Haemophilus parainfluenzae","04_t2d_obesity_3_vs_01_normal_2","species","Not Significant","No Change"
165.783522362774,-2.51366566081536,0.647144378431023,-3.88424244201834,0.000102649441437674,0.000229451692625389,"Coprococcus catus","04_t2d_obesity_3_vs_01_normal_2","species","Highly Significant (p < 0.01)","Enriched in 01_normal_2"
64.1727074884569,1.76226088237088,0.566215573481655,3.11234972138747,0.00185604483264785,0.00335855731621992,"Lachnoanaerobaculum umeaense","04_t2d_obesity_3_vs_01_normal_2","species","Highly Significant (p < 0.01)","Enriched in 04_t2d_obesity_3"
25.9801008526341,0.71711017604545,0.542343549079768,1.32224339583686,0.18608711480867,0.233762326040643,"Candidatus Epulonipiscium viviparus","04_t2d_obesity_3_vs_01_normal_2","species","Not Significant","No Change"
10.6992396082088,0.206691616989498,0.511391092188233,0.404175239160049,0.686083860417174,0.724199630440351,"Stomatobaculum sp. F0698","04_t2d_obesity_3_vs_01_normal_2","species","Not Significant","No Change"
552.676707155005,2.38635393455891,0.635511253544874,3.75501444112572,0.000173331484080534,0.000371075853242834,"Vescimonas coprocola","04_t2d_obesity_3_vs_01_normal_2","species","Highly Significant (p < 0.01)","Enriched in 04_t2d_obesity_3"
525.093345276139,0.887490605116539,0.577866111060561,1.53580663086077,0.124585812964928,0.160483420090415,"Vescimonas fastidiosa","04_t2d_obesity_3_vs_01_normal_2","species","Not Significant","No Change"
183.930068854024,6.54447027891779,0.611655314371631,10.6996050310477,1.0221296091886e-26,3.88409251491666e-25,"Clostridium perfringens","04_t2d_obesity_3_vs_01_normal_2","species","Highly Significant (p < 0.01)","Enriched in 04_t2d_obesity_3"
290.573958238786,1.58011182678541,0.705640843438585,2.23925789086347,0.0251391410529135,0.0363918994289795,"Aristaeella hokkaidonensis","04_t2d_obesity_3_vs_01_normal_2","species","Significant (p < 0.05)","Enriched in 04_t2d_obesity_3"
29.0582541581662,0.887185072206081,0.559476437517897,1.58574161968653,0.112797933790554,0.149089442923167,"Romboutsia sp. 13368","04_t2d_obesity_3_vs_01_normal_2","species","Not Significant","No Change"
81.4576184419654,-0.679207982298315,0.596271410133562,-1.13909198186473,0.254664791437324,0.311291692903839,"Christensenella sp. MSJ-20","04_t2d_obesity_3_vs_01_normal_2","species","Not Significant","No Change"
25.4231323905501,3.377957200953,0.622910263197267,5.42286329272319,5.86518490273095e-08,2.28591821850027e-07,"Veillonella rogosae","04_t2d_obesity_3_vs_01_normal_2","species","Highly Significant (p < 0.01)","Enriched in 04_t2d_obesity_3"
1359.13644713767,0.25653915488377,0.648285271656717,0.395719548321953,0.6923119327781,0.725733888153595,"Bacteroides caccae","04_t2d_obesity_3_vs_01_normal_2","species","Not Significant","No Change"
31.4280191050565,1.66806354242131,0.625139833660348,2.66830467777807,0.00762350906669063,0.0120705560222602,"Bacteroides salyersiae","04_t2d_obesity_3_vs_01_normal_2","species","Significant (p < 0.05)","Enriched in 04_t2d_obesity_3"
59.7979664370341,-1.95449723765562,0.707899529845358,-2.7609811212653,0.00576280074798783,0.00952114906189294,"Bacteroides zhangwenhongii","04_t2d_obesity_3_vs_01_normal_2","species","Highly Significant (p < 0.01)","Enriched in 01_normal_2"
178.959425905735,1.09836986122831,0.584178636995962,1.88019518631577,0.0600814814194425,0.0830216834159569,"Alistipes shahii","04_t2d_obesity_3_vs_01_normal_2","species","Not Significant","No Change"
10.4026412087558,3.09356669721122,0.540400370542625,5.72458285715999,1.03688193538442e-08,4.50303011938377e-08,"Butyricimonas paravirosa","04_t2d_obesity_3_vs_01_normal_2","species","Highly Significant (p < 0.01)","Enriched in 04_t2d_obesity_3"
28.5984443898696,-2.7143551774031,0.60764484932857,-4.46700927425351,7.93206924099091e-06,2.15299022255468e-05,"Bacteroides helcogenes","04_t2d_obesity_3_vs_01_normal_2","species","Highly Significant (p < 0.01)","Enriched in 01_normal_2"
419.849977654507,-2.26959303841317,0.814335509005893,-2.78704908887468,0.00531904209328694,0.00898327109088461,"Phocaeicola coprophilus","04_t2d_obesity_3_vs_01_normal_2","species","Highly Significant (p < 0.01)","Enriched in 01_normal_2"
4341.09082215265,12.034704223363,0.658731642728921,18.2695098318139,1.44744991093439e-74,2.20012386462027e-72,"Akkermansia muciniphila","04_t2d_obesity_3_vs_01_normal_2","species","Highly Significant (p < 0.01)","Enriched in 04_t2d_obesity_3"
150.824541417488,-3.01707209263907,0.76798264002392,-3.92856808917594,8.54531570806785e-05,0.000193863878750196,"Bacteroides intestinalis","04_t2d_obesity_3_vs_01_normal_2","species","Highly Significant (p < 0.01)","Enriched in 01_normal_2"
816.491439088302,-1.79192151900685,0.793546735384428,-2.25811718340542,0.0239383546131316,0.0349868259730386,"Phocaeicola salanitronis","04_t2d_obesity_3_vs_01_normal_2","species","Significant (p < 0.05)","Enriched in 01_normal_2"
92.9120195812263,-3.39609440259362,0.662686546895655,-5.12473720570091,2.97953025869591e-07,1.03313324645928e-06,"Parabacteroides goldsteinii","04_t2d_obesity_3_vs_01_normal_2","species","Highly Significant (p < 0.01)","Enriched in 01_normal_2"
462.572095981742,3.77354705847784,0.719637269500428,5.24367930679499,1.57405692258139e-07,5.83552810322859e-07,"Paraprevotella clara","04_t2d_obesity_3_vs_01_normal_2","species","Highly Significant (p < 0.01)","Enriched in 04_t2d_obesity_3"
16.8690900619411,-1.30860802279369,0.590010704841686,-2.21793945780156,0.026558960670341,0.038084547376338,"Dellaglioa sp. P0083","04_t2d_obesity_3_vs_01_normal_2","species","Significant (p < 0.05)","Enriched in 01_normal_2"
19.1095903079768,2.08319664879137,0.605370968366393,3.44119020839887,0.000579161246552946,0.00112862191635959,"Clostridium sp. M62/1","04_t2d_obesity_3_vs_01_normal_2","species","Highly Significant (p < 0.01)","Enriched in 04_t2d_obesity_3"
24.151017517711,1.82978959710452,0.636409686540542,2.87517559176553,0.00403802863247605,0.00689640845097033,"Clostridium sp. MD294","04_t2d_obesity_3_vs_01_normal_2","species","Highly Significant (p < 0.01)","Enriched in 04_t2d_obesity_3"
13.7279843314003,-0.911094563977293,0.567677040698596,-1.60495228564481,0.108504305632414,0.145952694302008,"Eisenbergiella porci","04_t2d_obesity_3_vs_01_normal_2","species","Not Significant","No Change"
13.1985091296858,-0.295078745857186,0.557446589071869,-0.529339943309157,0.596569651512016,0.63411599321557,"Coprobacter fastidiosus","04_t2d_obesity_3_vs_01_normal_2","species","Not Significant","No Change"
617.061562296331,-1.97880201784623,0.803956382575457,-2.46133006806561,0.0138422954068379,0.0208319693251422,"Megamonas funiformis","04_t2d_obesity_3_vs_01_normal_2","species","Significant (p < 0.05)","Enriched in 01_normal_2"
402.359968704109,7.53242022504847,0.70325857537225,10.7107406704019,9.06337574587663e-27,3.88409251491666e-25,"Acidaminococcus intestini","04_t2d_obesity_3_vs_01_normal_2","species","Highly Significant (p < 0.01)","Enriched in 04_t2d_obesity_3"
187.596483152231,2.88805297091482,0.694158904487018,4.16050698513921,3.17541904186081e-05,7.7848982961749e-05,"Anaeromicropila herbilytica","04_t2d_obesity_3_vs_01_normal_2","species","Highly Significant (p < 0.01)","Enriched in 04_t2d_obesity_3"
26.1147237174589,2.66589596980702,0.615042804802825,4.33448850874968,1.46099419376154e-05,3.82881236985782e-05,"Alistipes dispar","04_t2d_obesity_3_vs_01_normal_2","species","Highly Significant (p < 0.01)","Enriched in 04_t2d_obesity_3"
11.6338451999581,0.881466048531482,0.567624939856661,1.55290225400257,0.120446488236784,0.156477488991378,"Aristaeella lactis","04_t2d_obesity_3_vs_01_normal_2","species","Not Significant","No Change"
36.0874497420583,4.65046894015741,0.593659224621092,7.83356637492765,4.74222313327447e-15,4.80545277505147e-14,"Anaeropeptidivorans aminofermentans","04_t2d_obesity_3_vs_01_normal_2","species","Highly Significant (p < 0.01)","Enriched in 04_t2d_obesity_3"
6.34637964756057,1.09693696764857,0.470900855672787,2.32944356425378,0.0198355794719044,0.0292719231041696,"Coraliomargarita akajimensis","04_t2d_obesity_3_vs_01_normal_2","species","Significant (p < 0.05)","Enriched in 04_t2d_obesity_3"
7.77528432504481,2.49419934627824,0.470450563362173,5.30172464552476,1.14713774913258e-07,4.3591234467038e-07,"Petroclostridium sp. X23","04_t2d_obesity_3_vs_01_normal_2","species","Highly Significant (p < 0.01)","Enriched in 04_t2d_obesity_3"
10.8345740189636,2.07737692592493,0.554766090529953,3.7445996815351,0.000180681632066468,0.000378157773790224,"Caldinitratiruptor microaerophilus","04_t2d_obesity_3_vs_01_normal_2","species","Highly Significant (p < 0.01)","Enriched in 04_t2d_obesity_3"
7.15451355037753,2.7555769454561,0.475204841228332,5.79871395740279,6.68254043815945e-09,2.98748866647129e-08,"Anoxybacillus gonensis","04_t2d_obesity_3_vs_01_normal_2","species","Highly Significant (p < 0.01)","Enriched in 04_t2d_obesity_3"
5.30673965169083,-0.625461792106989,0.465629677381249,-1.34326015391599,0.179187749595478,0.226971149487605,"Caldilinea aerophila","04_t2d_obesity_3_vs_01_normal_2","species","Not Significant","No Change"
9.34439749150478,1.78376986686307,0.494862422733611,3.60457732274268,0.000312661355714613,0.000633660347581616,"Alistipes sp. dk3624","04_t2d_obesity_3_vs_01_normal_2","species","Highly Significant (p < 0.01)","Enriched in 04_t2d_obesity_3"
59.1714865002785,1.15885210293806,0.598962910560128,1.93476437773808,0.0530192162801773,0.0739350538952931,"Alistipes indistinctus","04_t2d_obesity_3_vs_01_normal_2","species","Not Significant","No Change"
29.0910015695409,5.61647460296696,0.551958848972283,10.1755314067788,2.55004252281403e-24,7.75212926935464e-23,"Butyricimonas faecihominis","04_t2d_obesity_3_vs_01_normal_2","species","Highly Significant (p < 0.01)","Enriched in 04_t2d_obesity_3"
41.4871738826235,2.80098668418386,0.650385341851019,4.30665715222326,1.65740192359226e-05,4.19875153976706e-05,"Butyricimonas virosa","04_t2d_obesity_3_vs_01_normal_2","species","Highly Significant (p < 0.01)","Enriched in 04_t2d_obesity_3"
535.044200461833,2.70840718464654,0.840883413761386,3.2209068942524,0.00127785654344174,0.00242792743253931,"Salmonella enterica","04_t2d_obesity_3_vs_01_normal_2","species","Highly Significant (p < 0.01)","Enriched in 04_t2d_obesity_3"
99.2870232002291,-0.199602137829934,0.686427546767249,-0.290783985534914,0.771216534058719,0.797448388958676,"Escherichia coli","04_t2d_obesity_3_vs_01_normal_2","species","Not Significant","No Change"
26.4534638296223,0.19228269855304,0.645691145016461,0.297793612375059,0.765860690087017,0.797334417076894,"Klebsiella pneumoniae","04_t2d_obesity_3_vs_01_normal_2","species","Not Significant","No Change"
5.38305226671084,1.49532110573086,0.474255207231242,3.15298827072605,0.00161608300204945,0.00299566605257947,"Wansuia hejianensis","04_t2d_obesity_3_vs_01_normal_2","species","Highly Significant (p < 0.01)","Enriched in 04_t2d_obesity_3"
15.5091828962842,4.4557978340974,0.488849329839566,9.11486947432195,7.87652280614641e-20,1.71033066647751e-18,"Ruthenibacterium sp. TH_2024_36131","04_t2d_obesity_3_vs_01_normal_2","species","Highly Significant (p < 0.01)","Enriched in 04_t2d_obesity_3"
37.5498376872558,-3.2313488069251,0.6598736911032,-4.89692019926241,9.73503484170163e-07,2.9594505918773e-06,"Thomasclavelia ramosa","04_t2d_obesity_3_vs_01_normal_2","species","Highly Significant (p < 0.01)","Enriched in 01_normal_2"
91.0110615070034,-0.547176624443712,0.676091856050356,-0.809322904198623,0.41832943499506,0.485389878772894,"Dialister succinatiphilus","04_t2d_obesity_3_vs_01_normal_2","species","Not Significant","No Change"
33.156393138565,0.738818613198945,0.611951744510769,1.20731515160497,0.227310797756007,0.280904400478968,"Parabacteroides sp. AD58","04_t2d_obesity_3_vs_01_normal_2","species","Not Significant","No Change"
4.3798071907905,1.98860424071016,0.444238507985395,4.47643372864817,7.59002135129026e-06,2.09760590072022e-05,"Thermocaproicibacter melissae","04_t2d_obesity_3_vs_01_normal_2","species","Highly Significant (p < 0.01)","Enriched in 04_t2d_obesity_3"
4.1163772438001,0.48051548448544,0.450082745199245,1.06761587643784,0.285693819045603,0.344646511864537,"Christensenella massiliensis","04_t2d_obesity_3_vs_01_normal_2","species","Not Significant","No Change"
632.221992235096,2.21034838659211,0.855058504979887,2.58502590608593,0.0097371680953566,0.0151025464336143,"Phascolarctobacterium succinatutens","04_t2d_obesity_3_vs_01_normal_2","species","Significant (p < 0.05)","Enriched in 04_t2d_obesity_3"
92.6922499166173,-5.66982716476332,0.712806621502516,-7.9542290906501,1.80250324256827e-15,1.95700352050269e-14,"Bacillus sp. ZHX3","04_t2d_obesity_3_vs_01_normal_2","species","Highly Significant (p < 0.01)","Enriched in 01_normal_2"
181.629795994495,4.62138158663008,0.68497885926619,6.74675068305162,1.51192740261027e-11,1.09434745331791e-10,"Prevotella sp. Rep29","04_t2d_obesity_3_vs_01_normal_2","species","Highly Significant (p < 0.01)","Enriched in 04_t2d_obesity_3"
243.154273990678,-0.717911480994713,0.773803313608939,-0.92776997509412,0.353526901790603,0.416558830016834,"Prevotella bivia","04_t2d_obesity_3_vs_01_normal_2","species","Not Significant","No Change"
6.33793743138484,-1.60448907496659,0.541629458195233,-2.96233716739285,0.00305313250429152,0.00539623419363153,"Vibrio tapetis","04_t2d_obesity_3_vs_01_normal_2","species","Highly Significant (p < 0.01)","Enriched in 01_normal_2"
20.8249137234078,-0.339818731726083,0.556446224954337,-0.610694648443287,0.541401749557388,0.587807613805164,"Clostridium thermarum","04_t2d_obesity_3_vs_01_normal_2","species","Not Significant","No Change"
