"taxon","effect_size","p_value","p_value_bh","comparison","level","significance","direction"
"Blautia obeum",1.20501298632362,2.00587215148556e-07,3.11843203461813e-06,"01_normal_2_vs_02_obesity_1","species","Highly Significant (p < 0.01)","Enriched in 01_normal_2"
"Blautia hydrogenotrophica",0.850428165154662,2.13807363280798e-05,0.000204180872098192,"01_normal_2_vs_02_obesity_1","species","Highly Significant (p < 0.01)","No Change"
"Blautia argi",0.1115024592344,0.149653762638175,0.462830755501201,"01_normal_2_vs_02_obesity_1","species","Not Significant","No Change"
"Blautia luti",0.85543636263615,4.42774914085356e-05,0.00040050587478815,"01_normal_2_vs_02_obesity_1","species","Highly Significant (p < 0.01)","No Change"
"Blautia sp. SC05B48",0.866024110526987,1.0110886570553e-05,0.000107249721427071,"01_normal_2_vs_02_obesity_1","species","Highly Significant (p < 0.01)","No Change"
"Anaerostipes hadrus",0.481170013166489,0.000213061182992658,0.00187651091144732,"01_normal_2_vs_02_obesity_1","species","Highly Significant (p < 0.01)","No Change"
"Dorea longicatena",0.875467713624721,3.530654921334e-08,7.99604155802392e-07,"01_normal_2_vs_02_obesity_1","species","Highly Significant (p < 0.01)","No Change"
"Dorea formicigenerans",0.271929360679929,0.103624374919388,0.386778811758369,"01_normal_2_vs_02_obesity_1","species","Not Significant","No Change"
"Anaerobutyricum hallii",1.06338317975935,2.10176858189214e-08,3.94399806296311e-07,"01_normal_2_vs_02_obesity_1","species","Highly Significant (p < 0.01)","Enriched in 01_normal_2"
"Roseburia intestinalis",-0.0111435877112132,0.313312341469357,0.730922725643295,"01_normal_2_vs_02_obesity_1","species","Not Significant","No Change"
"Roseburia sp. 499",-0.380257391297215,0.0475032015675926,0.170519135621068,"01_normal_2_vs_02_obesity_1","species","Not Significant","No Change"
"[Ruminococcus] torques",0.823846958732765,1.12426111727544e-06,1.58050387713153e-05,"01_normal_2_vs_02_obesity_1","species","Highly Significant (p < 0.01)","No Change"
"Mediterraneibacter gnavus",0.81469751832392,7.24320484628172e-06,7.55948658893913e-05,"01_normal_2_vs_02_obesity_1","species","Highly Significant (p < 0.01)","No Change"
"Mediterraneibacter glycyrrhizinilyticus",0.775327295853821,0.000151297741226633,0.00116839898993811,"01_normal_2_vs_02_obesity_1","species","Highly Significant (p < 0.01)","No Change"
"[Ruminococcus] lactaris",0.0720716670868867,0.807386485677624,0.996563567321718,"01_normal_2_vs_02_obesity_1","species","Not Significant","No Change"
"Claveliimonas bilis",-0.237724109947789,0.302763011968065,0.768959829575042,"01_normal_2_vs_02_obesity_1","species","Not Significant","No Change"
"Lachnospira eligens",-0.158084012672154,0.34673691186432,0.85193918220444,"01_normal_2_vs_02_obesity_1","species","Not Significant","No Change"
"Chakrabartyella piscis",-0.0072548661610818,0.860651459573111,0.999015294522063,"01_normal_2_vs_02_obesity_1","species","Not Significant","No Change"
"Lacrimispora sp. JR3",-0.18001389566229,0.861085784612162,1,"01_normal_2_vs_02_obesity_1","species","Not Significant","No Change"
"Sellimonas catena",0.332566167309188,0.104056055411522,0.335595009829841,"01_normal_2_vs_02_obesity_1","species","Not Significant","No Change"
"Sellimonas intestinalis",-0.00900093173341814,0.743152417292849,0.964881213006421,"01_normal_2_vs_02_obesity_1","species","Not Significant","No Change"
"Simiaoa sunii",-0.347580612570644,0.0262153745965765,0.118136861489264,"01_normal_2_vs_02_obesity_1","species","Not Significant","No Change"
"[Clostridium] symbiosum",-0.573552020347133,0.000174849720296693,0.00210667559787166,"01_normal_2_vs_02_obesity_1","species","Highly Significant (p < 0.01)","No Change"
"[Clostridium] scindens",0.0873363239402263,0.505431624650373,0.866185719750383,"01_normal_2_vs_02_obesity_1","species","Not Significant","No Change"
"Agathobacter rectalis",0.353738308806672,0.140210982389257,0.409730277224071,"01_normal_2_vs_02_obesity_1","species","Not Significant","No Change"
"Hungatella hathewayi",0.085856275305029,0.796341681408868,0.985346986621858,"01_normal_2_vs_02_obesity_1","species","Not Significant","No Change"
"[Clostridium] colinum",0.0664060139477499,0.789702573033363,0.996040105562261,"01_normal_2_vs_02_obesity_1","species","Not Significant","No Change"
"Marvinbryantia formatexigens",0.618519238866459,0.00309064752958938,0.0170220710549633,"01_normal_2_vs_02_obesity_1","species","Significant (p < 0.05)","No Change"
"Faecalibacterium prausnitzii",-0.515677281710104,0.0321675724115729,0.133758134045887,"01_normal_2_vs_02_obesity_1","species","Not Significant","No Change"
"Faecalibacterium taiwanense",0.0470159424157484,0.27956910405859,0.777123733229029,"01_normal_2_vs_02_obesity_1","species","Not Significant","No Change"
"Ruminococcus bicirculans (ex Wegman et al. 2014)",0.326327603854975,0.0106264249962629,0.0624907903653902,"01_normal_2_vs_02_obesity_1","species","Not Significant","No Change"
"Ruminococcus champanellensis",0.0908285588667263,0.795479586298943,0.999462039704036,"01_normal_2_vs_02_obesity_1","species","Not Significant","No Change"
"Solibaculum mannosilyticum",0.263292166845856,0.0414931194519785,0.189500714929593,"01_normal_2_vs_02_obesity_1","species","Not Significant","No Change"
"Lawsonibacter asaccharolyticus",0.128109323501203,0.0865391990088765,0.332357085314583,"01_normal_2_vs_02_obesity_1","species","Not Significant","No Change"
"Paludicola sp. MB14-C6",0.223883379369697,0.0319889320099181,0.152005473617184,"01_normal_2_vs_02_obesity_1","species","Not Significant","No Change"
"Flavonifractor plautii",0.195335576121517,0.00908749860496078,0.0575672522690619,"01_normal_2_vs_02_obesity_1","species","Not Significant","No Change"
"Anaerotruncus colihominis",0.618277381902373,0.000564168960917892,0.00382295951529827,"01_normal_2_vs_02_obesity_1","species","Highly Significant (p < 0.01)","No Change"
"Ruthenibacterium lactatiformans",0.290515560411633,0.0683557130447453,0.274347723440019,"01_normal_2_vs_02_obesity_1","species","Not Significant","No Change"
"Oscillibacter hominis",-0.43590240263576,0.00113242649330512,0.0093925473406517,"01_normal_2_vs_02_obesity_1","species","Highly Significant (p < 0.01)","No Change"
"Pusillibacter faecalis",0.163252673318401,0.472497411994129,0.862045959994053,"01_normal_2_vs_02_obesity_1","species","Not Significant","No Change"
"Flintibacter sp. KGMB00164",-0.0869341360888507,0.67198562474712,0.93677029884363,"01_normal_2_vs_02_obesity_1","species","Not Significant","No Change"
"Intestinimonas butyriciproducens",0.155635095924648,0.507532247985679,0.887326449189846,"01_normal_2_vs_02_obesity_1","species","Not Significant","No Change"
"Massilistercora timonensis",0.240953940753352,0.263352734146669,0.602597583095858,"01_normal_2_vs_02_obesity_1","species","Not Significant","No Change"
"Eubacterium ventriosum",0.276866021375721,0.0682647904189509,0.278902772919094,"01_normal_2_vs_02_obesity_1","species","Not Significant","No Change"
"Clostridium sp. C45",0.533887617532482,0.0045880072964645,0.025758319449583,"01_normal_2_vs_02_obesity_1","species","Significant (p < 0.05)","No Change"
"Clostridium thermosuccinogenes",-0.149006382337705,0.39681583682774,0.719422134992168,"01_normal_2_vs_02_obesity_1","species","Not Significant","No Change"
"Acutalibacter muris",0.546235066559636,0.00584790741322977,0.0325445957832708,"01_normal_2_vs_02_obesity_1","species","Significant (p < 0.05)","No Change"
"Intestinibacter bartlettii",0.84823274422412,6.29998323161824e-05,0.000501819783555169,"01_normal_2_vs_02_obesity_1","species","Highly Significant (p < 0.01)","No Change"
"Clostridioides difficile",1.0269348614092,3.24623907890697e-07,4.63567494121904e-06,"01_normal_2_vs_02_obesity_1","species","Highly Significant (p < 0.01)","Enriched in 01_normal_2"
"Terrisporobacter petrolearius",0.3030712105209,0.0818296983244638,0.301814835887879,"01_normal_2_vs_02_obesity_1","species","Not Significant","No Change"
"Emergencia sp. JLR.KK010",-0.213001082738944,0.439753302269946,0.760888480654132,"01_normal_2_vs_02_obesity_1","species","Not Significant","No Change"
"Emergencia timonensis",0.14348587100686,0.618778228471014,0.91282998545349,"01_normal_2_vs_02_obesity_1","species","Not Significant","No Change"
"Monoglobus pectinilyticus",0.231542073781486,0.244559664741695,0.591019570015696,"01_normal_2_vs_02_obesity_1","species","Not Significant","No Change"
"Faecalibacillus intestinalis",0.682950310946174,0.000307728919211581,0.00249844254521742,"01_normal_2_vs_02_obesity_1","species","Highly Significant (p < 0.01)","No Change"
"Thomasclavelia spiroformis",0.249523787404025,0.247283772561315,0.614773404752396,"01_normal_2_vs_02_obesity_1","species","Not Significant","No Change"
"Holdemania massiliensis",0.390530634054834,0.0694256242832677,0.254198386091554,"01_normal_2_vs_02_obesity_1","species","Not Significant","No Change"
"Phascolarctobacterium faecium",0.130771536416401,0.327641460391286,0.804372563030496,"01_normal_2_vs_02_obesity_1","species","Not Significant","No Change"
"Streptococcus thermophilus",1.96990269248208,8.8810413624764e-13,1.0768955854009e-10,"01_normal_2_vs_02_obesity_1","species","Highly Significant (p < 0.01)","Enriched in 01_normal_2"
"Enterococcus faecalis",0.986590044148029,7.38167462701934e-06,6.04734322976347e-05,"01_normal_2_vs_02_obesity_1","species","Highly Significant (p < 0.01)","No Change"
"Bifidobacterium longum",1.09855768119591,6.95791944564366e-07,8.58141717002712e-06,"01_normal_2_vs_02_obesity_1","species","Highly Significant (p < 0.01)","Enriched in 01_normal_2"
"Adlercreutzia equolifaciens",0.315081804142565,0.154366324298863,0.432706008631189,"01_normal_2_vs_02_obesity_1","species","Not Significant","No Change"
"Gordonibacter pamelaeae",-0.104872422641939,0.641454177496555,0.912439869270352,"01_normal_2_vs_02_obesity_1","species","Not Significant","No Change"
"Bacteroides uniformis",-0.106708053723484,0.572289208940127,0.99139426023495,"01_normal_2_vs_02_obesity_1","species","Not Significant","No Change"
"Bacteroides stercoris",-0.162418363069061,0.377706039716987,0.822768580437689,"01_normal_2_vs_02_obesity_1","species","Not Significant","No Change"
"Bacteroides sp. MSB163",-0.291030773053738,0.0986897577337176,0.328288378834767,"01_normal_2_vs_02_obesity_1","species","Not Significant","No Change"
"Bacteroides fragilis",0.24317029496518,0.314647688461399,0.82658398714011,"01_normal_2_vs_02_obesity_1","species","Not Significant","No Change"
"Bacteroides eggerthii",-0.161302660991669,0.214666282167547,0.571828463121575,"01_normal_2_vs_02_obesity_1","species","Not Significant","No Change"
"Bacteroides nordii",-0.213927668794482,0.192802121407296,0.50611732807417,"01_normal_2_vs_02_obesity_1","species","Not Significant","No Change"
"Phocaeicola vulgatus",-0.0827688380979067,0.936817787174683,1,"01_normal_2_vs_02_obesity_1","species","Not Significant","No Change"
"Phocaeicola dorei",0.205958916813468,0.272830392622604,0.756334940880482,"01_normal_2_vs_02_obesity_1","species","Not Significant","No Change"
"Alistipes senegalensis",-0.176337112509056,0.292570204670908,0.744356697317243,"01_normal_2_vs_02_obesity_1","species","Not Significant","No Change"
"Alistipes onderdonkii",0.153606065149687,0.33053518180295,0.819857251568506,"01_normal_2_vs_02_obesity_1","species","Not Significant","No Change"
"Alistipes finegoldii",-0.0664175392163943,0.642671670816462,0.952040234624896,"01_normal_2_vs_02_obesity_1","species","Not Significant","No Change"
"Alistipes communis",-0.256426403374198,0.105043050213962,0.330002233460156,"01_normal_2_vs_02_obesity_1","species","Not Significant","No Change"
"Alistipes ihumii",-0.363299314209294,0.0357036663948065,0.13697705000069,"01_normal_2_vs_02_obesity_1","species","Not Significant","No Change"
"Barnesiella viscericola",-0.192424697367768,0.330779335749025,0.733368798175405,"01_normal_2_vs_02_obesity_1","species","Not Significant","No Change"
"Odoribacter splanchnicus",-0.00999492629531328,0.838089370481567,0.997105868564644,"01_normal_2_vs_02_obesity_1","species","Not Significant","No Change"
"Parabacteroides merdae",-0.214998640949218,0.139272530060474,0.449877245683301,"01_normal_2_vs_02_obesity_1","species","Not Significant","No Change"
"Parabacteroides distasonis",-0.139658502444923,0.662434617196277,0.940449849067418,"01_normal_2_vs_02_obesity_1","species","Not Significant","No Change"
"Segatella copri",-0.408796250908119,0.00663801376353933,0.0399803878096373,"01_normal_2_vs_02_obesity_1","species","Significant (p < 0.05)","No Change"
"Aureibaculum algae",0.355372914748521,0.0715590867333275,0.277619310787565,"01_normal_2_vs_02_obesity_1","species","Not Significant","No Change"
"Spirosoma endbachense",0.293658449451097,0.213389559699183,0.55766737451433,"01_normal_2_vs_02_obesity_1","species","Not Significant","No Change"
"Sutterella wadsworthensis",-0.37411327610771,0.0169677446411975,0.082916199339355,"01_normal_2_vs_02_obesity_1","species","Not Significant","No Change"
"Duodenibacillus massiliensis",-0.417321290313249,0.0427228637160994,0.156661312411384,"01_normal_2_vs_02_obesity_1","species","Not Significant","No Change"
"Coprococcus comes",0.346172795269633,0.00912153283550407,0.0518488101810011,"01_normal_2_vs_02_obesity_1","species","Not Significant","No Change"
"Ruminococcus albus",0.260386235917538,0.228804590277441,0.547210817138199,"01_normal_2_vs_02_obesity_1","species","Not Significant","No Change"
"Eubacterium ramulus",0.120861858017722,0.462870436197322,0.926137123254717,"01_normal_2_vs_02_obesity_1","species","Not Significant","No Change"
"Veillonella parvula",-0.154264548389274,0.623652578008012,0.917883365951529,"01_normal_2_vs_02_obesity_1","species","Not Significant","No Change"
"Allobaculum mucilyticum",-0.0151622849570299,0.780710476654883,0.984707140949454,"01_normal_2_vs_02_obesity_1","species","Not Significant","No Change"
"Longicatena caecimuris",0.07231239491529,0.514011469722856,0.857474588757143,"01_normal_2_vs_02_obesity_1","species","Not Significant","No Change"
"Gordonibacter urolithinfaciens",-0.0421797713770468,0.683498054962796,0.933333542414259,"01_normal_2_vs_02_obesity_1","species","Not Significant","No Change"
"Turicimonas muris",0.254583891819288,0.156637131114985,0.523494262257114,"01_normal_2_vs_02_obesity_1","species","Not Significant","No Change"
"Haemophilus parainfluenzae",-0.139862675688112,0.563803301348236,0.893093203072274,"01_normal_2_vs_02_obesity_1","species","Not Significant","No Change"
"Coprococcus catus",0.0156741175759592,0.883398352455323,0.999075524438562,"01_normal_2_vs_02_obesity_1","species","Not Significant","No Change"
"Lachnoanaerobaculum umeaense",0.35535107423548,0.0626307128252577,0.250589196374301,"01_normal_2_vs_02_obesity_1","species","Not Significant","No Change"
"Candidatus Epulonipiscium viviparus",-0.173065664398868,0.28775429858127,0.624583392855282,"01_normal_2_vs_02_obesity_1","species","Not Significant","No Change"
"Stomatobaculum sp. F0698",-0.10875849027418,0.326230779022109,0.662430245465701,"01_normal_2_vs_02_obesity_1","species","Not Significant","No Change"
"Vescimonas coprocola",-0.178263138369343,0.171540725144743,0.503463851182756,"01_normal_2_vs_02_obesity_1","species","Not Significant","No Change"
"Vescimonas fastidiosa",-0.684901991441668,2.04287346991568e-05,0.000327518095493937,"01_normal_2_vs_02_obesity_1","species","Highly Significant (p < 0.01)","No Change"
"Clostridium perfringens",0.247735590102108,0.0932279015553132,0.346593030836432,"01_normal_2_vs_02_obesity_1","species","Not Significant","No Change"
"Aristaeella hokkaidonensis",-0.308693886791215,0.0436588261196911,0.174373294400361,"01_normal_2_vs_02_obesity_1","species","Not Significant","No Change"
"Romboutsia sp. 13368",0.214364556496061,0.20941362907696,0.559420754238884,"01_normal_2_vs_02_obesity_1","species","Not Significant","No Change"
"Christensenella sp. MSJ-20",-0.151578836107814,0.273468583620643,0.634846936397021,"01_normal_2_vs_02_obesity_1","species","Not Significant","No Change"
"Veillonella rogosae",-0.331399562298794,0.143578966398658,0.374659157336706,"01_normal_2_vs_02_obesity_1","species","Not Significant","No Change"
"Bacteroides caccae",0.00562905982592871,0.833063973752191,1,"01_normal_2_vs_02_obesity_1","species","Not Significant","No Change"
"Bacteroides salyersiae",0.191018119527836,0.333073949924862,0.74703439001825,"01_normal_2_vs_02_obesity_1","species","Not Significant","No Change"
"Bacteroides zhangwenhongii",-0.466578220350708,0.0039693473453633,0.0242070631150123,"01_normal_2_vs_02_obesity_1","species","Significant (p < 0.05)","No Change"
"Alistipes shahii",-0.259240603905305,0.0293592051134322,0.127765062285174,"01_normal_2_vs_02_obesity_1","species","Not Significant","No Change"
"Butyricimonas paravirosa",-0.368357715623397,0.104126293921787,0.294949085001112,"01_normal_2_vs_02_obesity_1","species","Not Significant","No Change"
"Bacteroides helcogenes",-0.560570387528273,0.000562045310174302,0.00482862987687862,"01_normal_2_vs_02_obesity_1","species","Highly Significant (p < 0.01)","No Change"
"Phocaeicola coprophilus",-0.681052983837276,3.50123221425601e-05,0.000501130917369437,"01_normal_2_vs_02_obesity_1","species","Highly Significant (p < 0.01)","No Change"
"Akkermansia muciniphila",0.102988780247686,0.222909661268579,0.611045922033104,"01_normal_2_vs_02_obesity_1","species","Not Significant","No Change"
"Bacteroides intestinalis",-0.461227674129029,0.0097525090972148,0.0436917021229686,"01_normal_2_vs_02_obesity_1","species","Significant (p < 0.05)","No Change"
"Phocaeicola salanitronis",-0.755800441521864,1.26787927380422e-05,0.000208727880884471,"01_normal_2_vs_02_obesity_1","species","Highly Significant (p < 0.01)","No Change"
"Parabacteroides goldsteinii",-0.536705866135663,0.00106646788814104,0.00846865155179491,"01_normal_2_vs_02_obesity_1","species","Highly Significant (p < 0.01)","No Change"
"Paraprevotella clara",-0.575523440918757,0.00123831492084182,0.0096251236921511,"01_normal_2_vs_02_obesity_1","species","Highly Significant (p < 0.01)","No Change"
"Dellaglioa sp. P0083",-0.281630059085252,0.163225523180206,0.417765241108071,"01_normal_2_vs_02_obesity_1","species","Not Significant","No Change"
"Clostridium sp. M62/1",-0.146290146842247,0.70804276998698,0.95187498287585,"01_normal_2_vs_02_obesity_1","species","Not Significant","No Change"
"Clostridium sp. MD294",-0.271194911104568,0.176068740491222,0.456236697366886,"01_normal_2_vs_02_obesity_1","species","Not Significant","No Change"
"Eisenbergiella porci",-0.164699048062604,0.389800034781723,0.713026651552667,"01_normal_2_vs_02_obesity_1","species","Not Significant","No Change"
"Coprobacter fastidiosus",-0.384968051437291,0.0217088690790894,0.0909796641023644,"01_normal_2_vs_02_obesity_1","species","Not Significant","No Change"
"Megamonas funiformis",-0.775307232815173,5.99102138015666e-06,0.000129442088523847,"01_normal_2_vs_02_obesity_1","species","Highly Significant (p < 0.01)","No Change"
"Acidaminococcus intestini",-0.0618513098215422,0.362146494734405,0.779653704604935,"01_normal_2_vs_02_obesity_1","species","Not Significant","No Change"
"Anaeromicropila herbilytica",-0.143201628284532,0.331162478463703,0.752545902245931,"01_normal_2_vs_02_obesity_1","species","Not Significant","No Change"
"Alistipes dispar",-0.413648931270701,0.0210490921217984,0.0900984834546298,"01_normal_2_vs_02_obesity_1","species","Not Significant","No Change"
"Aristaeella lactis",-0.283669366832066,0.199443038119474,0.47774900917676,"01_normal_2_vs_02_obesity_1","species","Not Significant","No Change"
"Anaeropeptidivorans aminofermentans",0.0865098737331751,0.704413292323272,0.957835856781273,"01_normal_2_vs_02_obesity_1","species","Not Significant","No Change"
"Coraliomargarita akajimensis",0.0362504325331776,0.764983379682392,0.964007399869528,"01_normal_2_vs_02_obesity_1","species","Not Significant","No Change"
"Petroclostridium sp. X23",-0.263747654555448,0.154461330613586,0.376587522804181,"01_normal_2_vs_02_obesity_1","species","Not Significant","No Change"
"Caldinitratiruptor microaerophilus",-0.350749398889848,0.107243226186048,0.302964068788832,"01_normal_2_vs_02_obesity_1","species","Not Significant","No Change"
"Anoxybacillus gonensis",-0.216531818382169,0.345084958069578,0.671898451164824,"01_normal_2_vs_02_obesity_1","species","Not Significant","No Change"
"Caldilinea aerophila",-0.374641414955107,0.0451055999674495,0.157274519074725,"01_normal_2_vs_02_obesity_1","species","Not Significant","No Change"
"Alistipes sp. dk3624",-0.480826243966954,0.00640641729166782,0.0334538648468246,"01_normal_2_vs_02_obesity_1","species","Significant (p < 0.05)","No Change"
"Alistipes indistinctus",-0.44911275993339,0.00679223549102369,0.0349836150259746,"01_normal_2_vs_02_obesity_1","species","Significant (p < 0.05)","No Change"
"Butyricimonas faecihominis",-0.249906595868671,0.389329582333857,0.718877644167714,"01_normal_2_vs_02_obesity_1","species","Not Significant","No Change"
"Butyricimonas virosa",-0.315331576500865,0.124490689605332,0.361326082002477,"01_normal_2_vs_02_obesity_1","species","Not Significant","No Change"
"Salmonella enterica",-0.114526136550184,0.674579363521257,0.97422684168315,"01_normal_2_vs_02_obesity_1","species","Not Significant","No Change"
"Escherichia coli",0.00450619310158463,0.54317365905958,0.906876997181286,"01_normal_2_vs_02_obesity_1","species","Not Significant","No Change"
"Klebsiella pneumoniae",-0.194390899579044,0.60530578894839,0.916173633699503,"01_normal_2_vs_02_obesity_1","species","Not Significant","No Change"
"Wansuia hejianensis",-0.044658220296806,0.61226986342032,0.882487074683893,"01_normal_2_vs_02_obesity_1","species","Not Significant","No Change"
"Ruthenibacterium sp. TH_2024_36131",-0.21560773227531,0.27130162627453,0.540154438907737,"01_normal_2_vs_02_obesity_1","species","Not Significant","No Change"
"Thomasclavelia ramosa",-0.107523031757951,0.656799610493371,0.940277225851452,"01_normal_2_vs_02_obesity_1","species","Not Significant","No Change"
"Dialister succinatiphilus",-0.786650760694093,9.39719926524966e-06,0.000153792655684332,"01_normal_2_vs_02_obesity_1","species","Highly Significant (p < 0.01)","No Change"
"Parabacteroides sp. AD58",-0.652204737207565,0.00138376977312739,0.00744345190593508,"01_normal_2_vs_02_obesity_1","species","Highly Significant (p < 0.01)","No Change"
"Thermocaproicibacter melissae",-0.104407261290186,0.442152163978688,0.736656684437555,"01_normal_2_vs_02_obesity_1","species","Not Significant","No Change"
"Christensenella massiliensis",-0.0724321336322525,0.532008360267823,0.818884310858677,"01_normal_2_vs_02_obesity_1","species","Not Significant","No Change"
"Phascolarctobacterium succinatutens",-0.439076487314709,0.00543694329228047,0.0326912117634701,"01_normal_2_vs_02_obesity_1","species","Significant (p < 0.05)","No Change"
"Bacillus sp. ZHX3",-0.435961076139101,0.012529416888637,0.0601949360733602,"01_normal_2_vs_02_obesity_1","species","Not Significant","No Change"
"Prevotella sp. Rep29",-0.68458713503208,0.000629123584504022,0.00386778978537226,"01_normal_2_vs_02_obesity_1","species","Highly Significant (p < 0.01)","No Change"
"Prevotella bivia",-0.566512922189944,0.000537182866615232,0.00434306921940615,"01_normal_2_vs_02_obesity_1","species","Highly Significant (p < 0.01)","No Change"
"Vibrio tapetis",-0.241098204009994,0.278170555708596,0.620948141894057,"01_normal_2_vs_02_obesity_1","species","Not Significant","No Change"
"Clostridium thermarum",-0.52355709952416,0.00424536163533248,0.0196466884382049,"01_normal_2_vs_02_obesity_1","species","Significant (p < 0.05)","No Change"
