"baseMean","log2FoldChange","lfcSE","stat","pvalue","padj","taxon","comparison","level","significance","direction"
2612.38199142794,4.08565295613626,0.374213726535099,10.9179665694413,9.45897901297114e-28,7.98758227762007e-27,"Blautia obeum","02_obesity_1_vs_01_normal_2","species","Highly Significant (p < 0.01)","Enriched in 02_obesity_1"
39.2107372897717,5.1310929338013,0.464465494580227,11.0473070522465,2.25889465760406e-28,2.01971757621069e-27,"Blautia hydrogenotrophica","02_obesity_1_vs_01_normal_2","species","Highly Significant (p < 0.01)","Enriched in 02_obesity_1"
154.29914596925,8.08791924399409,0.534130872371107,15.142205145511,8.53047003728951e-52,1.29663144566801e-49,"Blautia argi","02_obesity_1_vs_01_normal_2","species","Highly Significant (p < 0.01)","Enriched in 02_obesity_1"
166.999627015445,7.31320433308955,0.522289234926624,14.0022115028217,1.5109475942101e-44,6.82573451894777e-43,"Blautia luti","02_obesity_1_vs_01_normal_2","species","Highly Significant (p < 0.01)","Enriched in 02_obesity_1"
145.475414601751,5.50689585423826,0.595658886953476,9.245049431569,2.35132001047234e-20,1.42960256636718e-19,"Blautia sp. SC05B48","02_obesity_1_vs_01_normal_2","species","Highly Significant (p < 0.01)","Enriched in 02_obesity_1"
1122.26949109607,3.10382069702894,0.409126448954209,7.58645818416968,3.28768384754652e-14,1.4697880730208e-13,"Anaerostipes hadrus","02_obesity_1_vs_01_normal_2","species","Highly Significant (p < 0.01)","Enriched in 02_obesity_1"
1792.13585911431,6.0950728484546,0.509442611075751,11.9641991383173,5.47230194379912e-33,6.39838381121128e-32,"Dorea longicatena","02_obesity_1_vs_01_normal_2","species","Highly Significant (p < 0.01)","Enriched in 02_obesity_1"
380.695787759018,3.82989651995052,0.50646557915995,7.5620075233997,3.96895420755153e-14,1.72366011299381e-13,"Dorea formicigenerans","02_obesity_1_vs_01_normal_2","species","Highly Significant (p < 0.01)","Enriched in 02_obesity_1"
716.207066179522,6.12074808445455,0.479888612778869,12.754518280839,2.94187700832234e-37,4.47165305264996e-36,"Anaerobutyricum hallii","02_obesity_1_vs_01_normal_2","species","Highly Significant (p < 0.01)","Enriched in 02_obesity_1"
288.957140882659,8.90398374986524,0.639102732505821,13.9320070107573,4.04817829942906e-44,1.02553850252203e-42,"Roseburia intestinalis","02_obesity_1_vs_01_normal_2","species","Highly Significant (p < 0.01)","Enriched in 02_obesity_1"
43.4369816979777,-1.06189647950038,0.563592932747525,-1.88415506618157,0.0595440035035147,0.0793920046713529,"Roseburia sp. 499","02_obesity_1_vs_01_normal_2","species","Not Significant","No Change"
1836.51311336378,3.7206868190309,0.383175578240895,9.71013558878687,2.72973748378183e-22,1.88600044334017e-21,"[Ruminococcus] torques","02_obesity_1_vs_01_normal_2","species","Highly Significant (p < 0.01)","Enriched in 02_obesity_1"
1149.27968331194,4.8424407760451,0.651223927610726,7.43590732885311,1.0385262770594e-13,4.26637821927105e-13,"Mediterraneibacter gnavus","02_obesity_1_vs_01_normal_2","species","Highly Significant (p < 0.01)","Enriched in 02_obesity_1"
73.0256507510501,5.16864230904589,0.521097391081642,9.91876451025274,3.45000072917954e-23,2.49714338492995e-22,"Mediterraneibacter glycyrrhizinilyticus","02_obesity_1_vs_01_normal_2","species","Highly Significant (p < 0.01)","Enriched in 02_obesity_1"
229.340396164205,3.5770618297465,0.635695735129152,5.62700303317241,1.83367504526466e-08,4.88980012070577e-08,"[Ruminococcus] lactaris","02_obesity_1_vs_01_normal_2","species","Highly Significant (p < 0.01)","Enriched in 02_obesity_1"
1018.3391361743,1.63208049125065,0.380287455084696,4.29170215695692,1.77308675815012e-05,3.7431831560947e-05,"Claveliimonas bilis","02_obesity_1_vs_01_normal_2","species","Highly Significant (p < 0.01)","Enriched in 02_obesity_1"
1680.54253272292,0.65026299642374,0.443664674926065,1.46566322083701,0.142740058645149,0.174971684790827,"Lachnospira eligens","02_obesity_1_vs_01_normal_2","species","Not Significant","No Change"
145.938649548673,0.487107948399959,0.492371562386806,0.98930967101079,0.322511653809523,0.363124232437388,"Chakrabartyella piscis","02_obesity_1_vs_01_normal_2","species","Not Significant","No Change"
165.545505499599,-0.348183165153759,0.522561448431074,-0.666300903365788,0.505218788295966,0.556472868268021,"Lacrimispora sp. JR3","02_obesity_1_vs_01_normal_2","species","Not Significant","No Change"
10.3768428656169,3.75812356382069,0.458989797626744,8.18781503042655,2.6601122991376e-16,1.30431312731908e-15,"Sellimonas catena","02_obesity_1_vs_01_normal_2","species","Highly Significant (p < 0.01)","Enriched in 02_obesity_1"
11.0769122726811,3.09708518978371,0.506303709956847,6.11705015957256,9.53233694139233e-10,3.01857336477424e-09,"Sellimonas intestinalis","02_obesity_1_vs_01_normal_2","species","Highly Significant (p < 0.01)","Enriched in 02_obesity_1"
987.063586438799,0.131282527557161,0.551695087089024,0.237962111009295,0.811910481183092,0.851106159585035,"Simiaoa sunii","02_obesity_1_vs_01_normal_2","species","Not Significant","No Change"
517.175300583168,0.297718106092978,0.339812757358866,0.876123981945054,0.380962636657277,0.42267387424749,"[Clostridium] symbiosum","02_obesity_1_vs_01_normal_2","species","Not Significant","No Change"
19.4920691432839,4.59456405132149,0.501390660507648,9.16364107514406,5.01751435048836e-20,2.93331608182396e-19,"[Clostridium] scindens","02_obesity_1_vs_01_normal_2","species","Highly Significant (p < 0.01)","Enriched in 02_obesity_1"
24.9990711029794,2.68083667652627,0.520759274995433,5.14793841463463,2.633649237496e-07,6.354201334911e-07,"Agathobacter rectalis","02_obesity_1_vs_01_normal_2","species","Highly Significant (p < 0.01)","Enriched in 02_obesity_1"
22.687854263683,0.189946299794192,0.513961736875882,0.36957284203447,0.711700789506213,0.756493146887723,"Hungatella hathewayi","02_obesity_1_vs_01_normal_2","species","Not Significant","No Change"
67.9043222259994,0.500374435379413,0.52759994102746,0.94839744372407,0.342927160301021,0.383271532101141,"[Clostridium] colinum","02_obesity_1_vs_01_normal_2","species","Not Significant","No Change"
4.26017527245212,2.20618086897133,0.320412651193484,6.88543620469939,5.76107282016169e-12,2.08495968729661e-11,"Marvinbryantia formatexigens","02_obesity_1_vs_01_normal_2","species","Highly Significant (p < 0.01)","Enriched in 02_obesity_1"
7582.71376777035,0.745987592234292,0.305830723616486,2.43921730103797,0.0147191142792324,0.0215125516388781,"Faecalibacterium prausnitzii","02_obesity_1_vs_01_normal_2","species","Significant (p < 0.05)","No Change"
515.772341251571,0.726139203768114,0.648381170810099,1.11992642053572,0.262745118404785,0.300280135319754,"Faecalibacterium taiwanense","02_obesity_1_vs_01_normal_2","species","Not Significant","No Change"
805.065646138381,3.03518644795737,0.607519709272042,4.99602959646243,5.85226828433765e-07,1.32767877495421e-06,"Ruminococcus bicirculans (ex Wegman et al. 2014)","02_obesity_1_vs_01_normal_2","species","Highly Significant (p < 0.01)","Enriched in 02_obesity_1"
291.336185890899,2.64338527188405,0.541086252934748,4.88533067980722,1.03255408119447e-06,2.27461188900812e-06,"Ruminococcus champanellensis","02_obesity_1_vs_01_normal_2","species","Highly Significant (p < 0.01)","Enriched in 02_obesity_1"
1315.65550569392,2.4970893807495,0.434672578393878,5.74475940022783,9.20517796296098e-09,2.69074432763475e-08,"Solibaculum mannosilyticum","02_obesity_1_vs_01_normal_2","species","Highly Significant (p < 0.01)","Enriched in 02_obesity_1"
179.354012464458,0.671950893866272,0.450608231970965,1.49120865130926,0.135906723019809,0.167949771536675,"Lawsonibacter asaccharolyticus","02_obesity_1_vs_01_normal_2","species","Not Significant","No Change"
346.87856486192,1.24855619823756,0.474303904147755,2.63239705032791,0.00847847140254561,0.012634584835166,"Paludicola sp. MB14-C6","02_obesity_1_vs_01_normal_2","species","Significant (p < 0.05)","Enriched in 02_obesity_1"
219.405671192326,2.48014880155472,0.438440157196138,5.65675557051044,1.54261207672483e-08,4.18708992253883e-08,"Flavonifractor plautii","02_obesity_1_vs_01_normal_2","species","Highly Significant (p < 0.01)","Enriched in 02_obesity_1"
47.6073600656115,2.29225751368044,0.453389392932654,5.05582519002805,4.28533735669794e-07,1.01776762221576e-06,"Anaerotruncus colihominis","02_obesity_1_vs_01_normal_2","species","Highly Significant (p < 0.01)","Enriched in 02_obesity_1"
74.8871542962868,0.68594824672518,0.510138150348532,1.34463232411952,0.178743999383024,0.210613084544338,"Ruthenibacterium lactatiformans","02_obesity_1_vs_01_normal_2","species","Not Significant","No Change"
210.512362679022,-0.886813210159922,0.441775570173,-2.00738399774493,0.0447087913810177,0.0601392592027849,"Oscillibacter hominis","02_obesity_1_vs_01_normal_2","species","Not Significant","No Change"
33.0715436189441,0.00118516248117548,0.495250581703628,0.00239305621226855,0.998090619217512,0.999936806408751,"Pusillibacter faecalis","02_obesity_1_vs_01_normal_2","species","Not Significant","No Change"
6.88107736246526,0.780153133638958,0.442860113194972,1.76162429262509,0.0781327967392376,0.100645636477662,"Flintibacter sp. KGMB00164","02_obesity_1_vs_01_normal_2","species","Not Significant","No Change"
50.164871361043,1.63254445392352,0.47695748412715,3.4228301436786,0.000619727896422222,0.00109533302623463,"Intestinimonas butyriciproducens","02_obesity_1_vs_01_normal_2","species","Highly Significant (p < 0.01)","Enriched in 02_obesity_1"
10.8747025482406,3.69461217577668,0.46511659679731,7.94341075166305,1.96696234818247e-15,9.05994778556772e-15,"Massilistercora timonensis","02_obesity_1_vs_01_normal_2","species","Highly Significant (p < 0.01)","Enriched in 02_obesity_1"
140.456782143244,1.0980534409263,0.521363947097374,2.1061169400753,0.035194195694156,0.0477635512992117,"Eubacterium ventriosum","02_obesity_1_vs_01_normal_2","species","Significant (p < 0.05)","Enriched in 02_obesity_1"
63.3251609411932,6.30028907686725,0.477022340511964,13.2075346200882,7.9382018873513e-40,1.34067409653044e-38,"Clostridium sp. C45","02_obesity_1_vs_01_normal_2","species","Highly Significant (p < 0.01)","Enriched in 02_obesity_1"
21.0676756127962,0.324918013315129,0.519214466889177,0.625787673563573,0.531454217941407,0.581158569259669,"Clostridium thermosuccinogenes","02_obesity_1_vs_01_normal_2","species","Not Significant","No Change"
57.5780131392042,3.6543387578894,0.490459044364746,7.45085405168252,9.27379100693265e-14,3.91560064737156e-13,"Acutalibacter muris","02_obesity_1_vs_01_normal_2","species","Highly Significant (p < 0.01)","Enriched in 02_obesity_1"
316.253362716076,6.91614203460223,0.56175356004142,12.3117012985058,7.83538879309386e-35,1.08270826959115e-33,"Intestinibacter bartlettii","02_obesity_1_vs_01_normal_2","species","Highly Significant (p < 0.01)","Enriched in 02_obesity_1"
101.273585940172,7.40740146587805,0.510610589428133,14.5069483854107,1.09483978197319e-47,8.32078234299625e-46,"Clostridioides difficile","02_obesity_1_vs_01_normal_2","species","Highly Significant (p < 0.01)","Enriched in 02_obesity_1"
82.0372019785475,7.03743246032094,0.58313314643225,12.06831150549,1.55287846786438e-33,1.96697939262821e-32,"Terrisporobacter petrolearius","02_obesity_1_vs_01_normal_2","species","Highly Significant (p < 0.01)","Enriched in 02_obesity_1"
16.3192766308506,3.05736395343893,0.505800221299325,6.04460778127976,1.49773903200427e-09,4.64604760948263e-09,"Emergencia sp. JLR.KK010","02_obesity_1_vs_01_normal_2","species","Highly Significant (p < 0.01)","Enriched in 02_obesity_1"
18.3231017510354,1.71551988424377,0.493015853128693,3.47964446448737,0.000502079594821792,0.000897836451916616,"Emergencia timonensis","02_obesity_1_vs_01_normal_2","species","Highly Significant (p < 0.01)","Enriched in 02_obesity_1"
27.1987016744439,4.50953658561261,0.527630781080553,8.54676555521909,1.26585964087638e-17,6.63485053148998e-17,"Monoglobus pectinilyticus","02_obesity_1_vs_01_normal_2","species","Highly Significant (p < 0.01)","Enriched in 02_obesity_1"
822.675619713226,7.33411754626775,0.538150389992251,13.6283791346381,2.71544501646373e-42,5.89639489289267e-41,"Faecalibacillus intestinalis","02_obesity_1_vs_01_normal_2","species","Highly Significant (p < 0.01)","Enriched in 02_obesity_1"
11.9085219589845,4.21003868614832,0.438589012561164,9.59905188131271,8.0683162960905e-22,5.10993365419065e-21,"Thomasclavelia spiroformis","02_obesity_1_vs_01_normal_2","species","Highly Significant (p < 0.01)","Enriched in 02_obesity_1"
9.19040778803384,1.29505832820003,0.391696680161396,3.30627854100374,0.000945440528179694,0.00163303363958311,"Holdemania massiliensis","02_obesity_1_vs_01_normal_2","species","Highly Significant (p < 0.01)","Enriched in 02_obesity_1"
2330.63721256988,3.26537009372516,0.652966511900085,5.00082321867192,5.70860384267576e-07,1.31470876376775e-06,"Phascolarctobacterium faecium","02_obesity_1_vs_01_normal_2","species","Highly Significant (p < 0.01)","Enriched in 02_obesity_1"
582.444256404421,6.39273114544647,0.589498381317253,10.8443574198825,2.12121186784867e-27,1.69696949427894e-26,"Streptococcus thermophilus","02_obesity_1_vs_01_normal_2","species","Highly Significant (p < 0.01)","Enriched in 02_obesity_1"
76.0734926809659,2.76065038084962,0.469256345031637,5.88303261123406,4.02816517567898e-09,1.22456221340641e-08,"Enterococcus faecalis","02_obesity_1_vs_01_normal_2","species","Highly Significant (p < 0.01)","Enriched in 02_obesity_1"
1065.71009525901,8.15551312612275,0.607147710330309,13.4325024822804,3.90005706106554e-41,7.41010841602452e-40,"Bifidobacterium longum","02_obesity_1_vs_01_normal_2","species","Highly Significant (p < 0.01)","Enriched in 02_obesity_1"
13.0723801044137,4.1791681926253,0.458341715793785,9.11801838806565,7.65104381125919e-20,4.30725429374591e-19,"Adlercreutzia equolifaciens","02_obesity_1_vs_01_normal_2","species","Highly Significant (p < 0.01)","Enriched in 02_obesity_1"
8.32366011010232,3.20469912729375,0.482717623834784,6.63886912152724,3.16098905361254e-11,1.11737287476536e-10,"Gordonibacter pamelaeae","02_obesity_1_vs_01_normal_2","species","Highly Significant (p < 0.01)","Enriched in 02_obesity_1"
5142.96895330621,1.21679148345078,0.444298743990056,2.73867864789195,0.00616866359868458,0.00956772313265363,"Bacteroides uniformis","02_obesity_1_vs_01_normal_2","species","Highly Significant (p < 0.01)","Enriched in 02_obesity_1"
660.016008395919,1.32928483055192,0.745063375803699,1.78412316820435,0.0744036533670567,0.096661156511048,"Bacteroides stercoris","02_obesity_1_vs_01_normal_2","species","Not Significant","No Change"
45.5789291187496,1.32619562566884,0.572095274503036,2.31813770323635,0.0204418384011656,0.0290388732427773,"Bacteroides sp. MSB163","02_obesity_1_vs_01_normal_2","species","Significant (p < 0.05)","Enriched in 02_obesity_1"
2086.48001156289,-1.05230917562662,0.741471051284734,-1.41921815262148,0.155835425296937,0.187723317223648,"Bacteroides fragilis","02_obesity_1_vs_01_normal_2","species","Not Significant","No Change"
317.631261308078,-2.02559584399024,0.628117438667962,-3.22486802513537,0.00126030752822421,0.00212851938100088,"Bacteroides eggerthii","02_obesity_1_vs_01_normal_2","species","Highly Significant (p < 0.01)","Enriched in 01_normal_2"
48.1336207022729,-0.13445948217856,0.586055206477521,-0.229431426753679,0.818533612499934,0.852171980136918,"Bacteroides nordii","02_obesity_1_vs_01_normal_2","species","Not Significant","No Change"
7969.69233375868,1.22872344571053,0.465189111004152,2.64134180410676,0.00825783617709244,0.012427634642753,"Phocaeicola vulgatus","02_obesity_1_vs_01_normal_2","species","Significant (p < 0.05)","Enriched in 02_obesity_1"
1700.35335926325,1.01123712564137,0.759415501075073,1.33159926839761,0.182991905479402,0.212326485747092,"Phocaeicola dorei","02_obesity_1_vs_01_normal_2","species","Not Significant","No Change"
1163.92723703905,-0.758483527603771,0.546017200098381,-1.38912020988919,0.164796199216076,0.19569548656909,"Alistipes senegalensis","02_obesity_1_vs_01_normal_2","species","Not Significant","No Change"
404.545875642961,0.0315059471509322,0.609810580821843,0.0516651369159118,0.958795516832208,0.971579457056638,"Alistipes onderdonkii","02_obesity_1_vs_01_normal_2","species","Not Significant","No Change"
276.732408375205,-0.344030496409603,0.615404713017762,-0.559031299455897,0.576140359326354,0.625523818697184,"Alistipes finegoldii","02_obesity_1_vs_01_normal_2","species","Not Significant","No Change"
103.019809087587,-1.89328921390612,0.536456002208444,-3.52925348232093,0.000416733759740687,0.00078201890716771,"Alistipes communis","02_obesity_1_vs_01_normal_2","species","Highly Significant (p < 0.01)","Enriched in 01_normal_2"
66.7980261555676,-1.35626792281248,0.484286996334713,-2.8005458190645,0.00510162645201122,0.00807757521568443,"Alistipes ihumii","02_obesity_1_vs_01_normal_2","species","Highly Significant (p < 0.01)","Enriched in 01_normal_2"
200.139464877446,1.80511362544415,0.611236765008727,2.95321506948028,0.00314482777642267,0.00508525342570474,"Barnesiella viscericola","02_obesity_1_vs_01_normal_2","species","Highly Significant (p < 0.01)","Enriched in 02_obesity_1"
194.859288474361,-0.148008856360515,0.486015779839683,-0.304535084044672,0.760720268006914,0.802982505118409,"Odoribacter splanchnicus","02_obesity_1_vs_01_normal_2","species","Not Significant","No Change"
1451.20677814245,-0.0815524261825538,0.53956015471437,-0.151146124245823,0.879860448529999,0.903640460652432,"Parabacteroides merdae","02_obesity_1_vs_01_normal_2","species","Not Significant","No Change"
66.7565202630643,3.35021099021338,0.587139876223673,5.7059844270177,1.15672574750334e-08,3.25596877075013e-08,"Parabacteroides distasonis","02_obesity_1_vs_01_normal_2","species","Highly Significant (p < 0.01)","Enriched in 02_obesity_1"
10160.6150955414,-0.97920292989451,0.82149649621526,-1.19197456642338,0.233271218076112,0.268615342027038,"Segatella copri","02_obesity_1_vs_01_normal_2","species","Not Significant","No Change"
74.9782000728526,3.00502548185774,0.519245097696619,5.78729677986002,7.15281407809604e-09,2.13181909778549e-08,"Aureibaculum algae","02_obesity_1_vs_01_normal_2","species","Highly Significant (p < 0.01)","Enriched in 02_obesity_1"
8.40863227300283,1.61604129363195,0.391502037279698,4.12779791609977,3.66253762656224e-05,7.42274292316613e-05,"Spirosoma endbachense","02_obesity_1_vs_01_normal_2","species","Highly Significant (p < 0.01)","Enriched in 02_obesity_1"
236.996293401727,-0.886011741893891,0.664570259171218,-1.33321004012252,0.182462885433445,0.212326485747092,"Sutterella wadsworthensis","02_obesity_1_vs_01_normal_2","species","Not Significant","No Change"
36.511315880731,4.78544730494598e-05,0.604212300910921,7.92014213833674e-05,0.999936806408751,0.999936806408751,"Duodenibacillus massiliensis","02_obesity_1_vs_01_normal_2","species","Not Significant","No Change"
765.01636107744,3.02911383877123,0.540721387244044,5.60198636530739,2.11909228567307e-08,5.45935639698824e-08,"Coprococcus comes","02_obesity_1_vs_01_normal_2","species","Highly Significant (p < 0.01)","Enriched in 02_obesity_1"
139.295790097842,3.58118689841613,0.550294814431386,6.50776057578616,7.62793629549674e-11,2.57654737092334e-10,"Ruminococcus albus","02_obesity_1_vs_01_normal_2","species","Highly Significant (p < 0.01)","Enriched in 02_obesity_1"
307.053796910366,2.76922632375421,0.493651214035768,5.60968198804747,2.02698742189866e-08,5.31210496773443e-08,"Eubacterium ramulus","02_obesity_1_vs_01_normal_2","species","Highly Significant (p < 0.01)","Enriched in 02_obesity_1"
21.6221829291698,2.71752326804325,0.582784831017318,4.66299588357421,3.11638989232891e-06,6.67170793850696e-06,"Veillonella parvula","02_obesity_1_vs_01_normal_2","species","Highly Significant (p < 0.01)","Enriched in 02_obesity_1"
196.956885631645,4.08023378896424,0.61783561221367,6.6040767289943,4.00002325555326e-11,1.38182621555476e-10,"Allobaculum mucilyticum","02_obesity_1_vs_01_normal_2","species","Highly Significant (p < 0.01)","Enriched in 02_obesity_1"
28.0855431973965,5.20336866279966,0.501863101796089,10.3681036604955,3.46329194283578e-25,2.63210187655519e-24,"Longicatena caecimuris","02_obesity_1_vs_01_normal_2","species","Highly Significant (p < 0.01)","Enriched in 02_obesity_1"
16.539532727889,4.2779934400695,0.509825025502389,8.39110131138404,4.81609076250595e-17,2.44015265300301e-16,"Gordonibacter urolithinfaciens","02_obesity_1_vs_01_normal_2","species","Highly Significant (p < 0.01)","Enriched in 02_obesity_1"
621.802300896741,2.80938689990279,0.658610729888986,4.26562576709968,1.99342681085416e-05,4.15069692123059e-05,"Turicimonas muris","02_obesity_1_vs_01_normal_2","species","Highly Significant (p < 0.01)","Enriched in 02_obesity_1"
36.712048375988,2.14587921549069,0.610799722611662,3.51322886381696,0.000442695979206168,0.00082060718096753,"Haemophilus parainfluenzae","02_obesity_1_vs_01_normal_2","species","Highly Significant (p < 0.01)","Enriched in 02_obesity_1"
165.783522362774,1.49767795318312,0.594364822661437,2.51979574847118,0.0117422949706276,0.0173284352964602,"Coprococcus catus","02_obesity_1_vs_01_normal_2","species","Significant (p < 0.05)","Enriched in 02_obesity_1"
64.1727074884569,3.30614587914331,0.523264999748123,6.31830120633855,2.6445419545113e-10,8.55256121458974e-10,"Lachnoanaerobaculum umeaense","02_obesity_1_vs_01_normal_2","species","Highly Significant (p < 0.01)","Enriched in 02_obesity_1"
25.9801008526341,-1.66433505561931,0.504769542690596,-3.29721767036068,0.000976477922112587,0.00166769263102374,"Candidatus Epulonipiscium viviparus","02_obesity_1_vs_01_normal_2","species","Highly Significant (p < 0.01)","Enriched in 01_normal_2"
10.6992396082088,-1.66680635329029,0.477949279687991,-3.48741262750389,0.00048771825194533,0.00089317077464687,"Stomatobaculum sp. F0698","02_obesity_1_vs_01_normal_2","species","Highly Significant (p < 0.01)","Enriched in 01_normal_2"
552.676707155005,-0.121441336632515,0.587987571967522,-0.206537250823429,0.836371269991631,0.864819272372299,"Vescimonas coprocola","02_obesity_1_vs_01_normal_2","species","Not Significant","No Change"
525.093345276139,-2.86070816762288,0.535117501447165,-5.34594394667792,8.99470433167974e-08,2.24130337445135e-07,"Vescimonas fastidiosa","02_obesity_1_vs_01_normal_2","species","Highly Significant (p < 0.01)","Enriched in 01_normal_2"
183.930068854024,7.99625233623788,0.57186289732806,13.9828136667007,1.98483136277777e-44,6.82573451894777e-43,"Clostridium perfringens","02_obesity_1_vs_01_normal_2","species","Highly Significant (p < 0.01)","Enriched in 02_obesity_1"
290.573958238786,-1.76796874684034,0.653106195247227,-2.70701573451021,0.00678910395610997,0.0104236747608961,"Aristaeella hokkaidonensis","02_obesity_1_vs_01_normal_2","species","Significant (p < 0.05)","Enriched in 01_normal_2"
29.0582541581662,5.59410532640619,0.500777540354592,11.1708390964281,5.66432354427538e-29,5.38110736706162e-28,"Romboutsia sp. 13368","02_obesity_1_vs_01_normal_2","species","Highly Significant (p < 0.01)","Enriched in 02_obesity_1"
81.4576184419654,-1.34227236252095,0.551281796280017,-2.43482076059547,0.014899167953092,0.0215683193225713,"Christensenella sp. MSJ-20","02_obesity_1_vs_01_normal_2","species","Significant (p < 0.05)","Enriched in 01_normal_2"
25.4231323905501,1.36305145669913,0.579310219092176,2.35288695378987,0.0186282964107761,0.0267122740984714,"Veillonella rogosae","02_obesity_1_vs_01_normal_2","species","Significant (p < 0.05)","Enriched in 02_obesity_1"
1359.13644713767,2.41442897386857,0.599571378570372,4.02692500036538,5.65110480785845e-05,0.000113022096157169,"Bacteroides caccae","02_obesity_1_vs_01_normal_2","species","Highly Significant (p < 0.01)","Enriched in 02_obesity_1"
31.4280191050565,2.40826426492079,0.577641636250085,4.16913206006874,3.05761794289213e-05,6.28051253134599e-05,"Bacteroides salyersiae","02_obesity_1_vs_01_normal_2","species","Highly Significant (p < 0.01)","Enriched in 02_obesity_1"
59.7979664370341,-1.19904874123431,0.653234584090354,-1.83555612399797,0.0664233313263519,0.08703746863453,"Bacteroides zhangwenhongii","02_obesity_1_vs_01_normal_2","species","Not Significant","No Change"
178.959425905735,-0.809615572684206,0.540673111752694,-1.49742155673265,0.134283602628662,0.167304160652103,"Alistipes shahii","02_obesity_1_vs_01_normal_2","species","Not Significant","No Change"
10.4026412087558,1.35922207095972,0.505927407298223,2.68659505563911,0.00721844058755923,0.01097202969309,"Butyricimonas paravirosa","02_obesity_1_vs_01_normal_2","species","Significant (p < 0.05)","Enriched in 02_obesity_1"
28.5984443898696,-3.5548541625478,0.559894840376063,-6.34914613637112,2.16513286343615e-10,7.15435207048467e-10,"Bacteroides helcogenes","02_obesity_1_vs_01_normal_2","species","Highly Significant (p < 0.01)","Enriched in 01_normal_2"
419.849977654507,-1.67464811511771,0.752949658487193,-2.22411697281644,0.0261405752345441,0.0361215221422792,"Phocaeicola coprophilus","02_obesity_1_vs_01_normal_2","species","Significant (p < 0.05)","Enriched in 01_normal_2"
4341.09082215265,6.97303863815634,0.611934357920659,11.3950762004124,4.42442747955018e-30,4.48341984594419e-29,"Akkermansia muciniphila","02_obesity_1_vs_01_normal_2","species","Highly Significant (p < 0.01)","Enriched in 02_obesity_1"
150.824541417488,-1.97616951564424,0.707825008603069,-2.79188993271701,0.0052401177649106,0.00821131855944753,"Bacteroides intestinalis","02_obesity_1_vs_01_normal_2","species","Highly Significant (p < 0.01)","Enriched in 01_normal_2"
816.491439088302,-4.20600291035229,0.734338676542507,-5.72760640928712,1.01857547604996e-08,2.92119759169045e-08,"Phocaeicola salanitronis","02_obesity_1_vs_01_normal_2","species","Highly Significant (p < 0.01)","Enriched in 01_normal_2"
92.9120195812263,-3.04941461320429,0.608295080525173,-5.01305157781578,5.35735287442857e-07,1.25279636448176e-06,"Parabacteroides goldsteinii","02_obesity_1_vs_01_normal_2","species","Highly Significant (p < 0.01)","Enriched in 01_normal_2"
462.572095981742,2.58355528646302,0.665796470034763,3.88039799359124,0.000104285675988434,0.000205862633120025,"Paraprevotella clara","02_obesity_1_vs_01_normal_2","species","Highly Significant (p < 0.01)","Enriched in 02_obesity_1"
16.8690900619411,-0.852600049579864,0.538279217060773,-1.58393640801407,0.113208191136841,0.143397042106665,"Dellaglioa sp. P0083","02_obesity_1_vs_01_normal_2","species","Not Significant","No Change"
19.1095903079768,4.77094831833436,0.557405829147649,8.55920061982453,1.13652793234012e-17,6.16972306127492e-17,"Clostridium sp. M62/1","02_obesity_1_vs_01_normal_2","species","Highly Significant (p < 0.01)","Enriched in 02_obesity_1"
24.151017517711,0.89746618612526,0.589385749586899,1.52271443066666,0.127830166040897,0.160580043291044,"Clostridium sp. MD294","02_obesity_1_vs_01_normal_2","species","Not Significant","No Change"
13.7279843314003,2.64525399176791,0.498879666265961,5.30238887378842,1.1429704320745e-07,2.80212105927942e-07,"Eisenbergiella porci","02_obesity_1_vs_01_normal_2","species","Highly Significant (p < 0.01)","Enriched in 02_obesity_1"
13.1985091296858,-2.00371082423557,0.518907283215544,-3.86140431835732,0.000112737161921871,0.000219692930924672,"Coprobacter fastidiosus","02_obesity_1_vs_01_normal_2","species","Highly Significant (p < 0.01)","Enriched in 01_normal_2"
617.061562296331,-5.35749840305051,0.744582330013833,-7.1953069353002,6.23204115765612e-13,2.42889809221469e-12,"Megamonas funiformis","02_obesity_1_vs_01_normal_2","species","Highly Significant (p < 0.01)","Enriched in 01_normal_2"
402.359968704109,9.16646470978694,0.655963974143659,13.9740367933368,2.24530740754861e-44,6.82573451894777e-43,"Acidaminococcus intestini","02_obesity_1_vs_01_normal_2","species","Highly Significant (p < 0.01)","Enriched in 02_obesity_1"
187.596483152231,-0.306424742875081,0.642598289172615,-0.476852721269491,0.633467000521057,0.682886411909225,"Anaeromicropila herbilytica","02_obesity_1_vs_01_normal_2","species","Not Significant","No Change"
26.1147237174589,-0.619516683421281,0.573244202745688,-1.08072036394604,0.279821521850504,0.317409487472213,"Alistipes dispar","02_obesity_1_vs_01_normal_2","species","Not Significant","No Change"
11.6338451999581,1.12491619304143,0.522890583620284,2.15134146278361,0.031449257867219,0.0430656504127683,"Aristaeella lactis","02_obesity_1_vs_01_normal_2","species","Significant (p < 0.05)","Enriched in 02_obesity_1"
36.0874497420583,1.69180505658824,0.55392033348479,3.05423894794556,0.00225632288649676,0.00368775353491944,"Anaeropeptidivorans aminofermentans","02_obesity_1_vs_01_normal_2","species","Highly Significant (p < 0.01)","Enriched in 02_obesity_1"
6.34637964756057,1.44591619999637,0.431568266749977,3.35037654850104,0.000807017730552912,0.00140996201200049,"Coraliomargarita akajimensis","02_obesity_1_vs_01_normal_2","species","Highly Significant (p < 0.01)","Enriched in 02_obesity_1"
7.77528432504481,0.0511036169965751,0.446379199523884,0.114484763293368,0.90885352411198,0.927152588355846,"Petroclostridium sp. X23","02_obesity_1_vs_01_normal_2","species","Not Significant","No Change"
10.8345740189636,1.16537574790534,0.515448467414627,2.26089671728117,0.0237656534601022,0.0334479567216253,"Caldinitratiruptor microaerophilus","02_obesity_1_vs_01_normal_2","species","Significant (p < 0.05)","Enriched in 02_obesity_1"
7.15451355037753,1.39679011238913,0.446814273123883,3.12610898175551,0.00177135894343634,0.00295875340002554,"Anoxybacillus gonensis","02_obesity_1_vs_01_normal_2","species","Highly Significant (p < 0.01)","Enriched in 02_obesity_1"
5.30673965169083,-0.915116339367867,0.4078573953545,-2.2437164307698,0.0248506522566811,0.0346541205781241,"Caldilinea aerophila","02_obesity_1_vs_01_normal_2","species","Significant (p < 0.05)","No Change"
9.34439749150478,-1.79306967080616,0.475118811041569,-3.7739395476162,0.00016068971446709,0.000309175146822756,"Alistipes sp. dk3624","02_obesity_1_vs_01_normal_2","species","Highly Significant (p < 0.01)","Enriched in 01_normal_2"
59.1714865002785,-3.17888711768918,0.559176433891596,-5.68494472409302,1.30854976629896e-08,3.61635571777166e-08,"Alistipes indistinctus","02_obesity_1_vs_01_normal_2","species","Highly Significant (p < 0.01)","Enriched in 01_normal_2"
29.0910015695409,3.68964214903638,0.518344782826771,7.11812344076288,1.09406367840974e-12,4.15744197795701e-12,"Butyricimonas faecihominis","02_obesity_1_vs_01_normal_2","species","Highly Significant (p < 0.01)","Enriched in 02_obesity_1"
41.4871738826235,2.2053982777904,0.602349930375616,3.6613240353745,0.000250915168274019,0.000476738819720635,"Butyricimonas virosa","02_obesity_1_vs_01_normal_2","species","Highly Significant (p < 0.01)","Enriched in 02_obesity_1"
535.044200461833,3.86632222862273,0.777849403751709,4.9705279839192,6.67708231133584e-07,1.49252428135742e-06,"Salmonella enterica","02_obesity_1_vs_01_normal_2","species","Highly Significant (p < 0.01)","Enriched in 02_obesity_1"
99.2870232002291,4.4219712964841,0.629496909536412,7.02461160570371,2.14662532573821e-12,7.95822071980995e-12,"Escherichia coli","02_obesity_1_vs_01_normal_2","species","Highly Significant (p < 0.01)","Enriched in 02_obesity_1"
26.4534638296223,4.52174180992939,0.569161141792587,7.9445722448445,1.94862033054096e-15,9.05994778556772e-15,"Klebsiella pneumoniae","02_obesity_1_vs_01_normal_2","species","Highly Significant (p < 0.01)","Enriched in 02_obesity_1"
5.38305226671084,1.35584275031633,0.437706293963036,3.09760853114631,0.00195088946525663,0.00322320868172835,"Wansuia hejianensis","02_obesity_1_vs_01_normal_2","species","Highly Significant (p < 0.01)","Enriched in 02_obesity_1"
15.5091828962842,0.66962351338209,0.465989188550027,1.43699366817006,0.150719792703287,0.183275267927197,"Ruthenibacterium sp. TH_2024_36131","02_obesity_1_vs_01_normal_2","species","Not Significant","No Change"
37.5498376872558,2.01516650093595,0.578440720534054,3.48379086983264,0.000494365611373844,0.000894566344390766,"Thomasclavelia ramosa","02_obesity_1_vs_01_normal_2","species","Highly Significant (p < 0.01)","Enriched in 02_obesity_1"
91.0110615070034,-7.87110460716254,0.662770014835782,-11.8760722889867,1.57600131998305e-32,1.71108714741017e-31,"Dialister succinatiphilus","02_obesity_1_vs_01_normal_2","species","Highly Significant (p < 0.01)","Enriched in 01_normal_2"
33.156393138565,-5.87986921153008,0.606540006071205,-9.69411605611355,3.19391281110363e-22,2.11075977081631e-21,"Parabacteroides sp. AD58","02_obesity_1_vs_01_normal_2","species","Highly Significant (p < 0.01)","Enriched in 01_normal_2"
4.3798071907905,0.778950258476502,0.418980928145703,1.85915445345908,0.0630052486574832,0.083276502573369,"Thermocaproicibacter melissae","02_obesity_1_vs_01_normal_2","species","Not Significant","No Change"
4.1163772438001,0.574926579723829,0.406092370712683,1.41575321573968,0.156847771627654,0.187723317223648,"Christensenella massiliensis","02_obesity_1_vs_01_normal_2","species","Not Significant","No Change"
632.221992235096,-0.333745550763736,0.791025382011348,-0.421915096978454,0.673086990166128,0.720487482431349,"Phascolarctobacterium succinatutens","02_obesity_1_vs_01_normal_2","species","Not Significant","No Change"
92.6922499166173,-1.7471471733638,0.614297353820874,-2.84413918193966,0.00445315908564121,0.00712505453702594,"Bacillus sp. ZHX3","02_obesity_1_vs_01_normal_2","species","Highly Significant (p < 0.01)","Enriched in 01_normal_2"
181.629795994495,-4.85933162306604,0.66688352794386,-7.28662715369259,3.1781083990532e-13,1.27124335962128e-12,"Prevotella sp. Rep29","02_obesity_1_vs_01_normal_2","species","Highly Significant (p < 0.01)","Enriched in 01_normal_2"
243.154273990678,-3.43881826783996,0.716506762245957,-4.79942193017224,1.59124247842978e-06,3.45526938173323e-06,"Prevotella bivia","02_obesity_1_vs_01_normal_2","species","Highly Significant (p < 0.01)","Enriched in 01_normal_2"
6.33793743138484,0.767814857243769,0.447164868887871,1.71707330039897,0.0859657798584179,0.109805029735122,"Vibrio tapetis","02_obesity_1_vs_01_normal_2","species","Not Significant","No Change"
20.8249137234078,-2.97903358358639,0.534496870404659,-5.57352858087085,2.49630676128414e-08,6.32397712858648e-08,"Clostridium thermarum","02_obesity_1_vs_01_normal_2","species","Highly Significant (p < 0.01)","Enriched in 01_normal_2"
