"taxon","effect_size","p_value","p_value_bh","comparison","level","significance","direction"
"Blautia obeum",-1.1884413382179,1.55726496427009e-05,0.000265894815008587,"02_obesity_1_vs_04_t2d_obesity_3","species","Highly Significant (p < 0.01)","Enriched in 04_t2d_obesity_3"
"Blautia hydrogenotrophica",-0.672253336937613,0.000407452579275561,0.00340182932520004,"02_obesity_1_vs_04_t2d_obesity_3","species","Highly Significant (p < 0.01)","No Change"
"Blautia argi",-0.299261788985525,0.0143537135439226,0.0683510725017023,"02_obesity_1_vs_04_t2d_obesity_3","species","Not Significant","No Change"
"Blautia luti",-0.930898820271762,7.26462901344538e-06,0.000110337724279812,"02_obesity_1_vs_04_t2d_obesity_3","species","Highly Significant (p < 0.01)","No Change"
"Blautia sp. SC05B48",-0.696358660304,0.000488330094916979,0.0040586851678809,"02_obesity_1_vs_04_t2d_obesity_3","species","Highly Significant (p < 0.01)","No Change"
"Anaerostipes hadrus",-0.99403392887927,8.85673198786248e-06,0.000119976111013459,"02_obesity_1_vs_04_t2d_obesity_3","species","Highly Significant (p < 0.01)","No Change"
"Dorea longicatena",-0.327626681255951,0.0257944748863757,0.128202424017053,"02_obesity_1_vs_04_t2d_obesity_3","species","Not Significant","No Change"
"Dorea formicigenerans",-0.165643853278144,0.353511956032511,0.868198226862649,"02_obesity_1_vs_04_t2d_obesity_3","species","Not Significant","No Change"
"Anaerobutyricum hallii",-0.783626398980358,0.000884477878962843,0.00650675687465289,"02_obesity_1_vs_04_t2d_obesity_3","species","Highly Significant (p < 0.01)","No Change"
"Roseburia intestinalis",-0.157611329485444,0.0937234687071252,0.319293743732069,"02_obesity_1_vs_04_t2d_obesity_3","species","Not Significant","No Change"
"Roseburia sp. 499",0.319680112566372,0.0375889234626654,0.157563996139091,"02_obesity_1_vs_04_t2d_obesity_3","species","Not Significant","No Change"
"[Ruminococcus] torques",-0.82502901026685,0.000252214574346351,0.00234316622655388,"02_obesity_1_vs_04_t2d_obesity_3","species","Highly Significant (p < 0.01)","No Change"
"Mediterraneibacter gnavus",-0.87025879707401,4.66150117484077e-06,0.000100584955697288,"02_obesity_1_vs_04_t2d_obesity_3","species","Highly Significant (p < 0.01)","No Change"
"Mediterraneibacter glycyrrhizinilyticus",-0.466348406435451,0.0105550903250194,0.0588006664512565,"02_obesity_1_vs_04_t2d_obesity_3","species","Not Significant","No Change"
"[Ruminococcus] lactaris",-0.119185218596345,0.454720032079264,0.919064318272398,"02_obesity_1_vs_04_t2d_obesity_3","species","Not Significant","No Change"
"Claveliimonas bilis",-0.333161786246912,0.0268972098176655,0.132436052135638,"02_obesity_1_vs_04_t2d_obesity_3","species","Not Significant","No Change"
"Lachnospira eligens",-0.524848621184007,0.000500831074764868,0.00433617092926995,"02_obesity_1_vs_04_t2d_obesity_3","species","Highly Significant (p < 0.01)","No Change"
"Chakrabartyella piscis",0.157325514964978,0.355200989950763,0.827104492734377,"02_obesity_1_vs_04_t2d_obesity_3","species","Not Significant","No Change"
"Lacrimispora sp. JR3",-0.761896711712182,0.000151074385410248,0.00154540076782212,"02_obesity_1_vs_04_t2d_obesity_3","species","Highly Significant (p < 0.01)","No Change"
"Sellimonas catena",-0.351564743888975,0.072000370488073,0.243353878028784,"02_obesity_1_vs_04_t2d_obesity_3","species","Not Significant","No Change"
"Sellimonas intestinalis",0.0565362406833565,0.753588030349109,0.973412118828243,"02_obesity_1_vs_04_t2d_obesity_3","species","Not Significant","No Change"
"Simiaoa sunii",0.195352158787939,0.268448008539655,0.734645086576938,"02_obesity_1_vs_04_t2d_obesity_3","species","Not Significant","No Change"
"[Clostridium] symbiosum",-0.705072966471225,0.000673047311737869,0.00480707503235315,"02_obesity_1_vs_04_t2d_obesity_3","species","Highly Significant (p < 0.01)","No Change"
"[Clostridium] scindens",0.0574611748983942,0.695586984805896,0.967219567234529,"02_obesity_1_vs_04_t2d_obesity_3","species","Not Significant","No Change"
"Agathobacter rectalis",-0.36472441955432,0.143081890172812,0.423116650336275,"02_obesity_1_vs_04_t2d_obesity_3","species","Not Significant","No Change"
"Hungatella hathewayi",-0.418907402790785,0.0310909363463014,0.128703419786933,"02_obesity_1_vs_04_t2d_obesity_3","species","Not Significant","No Change"
"[Clostridium] colinum",0.0084970903173164,0.778643141046713,0.996624353388597,"02_obesity_1_vs_04_t2d_obesity_3","species","Not Significant","No Change"
"Marvinbryantia formatexigens",-1.04709625068482,9.05284258495391e-06,0.000132238126113491,"02_obesity_1_vs_04_t2d_obesity_3","species","Highly Significant (p < 0.01)","Enriched in 04_t2d_obesity_3"
"Faecalibacterium prausnitzii",-0.138067410356973,0.500003862214826,0.998546644289914,"02_obesity_1_vs_04_t2d_obesity_3","species","Not Significant","No Change"
"Faecalibacterium taiwanense",-0.228367933163196,0.0624851851363336,0.24499517101742,"02_obesity_1_vs_04_t2d_obesity_3","species","Not Significant","No Change"
"Ruminococcus bicirculans (ex Wegman et al. 2014)",-0.388719409184597,0.00733443027751603,0.0465291367554246,"02_obesity_1_vs_04_t2d_obesity_3","species","Significant (p < 0.05)","No Change"
"Ruminococcus champanellensis",0.170582382377184,0.0976521295355075,0.369584416200217,"02_obesity_1_vs_04_t2d_obesity_3","species","Not Significant","No Change"
"Solibaculum mannosilyticum",0.398304921294866,0.00130298038870318,0.015206073564466,"02_obesity_1_vs_04_t2d_obesity_3","species","Significant (p < 0.05)","No Change"
"Lawsonibacter asaccharolyticus",0.350538169209762,0.0456623802145253,0.191502082507155,"02_obesity_1_vs_04_t2d_obesity_3","species","Not Significant","No Change"
"Paludicola sp. MB14-C6",-0.261269664541219,0.482499342512526,0.974346186413218,"02_obesity_1_vs_04_t2d_obesity_3","species","Not Significant","No Change"
"Flavonifractor plautii",-0.179572058879892,0.0413740019906635,0.180587648544871,"02_obesity_1_vs_04_t2d_obesity_3","species","Not Significant","No Change"
"Anaerotruncus colihominis",0.109725626673566,0.835091182321289,0.997427092487011,"02_obesity_1_vs_04_t2d_obesity_3","species","Not Significant","No Change"
"Ruthenibacterium lactatiformans",0.101622064506535,0.710714154896208,0.985173890534544,"02_obesity_1_vs_04_t2d_obesity_3","species","Not Significant","No Change"
"Oscillibacter hominis",0.258055977244977,0.0300922674214234,0.152725845139036,"02_obesity_1_vs_04_t2d_obesity_3","species","Not Significant","No Change"
"Pusillibacter faecalis",0.0579113009453346,0.852577282267085,0.997502238486982,"02_obesity_1_vs_04_t2d_obesity_3","species","Not Significant","No Change"
"Flintibacter sp. KGMB00164",0.0179135232189397,0.796294882280337,0.971985681855512,"02_obesity_1_vs_04_t2d_obesity_3","species","Not Significant","No Change"
"Intestinimonas butyriciproducens",0.260765359636804,0.149035462668512,0.465984460330918,"02_obesity_1_vs_04_t2d_obesity_3","species","Not Significant","No Change"
"Massilistercora timonensis",-0.324181444062337,0.117417561774198,0.364565380478322,"02_obesity_1_vs_04_t2d_obesity_3","species","Not Significant","No Change"
"Eubacterium ventriosum",-0.141461413499962,0.149791056699846,0.490208805857682,"02_obesity_1_vs_04_t2d_obesity_3","species","Not Significant","No Change"
"Clostridium sp. C45",-0.799013749301614,5.01730489857605e-05,0.000551944325668372,"02_obesity_1_vs_04_t2d_obesity_3","species","Highly Significant (p < 0.01)","No Change"
"Clostridium thermosuccinogenes",0.219601132661355,0.192880689706285,0.506921233930961,"02_obesity_1_vs_04_t2d_obesity_3","species","Not Significant","No Change"
"Acutalibacter muris",-0.17635417309995,0.165303491467434,0.516254095584673,"02_obesity_1_vs_04_t2d_obesity_3","species","Not Significant","No Change"
"Intestinibacter bartlettii",-0.869170237925082,1.13287019260222e-05,0.000195163787266037,"02_obesity_1_vs_04_t2d_obesity_3","species","Highly Significant (p < 0.01)","No Change"
"Clostridioides difficile",-1.12937366877871,1.49923270608907e-07,6.28208982027792e-06,"02_obesity_1_vs_04_t2d_obesity_3","species","Highly Significant (p < 0.01)","Enriched in 04_t2d_obesity_3"
"Terrisporobacter petrolearius",-0.336050481762616,0.0534671424120604,0.206355752950575,"02_obesity_1_vs_04_t2d_obesity_3","species","Not Significant","No Change"
"Emergencia sp. JLR.KK010",0.31524537341347,0.0657357370581637,0.258001582798257,"02_obesity_1_vs_04_t2d_obesity_3","species","Not Significant","No Change"
"Emergencia timonensis",0.0630359293877089,0.693238841056768,0.964240617056142,"02_obesity_1_vs_04_t2d_obesity_3","species","Not Significant","No Change"
"Monoglobus pectinilyticus",-0.122529439126637,0.355420664853166,0.737172544784745,"02_obesity_1_vs_04_t2d_obesity_3","species","Not Significant","No Change"
"Faecalibacillus intestinalis",-0.627046062284841,0.00154199433962425,0.0107235507610758,"02_obesity_1_vs_04_t2d_obesity_3","species","Significant (p < 0.05)","No Change"
"Thomasclavelia spiroformis",-0.486358986006526,0.0169345701887808,0.0777281134912077,"02_obesity_1_vs_04_t2d_obesity_3","species","Not Significant","No Change"
"Holdemania massiliensis",-0.832161929095242,0.000187671257260682,0.00150087110662356,"02_obesity_1_vs_04_t2d_obesity_3","species","Highly Significant (p < 0.01)","No Change"
"Phascolarctobacterium faecium",0.380916481699564,0.0284512886636932,0.147586549928302,"02_obesity_1_vs_04_t2d_obesity_3","species","Not Significant","No Change"
"Streptococcus thermophilus",-0.637066097118142,0.000121891153006055,0.00135671569911465,"02_obesity_1_vs_04_t2d_obesity_3","species","Highly Significant (p < 0.01)","No Change"
"Enterococcus faecalis",-0.0440909200107357,0.359591207732549,0.855480312094652,"02_obesity_1_vs_04_t2d_obesity_3","species","Not Significant","No Change"
"Bifidobacterium longum",-0.300258944282813,0.0290956506783231,0.135669748296357,"02_obesity_1_vs_04_t2d_obesity_3","species","Not Significant","No Change"
"Adlercreutzia equolifaciens",-0.319332153166784,0.100508543529757,0.324714895127142,"02_obesity_1_vs_04_t2d_obesity_3","species","Not Significant","No Change"
"Gordonibacter pamelaeae",-0.0224972331416073,0.744068851800529,0.964158589471113,"02_obesity_1_vs_04_t2d_obesity_3","species","Not Significant","No Change"
"Bacteroides uniformis",0.0409393954527385,0.258736177961171,0.757007504339645,"02_obesity_1_vs_04_t2d_obesity_3","species","Not Significant","No Change"
"Bacteroides stercoris",0.331981170594889,0.0633052904647851,0.263045238358804,"02_obesity_1_vs_04_t2d_obesity_3","species","Not Significant","No Change"
"Bacteroides sp. MSB163",-0.0825082126579435,0.328502765887889,0.71356683507405,"02_obesity_1_vs_04_t2d_obesity_3","species","Not Significant","No Change"
"Bacteroides fragilis",-0.643357264315508,0.000279461411275769,0.00249079072066253,"02_obesity_1_vs_04_t2d_obesity_3","species","Highly Significant (p < 0.01)","No Change"
"Bacteroides eggerthii",0.264692382435245,0.172079732996308,0.527706351220392,"02_obesity_1_vs_04_t2d_obesity_3","species","Not Significant","No Change"
"Bacteroides nordii",0.169770267115433,0.36075592570851,0.756684843843882,"02_obesity_1_vs_04_t2d_obesity_3","species","Not Significant","No Change"
"Phocaeicola vulgatus",-0.189377334841832,0.0640111321850557,0.253023533526529,"02_obesity_1_vs_04_t2d_obesity_3","species","Not Significant","No Change"
"Phocaeicola dorei",-0.14367061463343,0.382664593168566,0.888031087950425,"02_obesity_1_vs_04_t2d_obesity_3","species","Not Significant","No Change"
"Alistipes senegalensis",0.580661962641325,0.000593041533416984,0.00834840012209988,"02_obesity_1_vs_04_t2d_obesity_3","species","Highly Significant (p < 0.01)","No Change"
"Alistipes onderdonkii",0.136886907007493,0.487379161230501,0.944903651561733,"02_obesity_1_vs_04_t2d_obesity_3","species","Not Significant","No Change"
"Alistipes finegoldii",0.481823756817,0.00480053151820963,0.0373143695831436,"02_obesity_1_vs_04_t2d_obesity_3","species","Significant (p < 0.05)","No Change"
"Alistipes communis",0.837735274593299,4.12215343630935e-06,0.000156015630643449,"02_obesity_1_vs_04_t2d_obesity_3","species","Highly Significant (p < 0.01)","No Change"
"Alistipes ihumii",1.1378536400163,1.58248357928203e-07,1.00979781600865e-05,"02_obesity_1_vs_04_t2d_obesity_3","species","Highly Significant (p < 0.01)","Enriched in 02_obesity_1"
"Barnesiella viscericola",0.61680698975249,0.000720474941022544,0.00847655081742458,"02_obesity_1_vs_04_t2d_obesity_3","species","Highly Significant (p < 0.01)","No Change"
"Odoribacter splanchnicus",0.0637640735310691,0.198611783436774,0.590846507667692,"02_obesity_1_vs_04_t2d_obesity_3","species","Not Significant","No Change"
"Parabacteroides merdae",0.152404747352635,0.243326774212561,0.698267942619144,"02_obesity_1_vs_04_t2d_obesity_3","species","Not Significant","No Change"
"Parabacteroides distasonis",0.185965185737726,0.240507851456829,0.63862720634233,"02_obesity_1_vs_04_t2d_obesity_3","species","Not Significant","No Change"
"Segatella copri",-0.0608541272605131,0.914155537682762,0.999427337272664,"02_obesity_1_vs_04_t2d_obesity_3","species","Not Significant","No Change"
"Aureibaculum algae",-0.154560800681868,0.590295345455154,0.968164775461088,"02_obesity_1_vs_04_t2d_obesity_3","species","Not Significant","No Change"
"Spirosoma endbachense",0.0479916116917804,0.754991777371721,0.976570319427583,"02_obesity_1_vs_04_t2d_obesity_3","species","Not Significant","No Change"
"Sutterella wadsworthensis",0.0560724480876865,0.853438331936001,0.99506995757271,"02_obesity_1_vs_04_t2d_obesity_3","species","Not Significant","No Change"
"Duodenibacillus massiliensis",0.126301453094217,0.745737277396296,0.955455631513353,"02_obesity_1_vs_04_t2d_obesity_3","species","Not Significant","No Change"
"Coprococcus comes",-0.0103895339416776,0.386522068193593,0.916029174694129,"02_obesity_1_vs_04_t2d_obesity_3","species","Not Significant","No Change"
"Ruminococcus albus",0.0894708127274714,0.440566627968646,0.866738350518949,"02_obesity_1_vs_04_t2d_obesity_3","species","Not Significant","No Change"
"Eubacterium ramulus",0.0696003784061107,0.5480851352484,0.961992125845195,"02_obesity_1_vs_04_t2d_obesity_3","species","Not Significant","No Change"
"Veillonella parvula",0.116985325830093,0.543891885322566,0.882443972094442,"02_obesity_1_vs_04_t2d_obesity_3","species","Not Significant","No Change"
"Allobaculum mucilyticum",-0.267506017968842,0.0296449133068219,0.128484796270398,"02_obesity_1_vs_04_t2d_obesity_3","species","Not Significant","No Change"
"Longicatena caecimuris",-0.29911077168544,0.0618645675157687,0.224491803174615,"02_obesity_1_vs_04_t2d_obesity_3","species","Not Significant","No Change"
"Gordonibacter urolithinfaciens",0.024827241824289,0.789451333000982,0.991747958040066,"02_obesity_1_vs_04_t2d_obesity_3","species","Not Significant","No Change"
"Turicimonas muris",-0.0849691578761134,0.580368722778231,0.982703483283179,"02_obesity_1_vs_04_t2d_obesity_3","species","Not Significant","No Change"
"Haemophilus parainfluenzae",-0.00979142276742238,0.640083925692157,0.947780594028446,"02_obesity_1_vs_04_t2d_obesity_3","species","Not Significant","No Change"
"Coprococcus catus",-0.380649182310533,0.0326359141439775,0.137865628063583,"02_obesity_1_vs_04_t2d_obesity_3","species","Not Significant","No Change"
"Lachnoanaerobaculum umeaense",-0.319432814456286,0.0837182740068047,0.292682790077339,"02_obesity_1_vs_04_t2d_obesity_3","species","Not Significant","No Change"
"Candidatus Epulonipiscium viviparus",0.564770128327266,0.00158797319527473,0.0146394377483504,"02_obesity_1_vs_04_t2d_obesity_3","species","Significant (p < 0.05)","No Change"
"Stomatobaculum sp. F0698",0.13723994089008,0.413742018787519,0.763608906230635,"02_obesity_1_vs_04_t2d_obesity_3","species","Not Significant","No Change"
"Vescimonas coprocola",0.4146165487178,0.00864115071728744,0.0590615353545099,"02_obesity_1_vs_04_t2d_obesity_3","species","Not Significant","No Change"
"Vescimonas fastidiosa",0.573515601204868,0.00174371320743159,0.016862471074076,"02_obesity_1_vs_04_t2d_obesity_3","species","Significant (p < 0.05)","No Change"
"Clostridium perfringens",0.0704558721023301,0.656724354164214,0.9810322445466,"02_obesity_1_vs_04_t2d_obesity_3","species","Not Significant","No Change"
"Aristaeella hokkaidonensis",0.613802285354417,0.0012375425044438,0.0121518079828181,"02_obesity_1_vs_04_t2d_obesity_3","species","Significant (p < 0.05)","No Change"
"Romboutsia sp. 13368",-0.339150097501362,0.053270526337387,0.202789107879978,"02_obesity_1_vs_04_t2d_obesity_3","species","Not Significant","No Change"
"Christensenella sp. MSJ-20",0.271477562295476,0.134795063187262,0.431196694701747,"02_obesity_1_vs_04_t2d_obesity_3","species","Not Significant","No Change"
"Veillonella rogosae",0.355378624905927,0.0508443048266352,0.198779731860662,"02_obesity_1_vs_04_t2d_obesity_3","species","Not Significant","No Change"
"Bacteroides caccae",-0.127446383213679,0.247186624133412,0.705939992588327,"02_obesity_1_vs_04_t2d_obesity_3","species","Not Significant","No Change"
"Bacteroides salyersiae",-0.298584818201565,0.123499015673227,0.377750619059782,"02_obesity_1_vs_04_t2d_obesity_3","species","Not Significant","No Change"
"Bacteroides zhangwenhongii",0.179089303046921,0.361340912132146,0.730440857759569,"02_obesity_1_vs_04_t2d_obesity_3","species","Not Significant","No Change"
"Alistipes shahii",0.183112570490759,0.16076864015815,0.50919859295888,"02_obesity_1_vs_04_t2d_obesity_3","species","Not Significant","No Change"
"Butyricimonas paravirosa",0.27297181829861,0.134927554573794,0.400387443752933,"02_obesity_1_vs_04_t2d_obesity_3","species","Not Significant","No Change"
"Bacteroides helcogenes",0.178701360511834,0.316902071862064,0.660544865674481,"02_obesity_1_vs_04_t2d_obesity_3","species","Not Significant","No Change"
"Phocaeicola coprophilus",0.386911479902561,0.0419338755128344,0.17492162162767,"02_obesity_1_vs_04_t2d_obesity_3","species","Not Significant","No Change"
"Akkermansia muciniphila",0.57444299017971,0.0013936131250585,0.0156747121493196,"02_obesity_1_vs_04_t2d_obesity_3","species","Significant (p < 0.05)","No Change"
"Bacteroides intestinalis",0.152760253749327,0.522206858918503,0.841452088654039,"02_obesity_1_vs_04_t2d_obesity_3","species","Not Significant","No Change"
"Phocaeicola salanitronis",0.446982767896062,0.0161518293482467,0.0825865578212412,"02_obesity_1_vs_04_t2d_obesity_3","species","Not Significant","No Change"
"Parabacteroides goldsteinii",0.0774964178968294,0.663985443685761,0.916710964451164,"02_obesity_1_vs_04_t2d_obesity_3","species","Not Significant","No Change"
"Paraprevotella clara",1.02117428500766,9.6860140342734e-07,4.38230865683615e-05,"02_obesity_1_vs_04_t2d_obesity_3","species","Highly Significant (p < 0.01)","Enriched in 02_obesity_1"
"Dellaglioa sp. P0083",0.089680859740183,0.698086176565086,0.928526430839886,"02_obesity_1_vs_04_t2d_obesity_3","species","Not Significant","No Change"
"Clostridium sp. M62/1",3.66039490168681e-05,0.651537319544822,0.949284348506533,"02_obesity_1_vs_04_t2d_obesity_3","species","Not Significant","No Change"
"Clostridium sp. MD294",0.192714916063797,0.269206491651263,0.63431734877759,"02_obesity_1_vs_04_t2d_obesity_3","species","Not Significant","No Change"
"Eisenbergiella porci",-0.0983983122035429,0.37531679691573,0.677292036489073,"02_obesity_1_vs_04_t2d_obesity_3","species","Not Significant","No Change"
"Coprobacter fastidiosus",0.168416563055602,0.242851948989001,0.598351583138646,"02_obesity_1_vs_04_t2d_obesity_3","species","Not Significant","No Change"
"Megamonas funiformis",0.20610698180637,0.202137043168901,0.518195420767722,"02_obesity_1_vs_04_t2d_obesity_3","species","Not Significant","No Change"
"Acidaminococcus intestini",0.0170128298488112,0.797326887961363,0.992668940575595,"02_obesity_1_vs_04_t2d_obesity_3","species","Not Significant","No Change"
"Anaeromicropila herbilytica",0.0806680382927385,0.489229624798695,0.905056237021777,"02_obesity_1_vs_04_t2d_obesity_3","species","Not Significant","No Change"
"Alistipes dispar",0.288253605185919,0.074516775691189,0.266126940743925,"02_obesity_1_vs_04_t2d_obesity_3","species","Not Significant","No Change"
"Aristaeella lactis",0.0951283715913778,0.620284560023065,0.924996239503061,"02_obesity_1_vs_04_t2d_obesity_3","species","Not Significant","No Change"
"Anaeropeptidivorans aminofermentans",0.327335632171557,0.0834327041412406,0.315219946707743,"02_obesity_1_vs_04_t2d_obesity_3","species","Not Significant","No Change"
"Coraliomargarita akajimensis",-0.181947338445366,0.484689320977089,0.828901209213974,"02_obesity_1_vs_04_t2d_obesity_3","species","Not Significant","No Change"
"Petroclostridium sp. X23",0.323510828016603,0.0921029765870687,0.294603933501935,"02_obesity_1_vs_04_t2d_obesity_3","species","Not Significant","No Change"
"Caldinitratiruptor microaerophilus",0.384366876707041,0.0601571548366178,0.223797107608947,"02_obesity_1_vs_04_t2d_obesity_3","species","Not Significant","No Change"
"Anoxybacillus gonensis",0.309449639414802,0.107585889743214,0.329265820659582,"02_obesity_1_vs_04_t2d_obesity_3","species","Not Significant","No Change"
"Caldilinea aerophila",0.0459038465770512,0.673237052254857,0.907190338695,"02_obesity_1_vs_04_t2d_obesity_3","species","Not Significant","No Change"
"Alistipes sp. dk3624",0.304412007584471,0.0975539016669232,0.289919472189838,"02_obesity_1_vs_04_t2d_obesity_3","species","Not Significant","No Change"
"Alistipes indistinctus",0.664972489931925,0.00108429856656164,0.0106661959392122,"02_obesity_1_vs_04_t2d_obesity_3","species","Significant (p < 0.05)","No Change"
"Butyricimonas faecihominis",0.574664659393941,0.00277745728031077,0.0232550168550613,"02_obesity_1_vs_04_t2d_obesity_3","species","Significant (p < 0.05)","No Change"
"Butyricimonas virosa",0.366454477137793,0.0489180905103744,0.203348069061157,"02_obesity_1_vs_04_t2d_obesity_3","species","Not Significant","No Change"
"Salmonella enterica",0.0936398808731603,0.551048667957277,0.92760092780243,"02_obesity_1_vs_04_t2d_obesity_3","species","Not Significant","No Change"
"Escherichia coli",-0.19066991242272,0.145185548390582,0.427430788484904,"02_obesity_1_vs_04_t2d_obesity_3","species","Not Significant","No Change"
"Klebsiella pneumoniae",-0.0244056737859087,0.406899860041783,0.775685865571606,"02_obesity_1_vs_04_t2d_obesity_3","species","Not Significant","No Change"
"Wansuia hejianensis",-0.0745841956999881,0.691627441207897,0.924813138351868,"02_obesity_1_vs_04_t2d_obesity_3","species","Not Significant","No Change"
"Ruthenibacterium sp. TH_2024_36131",0.341024022392884,0.0582033480473207,0.215944938578017,"02_obesity_1_vs_04_t2d_obesity_3","species","Not Significant","No Change"
"Thomasclavelia ramosa",-0.18459828641026,0.108254562067429,0.331871102822095,"02_obesity_1_vs_04_t2d_obesity_3","species","Not Significant","No Change"
"Dialister succinatiphilus",0.321719681382856,0.0800043580072558,0.254787099560438,"02_obesity_1_vs_04_t2d_obesity_3","species","Not Significant","No Change"
"Parabacteroides sp. AD58",0.473389291748986,0.00799202888214494,0.0410720292727563,"02_obesity_1_vs_04_t2d_obesity_3","species","Significant (p < 0.05)","No Change"
"Thermocaproicibacter melissae",0.128781613978683,0.384108816360721,0.750299160002872,"02_obesity_1_vs_04_t2d_obesity_3","species","Not Significant","No Change"
"Christensenella massiliensis",-0.069818523152974,0.666231739844719,0.936968641504097,"02_obesity_1_vs_04_t2d_obesity_3","species","Not Significant","No Change"
"Phascolarctobacterium succinatutens",0.175861265646453,0.176477024771561,0.507461040122903,"02_obesity_1_vs_04_t2d_obesity_3","species","Not Significant","No Change"
"Bacillus sp. ZHX3",0.0415717919367167,0.650874538998286,0.908568303639006,"02_obesity_1_vs_04_t2d_obesity_3","species","Not Significant","No Change"
"Prevotella sp. Rep29",0.416825774664008,0.00516175927324563,0.036640048657244,"02_obesity_1_vs_04_t2d_obesity_3","species","Significant (p < 0.05)","No Change"
"Prevotella bivia",0.238867843706985,0.147474478608561,0.43105100938583,"02_obesity_1_vs_04_t2d_obesity_3","species","Not Significant","No Change"
"Vibrio tapetis",0.00147236209417946,0.584919651278577,0.86091800546855,"02_obesity_1_vs_04_t2d_obesity_3","species","Not Significant","No Change"
"Clostridium thermarum",0.276822586295298,0.106308208487775,0.315367127377874,"02_obesity_1_vs_04_t2d_obesity_3","species","Not Significant","No Change"
