"baseMean","log2FoldChange","lfcSE","stat","pvalue","padj","taxon","comparison","level","significance","direction"
2612.38199142794,-2.6922508301434,0.40646239304835,-6.62361604957424,3.50516500839923e-11,1.61450024629298e-10,"Blautia obeum","04_t2d_obesity_3_vs_02_obesity_1","species","Highly Significant (p < 0.01)","Enriched in 02_obesity_1"
39.2107372897717,-1.8189564124892,0.468890399050405,-3.87927843302601,0.000104766780205612,0.000248821102988328,"Blautia hydrogenotrophica","04_t2d_obesity_3_vs_02_obesity_1","species","Highly Significant (p < 0.01)","Enriched in 02_obesity_1"
154.29914596925,-8.47170585620988,0.58852573250026,-14.3947925950819,5.57920023818415e-47,8.4803843620399e-45,"Blautia argi","04_t2d_obesity_3_vs_02_obesity_1","species","Highly Significant (p < 0.01)","Enriched in 02_obesity_1"
166.999627015445,-4.53981795013137,0.541379551824534,-8.38564725030983,5.04474023554897e-17,5.89846550618033e-16,"Blautia luti","04_t2d_obesity_3_vs_02_obesity_1","species","Highly Significant (p < 0.01)","Enriched in 02_obesity_1"
145.475414601751,-1.95231287679775,0.636464187852442,-3.06743555106415,0.00215904012803533,0.00400212316416306,"Blautia sp. SC05B48","04_t2d_obesity_3_vs_02_obesity_1","species","Highly Significant (p < 0.01)","Enriched in 02_obesity_1"
1122.26949109607,-3.48138430774245,0.444685352988519,-7.82887109806006,4.9227002674317e-15,4.15694689249788e-14,"Anaerostipes hadrus","04_t2d_obesity_3_vs_02_obesity_1","species","Highly Significant (p < 0.01)","Enriched in 02_obesity_1"
1792.13585911431,-1.33659960646485,0.552148407803046,-2.42072527526263,0.0154895784689963,0.0242723291472931,"Dorea longicatena","04_t2d_obesity_3_vs_02_obesity_1","species","Significant (p < 0.05)","Enriched in 02_obesity_1"
380.695787759018,-1.43162186154154,0.549025119944447,-2.6075707823467,0.00911872154183518,0.0154005074928772,"Dorea formicigenerans","04_t2d_obesity_3_vs_02_obesity_1","species","Significant (p < 0.05)","Enriched in 02_obesity_1"
716.207066179522,-3.77497687985693,0.518702834145066,-7.27772557109488,3.39495049628616e-13,2.34560216107044e-12,"Anaerobutyricum hallii","04_t2d_obesity_3_vs_02_obesity_1","species","Highly Significant (p < 0.01)","Enriched in 02_obesity_1"
288.957140882659,-2.98993691546412,0.64955586289399,-4.60304815376917,4.16351914528762e-06,1.19406586808249e-05,"Roseburia intestinalis","04_t2d_obesity_3_vs_02_obesity_1","species","Highly Significant (p < 0.01)","Enriched in 02_obesity_1"
43.4369816979777,4.16075084666937,0.607238352442604,6.85192368026959,7.28634296444702e-12,3.81904872619292e-11,"Roseburia sp. 499","04_t2d_obesity_3_vs_02_obesity_1","species","Highly Significant (p < 0.01)","Enriched in 04_t2d_obesity_3"
1836.51311336378,-2.1149073456195,0.416148922329975,-5.08209256863709,3.73299400797433e-07,1.26092242047133e-06,"[Ruminococcus] torques","04_t2d_obesity_3_vs_02_obesity_1","species","Highly Significant (p < 0.01)","Enriched in 02_obesity_1"
1149.27968331194,-4.94717475392132,0.707706762966064,-6.99043023580452,2.74044542988484e-12,1.6021065590096e-11,"Mediterraneibacter gnavus","04_t2d_obesity_3_vs_02_obesity_1","species","Highly Significant (p < 0.01)","Enriched in 02_obesity_1"
73.0256507510501,-1.71065399359062,0.548643875761329,-3.11796790079324,0.00182102635598406,0.00345995007636972,"Mediterraneibacter glycyrrhizinilyticus","04_t2d_obesity_3_vs_02_obesity_1","species","Highly Significant (p < 0.01)","Enriched in 02_obesity_1"
229.340396164205,-1.58719519662856,0.689465656685235,-2.30206563769886,0.0213314708876412,0.0330855466828721,"[Ruminococcus] lactaris","04_t2d_obesity_3_vs_02_obesity_1","species","Significant (p < 0.05)","Enriched in 02_obesity_1"
1018.3391361743,-1.90811448288814,0.413300985874464,-4.61676731511041,3.89763867473926e-06,1.13930976646224e-05,"Claveliimonas bilis","04_t2d_obesity_3_vs_02_obesity_1","species","Highly Significant (p < 0.01)","Enriched in 02_obesity_1"
1680.54253272292,-1.58483322982682,0.48221687504351,-3.28655696606184,0.00101420257991893,0.00205545056196903,"Lachnospira eligens","04_t2d_obesity_3_vs_02_obesity_1","species","Highly Significant (p < 0.01)","Enriched in 02_obesity_1"
145.938649548673,0.3513506218007,0.534575130719119,0.65725208976343,0.511018837027764,0.554820451630144,"Chakrabartyella piscis","04_t2d_obesity_3_vs_02_obesity_1","species","Not Significant","No Change"
165.545505499599,-0.812496642333163,0.568452212030966,-1.429313889782,0.152914035569277,0.193691111721084,"Lacrimispora sp. JR3","04_t2d_obesity_3_vs_02_obesity_1","species","Not Significant","No Change"
10.3768428656169,-2.1723082114212,0.454423688072508,-4.78035865743553,1.74982744498333e-06,5.54112024244722e-06,"Sellimonas catena","04_t2d_obesity_3_vs_02_obesity_1","species","Highly Significant (p < 0.01)","Enriched in 02_obesity_1"
11.0769122726811,0.257295584411934,0.497642646934111,0.517028807713902,0.605136049171834,0.638754718570269,"Sellimonas intestinalis","04_t2d_obesity_3_vs_02_obesity_1","species","Not Significant","No Change"
987.063586438799,1.52272363199429,0.599432990436564,2.54027331876628,0.0110765870110965,0.0181499614960938,"Simiaoa sunii","04_t2d_obesity_3_vs_02_obesity_1","species","Significant (p < 0.05)","Enriched in 04_t2d_obesity_3"
517.175300583168,-2.52673207766517,0.370254168352012,-6.82431770832336,8.83441740666092e-12,4.33171434133051e-11,"[Clostridium] symbiosum","04_t2d_obesity_3_vs_02_obesity_1","species","Highly Significant (p < 0.01)","Enriched in 02_obesity_1"
19.4920691432839,-1.11279061950891,0.4915666333012,-2.26376353503851,0.0235886624119375,0.0362169362284293,"[Clostridium] scindens","04_t2d_obesity_3_vs_02_obesity_1","species","Significant (p < 0.05)","Enriched in 02_obesity_1"
24.9990711029794,1.18697360707645,0.543875891469275,2.18243467984921,0.029077467180368,0.0441977501141593,"Agathobacter rectalis","04_t2d_obesity_3_vs_02_obesity_1","species","Significant (p < 0.05)","Enriched in 04_t2d_obesity_3"
22.687854263683,-1.88288798014025,0.56874441116744,-3.31060480449437,0.000930945832520471,0.0019122130613934,"Hungatella hathewayi","04_t2d_obesity_3_vs_02_obesity_1","species","Highly Significant (p < 0.01)","Enriched in 02_obesity_1"
67.9043222259994,-0.520231486084314,0.573121035059737,-0.907716615269739,0.36402796319457,0.419183715193747,"[Clostridium] colinum","04_t2d_obesity_3_vs_02_obesity_1","species","Not Significant","No Change"
4.26017527245212,-2.62625951228442,0.360452961860267,-7.28599786982057,3.19298021521609e-13,2.31110948910879e-12,"Marvinbryantia formatexigens","04_t2d_obesity_3_vs_02_obesity_1","species","Highly Significant (p < 0.01)","Enriched in 02_obesity_1"
7582.71376777035,-0.695423899314354,0.33236252699463,-2.09236554313955,0.0364058286607613,0.0537251063731624,"Faecalibacterium prausnitzii","04_t2d_obesity_3_vs_02_obesity_1","species","Not Significant","No Change"
515.772341251571,-0.16425806205227,0.704551362171763,-0.233138520300278,0.815653844040568,0.837698542528151,"Faecalibacterium taiwanense","04_t2d_obesity_3_vs_02_obesity_1","species","Not Significant","No Change"
805.065646138381,-1.23479175814186,0.659885739822736,-1.87122055171787,0.0613145172876215,0.0855028130983346,"Ruminococcus bicirculans (ex Wegman et al. 2014)","04_t2d_obesity_3_vs_02_obesity_1","species","Not Significant","No Change"
291.336185890899,-1.13821510968248,0.58730746151477,-1.93802255933684,0.0526204703059681,0.0747505746402538,"Ruminococcus champanellensis","04_t2d_obesity_3_vs_02_obesity_1","species","Not Significant","No Change"
1315.65550569392,1.01004945093698,0.471972012251415,2.14006217470144,0.0323497424233931,0.0482074592976054,"Solibaculum mannosilyticum","04_t2d_obesity_3_vs_02_obesity_1","species","Significant (p < 0.05)","Enriched in 04_t2d_obesity_3"
179.354012464458,2.48088966615618,0.487941040644815,5.08440458887754,3.68781089188191e-07,1.26092242047133e-06,"Lawsonibacter asaccharolyticus","04_t2d_obesity_3_vs_02_obesity_1","species","Highly Significant (p < 0.01)","Enriched in 04_t2d_obesity_3"
346.87856486192,0.70041323811492,0.514927613048189,1.36021689333909,0.173761298210415,0.214729409170594,"Paludicola sp. MB14-C6","04_t2d_obesity_3_vs_02_obesity_1","species","Not Significant","No Change"
219.405671192326,-1.85837640672282,0.475901187423248,-3.90496274402032,9.42399023363121e-05,0.000227372462779674,"Flavonifractor plautii","04_t2d_obesity_3_vs_02_obesity_1","species","Highly Significant (p < 0.01)","Enriched in 02_obesity_1"
47.6073600656115,1.39802306425941,0.480988341156831,2.90656330857626,0.00365422945447102,0.00638440088597236,"Anaerotruncus colihominis","04_t2d_obesity_3_vs_02_obesity_1","species","Highly Significant (p < 0.01)","Enriched in 04_t2d_obesity_3"
74.8871542962868,0.93570599603452,0.552635549131137,1.69317011456402,0.09042309137455,0.122717052579747,"Ruthenibacterium lactatiformans","04_t2d_obesity_3_vs_02_obesity_1","species","Not Significant","No Change"
210.512362679022,2.13100290838203,0.479553816494796,4.44372004785236,8.8416637447526e-06,2.35777699860069e-05,"Oscillibacter hominis","04_t2d_obesity_3_vs_02_obesity_1","species","Highly Significant (p < 0.01)","Enriched in 04_t2d_obesity_3"
33.0715436189441,1.46886056400924,0.53511271780355,2.74495543675059,0.00605191150842461,0.0104533016963698,"Pusillibacter faecalis","04_t2d_obesity_3_vs_02_obesity_1","species","Significant (p < 0.05)","Enriched in 04_t2d_obesity_3"
6.88107736246526,-0.418507521217101,0.473900140325266,-0.883113309335284,0.377175053853596,0.431057204404109,"Flintibacter sp. KGMB00164","04_t2d_obesity_3_vs_02_obesity_1","species","Not Significant","No Change"
50.164871361043,2.00249890270977,0.509415912233535,3.93097045973655,8.4603667745559e-05,0.000210815696677459,"Intestinimonas butyriciproducens","04_t2d_obesity_3_vs_02_obesity_1","species","Highly Significant (p < 0.01)","Enriched in 04_t2d_obesity_3"
10.8747025482406,-1.14322237492036,0.452178778911052,-2.52825304556197,0.0114631698943012,0.0185361896163169,"Massilistercora timonensis","04_t2d_obesity_3_vs_02_obesity_1","species","Significant (p < 0.05)","Enriched in 02_obesity_1"
140.456782143244,0.31269394126184,0.565733220918545,0.552723314982526,0.580452885790938,0.621329849579032,"Eubacterium ventriosum","04_t2d_obesity_3_vs_02_obesity_1","species","Not Significant","No Change"
63.3251609411932,-7.16293232639534,0.543068828205031,-13.1897320456976,1.00541974052475e-39,5.09412668532538e-38,"Clostridium sp. C45","04_t2d_obesity_3_vs_02_obesity_1","species","Highly Significant (p < 0.01)","Enriched in 02_obesity_1"
21.0676756127962,2.40075180218081,0.547374738284422,4.38593825083203,1.15486882637295e-05,3.02655278635671e-05,"Clostridium thermosuccinogenes","04_t2d_obesity_3_vs_02_obesity_1","species","Highly Significant (p < 0.01)","Enriched in 04_t2d_obesity_3"
57.5780131392042,-1.05133443809971,0.524196322654205,-2.00561200577754,0.0448976599792469,0.0656196568927455,"Acutalibacter muris","04_t2d_obesity_3_vs_02_obesity_1","species","Not Significant","No Change"
316.253362716076,-6.90060770981933,0.609258659979917,-11.3262365610803,9.72960611470939e-30,3.69725032358957e-28,"Intestinibacter bartlettii","04_t2d_obesity_3_vs_02_obesity_1","species","Highly Significant (p < 0.01)","Enriched in 02_obesity_1"
101.273585940172,-3.90196341273102,0.502706327109603,-7.7619142674532,8.36569521587056e-15,6.69255617269645e-14,"Clostridioides difficile","04_t2d_obesity_3_vs_02_obesity_1","species","Highly Significant (p < 0.01)","Enriched in 02_obesity_1"
82.0372019785475,-3.19232382406686,0.587700370332074,-5.43189010118042,5.57602611828915e-08,2.17322043584603e-07,"Terrisporobacter petrolearius","04_t2d_obesity_3_vs_02_obesity_1","species","Highly Significant (p < 0.01)","Enriched in 02_obesity_1"
16.3192766308506,1.58567677067856,0.493877338180094,3.2106692251191,0.00132426270615571,0.00258061450430344,"Emergencia sp. JLR.KK010","04_t2d_obesity_3_vs_02_obesity_1","species","Highly Significant (p < 0.01)","Enriched in 04_t2d_obesity_3"
18.3231017510354,-0.00393590308814191,0.525456929901567,-0.00749043901443876,0.994023550243252,0.994147126047106,"Emergencia timonensis","04_t2d_obesity_3_vs_02_obesity_1","species","Not Significant","No Change"
27.1987016744439,-1.31747627430141,0.540366742640627,-2.43811502510916,0.0147640752554255,0.0233764524877571,"Monoglobus pectinilyticus","04_t2d_obesity_3_vs_02_obesity_1","species","Significant (p < 0.05)","Enriched in 02_obesity_1"
822.675619713226,-5.76335016854981,0.580771149811751,-9.92361650611936,3.28628346456393e-23,5.55016762904131e-22,"Faecalibacillus intestinalis","04_t2d_obesity_3_vs_02_obesity_1","species","Highly Significant (p < 0.01)","Enriched in 02_obesity_1"
11.9085219589845,-4.60287263242497,0.486218265265593,-9.46667980461549,2.88879947917318e-21,3.9917956439484e-20,"Thomasclavelia spiroformis","04_t2d_obesity_3_vs_02_obesity_1","species","Highly Significant (p < 0.01)","Enriched in 02_obesity_1"
9.19040778803384,-3.66615848245005,0.484671758224331,-7.56420901412037,3.90231835981064e-14,2.96576195345608e-13,"Holdemania massiliensis","04_t2d_obesity_3_vs_02_obesity_1","species","Highly Significant (p < 0.01)","Enriched in 02_obesity_1"
2330.63721256988,3.48680873036504,0.708675997651468,4.92017331180995,8.64676121382779e-07,2.79639937128048e-06,"Phascolarctobacterium faecium","04_t2d_obesity_3_vs_02_obesity_1","species","Highly Significant (p < 0.01)","Enriched in 04_t2d_obesity_3"
582.444256404421,-2.295378783134,0.636216667700627,-3.60785703937908,0.000308736517404209,0.000680115226745504,"Streptococcus thermophilus","04_t2d_obesity_3_vs_02_obesity_1","species","Highly Significant (p < 0.01)","Enriched in 02_obesity_1"
76.0734926809659,-0.192822150099859,0.504171810838397,-0.38245325493151,0.702125195377964,0.73097965546199,"Enterococcus faecalis","04_t2d_obesity_3_vs_02_obesity_1","species","Not Significant","No Change"
1065.71009525901,-2.36213596546548,0.652001598674987,-3.62289903930583,0.000291319550821162,0.000651184878306127,"Bifidobacterium longum","04_t2d_obesity_3_vs_02_obesity_1","species","Highly Significant (p < 0.01)","Enriched in 02_obesity_1"
13.0723801044137,-2.13520676924709,0.448351676299709,-4.76234813454734,1.91353193994496e-06,5.81713709743268e-06,"Adlercreutzia equolifaciens","04_t2d_obesity_3_vs_02_obesity_1","species","Highly Significant (p < 0.01)","Enriched in 02_obesity_1"
8.32366011010232,-0.948699724798622,0.475537613350339,-1.99500459724874,0.0460423784639557,0.0666518240621072,"Gordonibacter pamelaeae","04_t2d_obesity_3_vs_02_obesity_1","species","Not Significant","No Change"
5142.96895330621,-0.751712502515134,0.482836527179574,-1.55686751146638,0.119501944358085,0.153934707986686,"Bacteroides uniformis","04_t2d_obesity_3_vs_02_obesity_1","species","Not Significant","No Change"
660.016008395919,0.57582306055458,0.809537325442084,0.711298963565549,0.476898993714279,0.521501057874608,"Bacteroides stercoris","04_t2d_obesity_3_vs_02_obesity_1","species","Not Significant","No Change"
45.5789291187496,-4.45158247618714,0.640813473971866,-6.9467679082893,3.73749815472903e-12,2.02892756971004e-11,"Bacteroides sp. MSB163","04_t2d_obesity_3_vs_02_obesity_1","species","Highly Significant (p < 0.01)","Enriched in 02_obesity_1"
2086.48001156289,-5.52694501728109,0.807954299791252,-6.84066539247215,7.88261805356462e-12,3.99385981380608e-11,"Bacteroides fragilis","04_t2d_obesity_3_vs_02_obesity_1","species","Highly Significant (p < 0.01)","Enriched in 02_obesity_1"
317.631261308078,2.55440941506941,0.682478228240762,3.74284381445246,0.000181949329403337,0.000419034819231927,"Bacteroides eggerthii","04_t2d_obesity_3_vs_02_obesity_1","species","Highly Significant (p < 0.01)","Enriched in 04_t2d_obesity_3"
48.1336207022729,1.13883753473498,0.634904397058033,1.79371499081127,0.0728586713528715,0.100677436778513,"Bacteroides nordii","04_t2d_obesity_3_vs_02_obesity_1","species","Not Significant","No Change"
7969.69233375868,-1.60488345685714,0.505556982808196,-3.17448578781873,0.00150102241347598,0.00288804312466265,"Phocaeicola vulgatus","04_t2d_obesity_3_vs_02_obesity_1","species","Highly Significant (p < 0.01)","Enriched in 02_obesity_1"
1700.35335926325,-1.55096873515921,0.825327602608707,-1.87921587773981,0.0602150224923756,0.0847470686929731,"Phocaeicola dorei","04_t2d_obesity_3_vs_02_obesity_1","species","Not Significant","No Change"
1163.92723703905,2.96290686024278,0.593263892895463,4.99424774661765,5.9065536323349e-07,1.95173076546718e-06,"Alistipes senegalensis","04_t2d_obesity_3_vs_02_obesity_1","species","Highly Significant (p < 0.01)","Enriched in 04_t2d_obesity_3"
404.545875642961,1.10629661341441,0.66256295214438,1.66972302002985,0.0949741770292338,0.126632236038978,"Alistipes onderdonkii","04_t2d_obesity_3_vs_02_obesity_1","species","Not Significant","No Change"
276.732408375205,3.46084513216922,0.667984729416648,5.18102432549855,2.20670708911941e-07,7.9861780368131e-07,"Alistipes finegoldii","04_t2d_obesity_3_vs_02_obesity_1","species","Highly Significant (p < 0.01)","Enriched in 04_t2d_obesity_3"
103.019809087587,4.05648545717486,0.581539969055558,6.97541987313913,3.04958651142399e-12,1.71680425828314e-11,"Alistipes communis","04_t2d_obesity_3_vs_02_obesity_1","species","Highly Significant (p < 0.01)","Enriched in 04_t2d_obesity_3"
66.7980261555676,5.62063476915684,0.51755281051794,10.8600217309843,1.78706676271396e-27,5.43268295865043e-26,"Alistipes ihumii","04_t2d_obesity_3_vs_02_obesity_1","species","Highly Significant (p < 0.01)","Enriched in 04_t2d_obesity_3"
200.139464877446,2.29652598170716,0.661952214852901,3.46932290606128,0.000521771928232029,0.0011170328604404,"Barnesiella viscericola","04_t2d_obesity_3_vs_02_obesity_1","species","Highly Significant (p < 0.01)","Enriched in 04_t2d_obesity_3"
194.859288474361,0.443803284116037,0.527977991528562,0.84057156024851,0.400587996699393,0.451032411098576,"Odoribacter splanchnicus","04_t2d_obesity_3_vs_02_obesity_1","species","Not Significant","No Change"
1451.20677814245,0.744130842087119,0.58633885211094,1.26911399339835,0.204400410091689,0.248550898671494,"Parabacteroides merdae","04_t2d_obesity_3_vs_02_obesity_1","species","Not Significant","No Change"
66.7565202630643,1.22630081563811,0.626548894501992,1.95723083449509,0.0503203351237238,0.0721574616868492,"Parabacteroides distasonis","04_t2d_obesity_3_vs_02_obesity_1","species","Not Significant","No Change"
10160.6150955414,1.47349691440692,0.892775580311496,1.6504673144093,0.0988473931649537,0.130546773520026,"Segatella copri","04_t2d_obesity_3_vs_02_obesity_1","species","Not Significant","No Change"
74.9782000728526,-0.690122117111028,0.559620045408223,-1.23319763609899,0.217502037122118,0.262383409861603,"Aureibaculum algae","04_t2d_obesity_3_vs_02_obesity_1","species","Not Significant","No Change"
8.40863227300283,0.989028994090427,0.383585765660119,2.57837772574379,0.00992654238223246,0.0165805982648278,"Spirosoma endbachense","04_t2d_obesity_3_vs_02_obesity_1","species","Significant (p < 0.05)","No Change"
236.996293401727,-1.56701536538661,0.723335496898308,-2.16637420962477,0.030282603098816,0.0455738185249509,"Sutterella wadsworthensis","04_t2d_obesity_3_vs_02_obesity_1","species","Significant (p < 0.05)","Enriched in 02_obesity_1"
36.511315880731,-3.7677634744092,0.689660703960305,-5.4632132188672,4.67592400905111e-08,1.87036960362044e-07,"Duodenibacillus massiliensis","04_t2d_obesity_3_vs_02_obesity_1","species","Highly Significant (p < 0.01)","Enriched in 02_obesity_1"
765.01636107744,-0.00430671802647254,0.587101829150121,-0.00733555545672013,0.994147126047106,0.994147126047106,"Coprococcus comes","04_t2d_obesity_3_vs_02_obesity_1","species","Not Significant","No Change"
139.295790097842,4.387046831119,0.555677457314587,7.89495196065755,2.90427081100116e-15,2.7590572704511e-14,"Ruminococcus albus","04_t2d_obesity_3_vs_02_obesity_1","species","Highly Significant (p < 0.01)","Enriched in 04_t2d_obesity_3"
307.053796910366,-0.644712905163595,0.535524003098133,-1.20389170501001,0.228631438294779,0.273637626935484,"Eubacterium ramulus","04_t2d_obesity_3_vs_02_obesity_1","species","Not Significant","No Change"
21.6221829291698,-0.521334382204023,0.616727277736433,-0.845324020882407,0.397929953006897,0.451032411098576,"Veillonella parvula","04_t2d_obesity_3_vs_02_obesity_1","species","Not Significant","No Change"
196.956885631645,-7.01956094937459,0.68696458026913,-10.2182283497419,1.64316473227143e-24,3.56801484721796e-23,"Allobaculum mucilyticum","04_t2d_obesity_3_vs_02_obesity_1","species","Highly Significant (p < 0.01)","Enriched in 02_obesity_1"
28.0855431973965,-5.25502090355494,0.541930488182791,-9.69685415038402,3.10937860923378e-22,4.72625548603534e-21,"Longicatena caecimuris","04_t2d_obesity_3_vs_02_obesity_1","species","Highly Significant (p < 0.01)","Enriched in 02_obesity_1"
16.539532727889,-0.867506866175408,0.501913309944665,-1.72839980328684,0.0839165707449282,0.114912781560622,"Gordonibacter urolithinfaciens","04_t2d_obesity_3_vs_02_obesity_1","species","Not Significant","No Change"
621.802300896741,0.123627330191208,0.71525832912389,0.17284290885873,0.862774908201283,0.874278573643966,"Turicimonas muris","04_t2d_obesity_3_vs_02_obesity_1","species","Not Significant","No Change"
36.712048375988,-1.0542000732262,0.658733385092986,-1.60034408014312,0.109522273094695,0.142285346242681,"Haemophilus parainfluenzae","04_t2d_obesity_3_vs_02_obesity_1","species","Not Significant","No Change"
165.783522362774,-4.01134361399847,0.649813447939208,-6.17306955822457,6.697672722054e-10,2.8279062604228e-09,"Coprococcus catus","04_t2d_obesity_3_vs_02_obesity_1","species","Highly Significant (p < 0.01)","Enriched in 02_obesity_1"
64.1727074884569,-1.54388499677243,0.56382414604856,-2.73823852276,0.00617692579182215,0.0105493564085052,"Lachnoanaerobaculum umeaense","04_t2d_obesity_3_vs_02_obesity_1","species","Significant (p < 0.05)","Enriched in 02_obesity_1"
25.9801008526341,2.38144523166476,0.546061658694663,4.36112880980786,1.29393160276791e-05,3.33351870543597e-05,"Candidatus Epulonipiscium viviparus","04_t2d_obesity_3_vs_02_obesity_1","species","Highly Significant (p < 0.01)","Enriched in 04_t2d_obesity_3"
10.6992396082088,1.87349797027979,0.515750224965973,3.63256840150364,0.00028061415735823,0.000636617192812701,"Stomatobaculum sp. F0698","04_t2d_obesity_3_vs_02_obesity_1","species","Highly Significant (p < 0.01)","Enriched in 04_t2d_obesity_3"
552.676707155005,2.50779527119142,0.638690809235358,3.92646212365849,8.62044596472857e-05,0.000211339965586894,"Vescimonas coprocola","04_t2d_obesity_3_vs_02_obesity_1","species","Highly Significant (p < 0.01)","Enriched in 04_t2d_obesity_3"
525.093345276139,3.74819877273942,0.581314936023936,6.44779368370657,1.13490111381411e-10,5.07367556763953e-10,"Vescimonas fastidiosa","04_t2d_obesity_3_vs_02_obesity_1","species","Highly Significant (p < 0.01)","Enriched in 04_t2d_obesity_3"
183.930068854024,-1.45178205732009,0.571707270467124,-2.53938008543058,0.0111049106522153,0.0181499614960938,"Clostridium perfringens","04_t2d_obesity_3_vs_02_obesity_1","species","Significant (p < 0.05)","Enriched in 02_obesity_1"
290.573958238786,3.34808057362575,0.709469696670886,4.71913118958607,2.3685404193193e-06,7.05917928895165e-06,"Aristaeella hokkaidonensis","04_t2d_obesity_3_vs_02_obesity_1","species","Highly Significant (p < 0.01)","Enriched in 04_t2d_obesity_3"
29.0582541581662,-4.70692025420011,0.514926187159521,-9.14096111554321,6.18997239265836e-20,7.84063169736725e-19,"Romboutsia sp. 13368","04_t2d_obesity_3_vs_02_obesity_1","species","Highly Significant (p < 0.01)","Enriched in 02_obesity_1"
81.4576184419654,0.663064380222634,0.599426619381105,1.1061643890744,0.268655373256567,0.316555168488359,"Christensenella sp. MSJ-20","04_t2d_obesity_3_vs_02_obesity_1","species","Not Significant","No Change"
25.4231323905501,2.01490574425387,0.614758760870887,3.27755515252762,0.00104710272251768,0.00209420544503537,"Veillonella rogosae","04_t2d_obesity_3_vs_02_obesity_1","species","Highly Significant (p < 0.01)","Enriched in 04_t2d_obesity_3"
1359.13644713767,-2.1578898189848,0.651546415147999,-3.31195102730269,0.000926477627744574,0.0019122130613934,"Bacteroides caccae","04_t2d_obesity_3_vs_02_obesity_1","species","Highly Significant (p < 0.01)","Enriched in 02_obesity_1"
31.4280191050565,-0.740200722499485,0.620034598834285,-1.19380551325865,0.232554054545173,0.276157939772393,"Bacteroides salyersiae","04_t2d_obesity_3_vs_02_obesity_1","species","Not Significant","No Change"
59.7979664370341,-0.755448496421306,0.711565114604919,-1.0616716318938,0.288384782067096,0.337188360570758,"Bacteroides zhangwenhongii","04_t2d_obesity_3_vs_02_obesity_1","species","Not Significant","No Change"
178.959425905735,1.90798543391252,0.587070906696738,3.25000849496725,0.00115401561186384,0.0022780567922507,"Alistipes shahii","04_t2d_obesity_3_vs_02_obesity_1","species","Highly Significant (p < 0.01)","Enriched in 04_t2d_obesity_3"
10.4026412087558,1.73434462625149,0.51810207938757,3.34749597666468,0.00081545171441156,0.00172150917486885,"Butyricimonas paravirosa","04_t2d_obesity_3_vs_02_obesity_1","species","Highly Significant (p < 0.01)","Enriched in 04_t2d_obesity_3"
28.5984443898696,0.840498985144703,0.617126474140467,1.36195580705778,0.173211832359553,0.214729409170594,"Bacteroides helcogenes","04_t2d_obesity_3_vs_02_obesity_1","species","Not Significant","No Change"
419.849977654507,-0.594944923295459,0.818651170556402,-0.726738010880875,0.467386463514025,0.51480248155168,"Phocaeicola coprophilus","04_t2d_obesity_3_vs_02_obesity_1","species","Not Significant","No Change"
4341.09082215265,5.06166558520663,0.645587169688724,7.84040610293907,4.4909164293426e-15,4.01540763094162e-14,"Akkermansia muciniphila","04_t2d_obesity_3_vs_02_obesity_1","species","Highly Significant (p < 0.01)","Enriched in 04_t2d_obesity_3"
150.824541417488,-1.04090257699483,0.772248854722434,-1.34788490863992,0.1776954026855,0.217820171033838,"Bacteroides intestinalis","04_t2d_obesity_3_vs_02_obesity_1","species","Not Significant","No Change"
816.491439088302,2.41408139134544,0.798125362419563,3.02468948490375,0.00248888511388079,0.00445071220364565,"Phocaeicola salanitronis","04_t2d_obesity_3_vs_02_obesity_1","species","Highly Significant (p < 0.01)","Enriched in 04_t2d_obesity_3"
92.9120195812263,-0.346679789389328,0.667792417584534,-0.519143045444122,0.603660992613443,0.638754718570269,"Parabacteroides goldsteinii","04_t2d_obesity_3_vs_02_obesity_1","species","Not Significant","No Change"
462.572095981742,1.18999177201482,0.722669674849331,1.64666072678768,0.0996278008442308,0.130546773520026,"Paraprevotella clara","04_t2d_obesity_3_vs_02_obesity_1","species","Not Significant","No Change"
16.8690900619411,-0.456007973213823,0.591582676574385,-0.770827124036795,0.440809407647134,0.48907321140412,"Dellaglioa sp. P0083","04_t2d_obesity_3_vs_02_obesity_1","species","Not Significant","No Change"
19.1095903079768,-2.68775166954299,0.564153801214163,-4.76421795573911,1.89587493672439e-06,5.81713709743268e-06,"Clostridium sp. M62/1","04_t2d_obesity_3_vs_02_obesity_1","species","Highly Significant (p < 0.01)","Enriched in 02_obesity_1"
24.151017517711,0.932323410979259,0.635064211967034,1.46807739030279,0.1420832023401,0.181484426518448,"Clostridium sp. MD294","04_t2d_obesity_3_vs_02_obesity_1","species","Not Significant","No Change"
13.7279843314003,-3.55634855574521,0.555132031304056,-6.40631121103032,1.4908250602043e-10,6.47444026145868e-10,"Eisenbergiella porci","04_t2d_obesity_3_vs_02_obesity_1","species","Highly Significant (p < 0.01)","Enriched in 02_obesity_1"
13.1985091296858,1.70863207837838,0.563116520559164,3.03424249866039,0.002411405131958,0.0043662107444673,"Coprobacter fastidiosus","04_t2d_obesity_3_vs_02_obesity_1","species","Highly Significant (p < 0.01)","Enriched in 04_t2d_obesity_3"
617.061562296331,3.37869638520428,0.809186895624819,4.17542152928144,2.97434772044817e-05,7.53501422513537e-05,"Megamonas funiformis","04_t2d_obesity_3_vs_02_obesity_1","species","Highly Significant (p < 0.01)","Enriched in 04_t2d_obesity_3"
402.359968704109,-1.63404448473847,0.669723561778702,-2.43987904561496,0.0146921802439541,0.0233764524877571,"Acidaminococcus intestini","04_t2d_obesity_3_vs_02_obesity_1","species","Significant (p < 0.05)","Enriched in 02_obesity_1"
187.596483152231,3.1944777137899,0.697383730080012,4.58065993799912,4.63510990737925e-06,1.3046976035586e-05,"Anaeromicropila herbilytica","04_t2d_obesity_3_vs_02_obesity_1","species","Highly Significant (p < 0.01)","Enriched in 04_t2d_obesity_3"
26.1147237174589,3.2854126532283,0.615786918560036,5.33530764328503,9.53826981212579e-08,3.53613905230029e-07,"Alistipes dispar","04_t2d_obesity_3_vs_02_obesity_1","species","Highly Significant (p < 0.01)","Enriched in 04_t2d_obesity_3"
11.6338451999581,-0.243450144509953,0.560249843091504,-0.434538532249425,0.663897420109282,0.69594764039042,"Aristaeella lactis","04_t2d_obesity_3_vs_02_obesity_1","species","Not Significant","No Change"
36.0874497420583,2.95866388356918,0.579900077824774,5.10202360149223,3.36040831268849e-07,1.18786526402012e-06,"Anaeropeptidivorans aminofermentans","04_t2d_obesity_3_vs_02_obesity_1","species","Highly Significant (p < 0.01)","Enriched in 04_t2d_obesity_3"
6.34637964756057,-0.348979232347794,0.448457173986512,-0.778177388145184,0.436464445182487,0.48781320343925,"Coraliomargarita akajimensis","04_t2d_obesity_3_vs_02_obesity_1","species","Not Significant","No Change"
7.77528432504481,2.44309572928166,0.453505485342171,5.38713600660936,7.15892617726931e-08,2.72039194736234e-07,"Petroclostridium sp. X23","04_t2d_obesity_3_vs_02_obesity_1","species","Highly Significant (p < 0.01)","Enriched in 04_t2d_obesity_3"
10.8345740189636,0.912001178019591,0.541524450500927,1.68413665749711,0.0921552613617091,0.123961059530795,"Caldinitratiruptor microaerophilus","04_t2d_obesity_3_vs_02_obesity_1","species","Not Significant","No Change"
7.15451355037753,1.35878683306698,0.439962351804145,3.08841615082524,0.0020122646951701,0.00377610165019575,"Anoxybacillus gonensis","04_t2d_obesity_3_vs_02_obesity_1","species","Highly Significant (p < 0.01)","Enriched in 04_t2d_obesity_3"
5.30673965169083,0.289654547260878,0.454415092006195,0.637422815298858,0.523849471052456,0.564717160283499,"Caldilinea aerophila","04_t2d_obesity_3_vs_02_obesity_1","species","Not Significant","No Change"
9.34439749150478,3.57683953766924,0.501223490800633,7.13621688392088,9.59346006981107e-13,6.07585804421368e-12,"Alistipes sp. dk3624","04_t2d_obesity_3_vs_02_obesity_1","species","Highly Significant (p < 0.01)","Enriched in 04_t2d_obesity_3"
59.1714865002785,4.33773922062723,0.605796396007607,7.16039126217047,8.04471201291122e-13,5.31650533027176e-12,"Alistipes indistinctus","04_t2d_obesity_3_vs_02_obesity_1","species","Highly Significant (p < 0.01)","Enriched in 04_t2d_obesity_3"
29.0910015695409,1.92683245393058,0.508118649645685,3.79209158190547,0.000149383800811753,0.000349328272667483,"Butyricimonas faecihominis","04_t2d_obesity_3_vs_02_obesity_1","species","Highly Significant (p < 0.01)","Enriched in 04_t2d_obesity_3"
41.4871738826235,0.595588406393466,0.647710016110804,0.9195294060291,0.357818731978432,0.415178986723066,"Butyricimonas virosa","04_t2d_obesity_3_vs_02_obesity_1","species","Not Significant","No Change"
535.044200461833,-1.1579150439762,0.84455923306501,-1.37102881437218,0.170365973855662,0.214013454760831,"Salmonella enterica","04_t2d_obesity_3_vs_02_obesity_1","species","Not Significant","No Change"
99.2870232002291,-4.62157343431403,0.684302382173661,-6.75370063689355,1.44120968473784e-11,6.84574600250474e-11,"Escherichia coli","04_t2d_obesity_3_vs_02_obesity_1","species","Highly Significant (p < 0.01)","Enriched in 02_obesity_1"
26.4534638296223,-4.32945911137635,0.607348825033204,-7.12845556446027,1.01501355052477e-12,6.17128238719059e-12,"Klebsiella pneumoniae","04_t2d_obesity_3_vs_02_obesity_1","species","Highly Significant (p < 0.01)","Enriched in 02_obesity_1"
5.38305226671084,0.139478355414525,0.441265612920353,0.316087071665156,0.751936419391999,0.777512488078802,"Wansuia hejianensis","04_t2d_obesity_3_vs_02_obesity_1","species","Not Significant","No Change"
15.5091828962842,3.78617432071531,0.462127184142135,8.19292707860009,2.54948651132112e-16,2.76801392657722e-15,"Ruthenibacterium sp. TH_2024_36131","04_t2d_obesity_3_vs_02_obesity_1","species","Highly Significant (p < 0.01)","Enriched in 04_t2d_obesity_3"
37.5498376872558,-5.24651530786105,0.659805038914193,-7.95161448978166,1.840963742037e-15,1.86550992526416e-14,"Thomasclavelia ramosa","04_t2d_obesity_3_vs_02_obesity_1","species","Highly Significant (p < 0.01)","Enriched in 02_obesity_1"
91.0110615070034,7.32392798271883,0.714272352587875,10.2536909852153,1.13908881059037e-24,2.88569165349561e-23,"Dialister succinatiphilus","04_t2d_obesity_3_vs_02_obesity_1","species","Highly Significant (p < 0.01)","Enriched in 04_t2d_obesity_3"
33.156393138565,6.61868782472902,0.65133002795123,10.1618036029265,2.93594267513284e-24,5.57829108275240e-23,"Parabacteroides sp. AD58","04_t2d_obesity_3_vs_02_obesity_1","species","Highly Significant (p < 0.01)","Enriched in 04_t2d_obesity_3"
4.3798071907905,1.20965398223366,0.398692199326313,3.03405480287214,0.00241290593773193,0.0043662107444673,"Thermocaproicibacter melissae","04_t2d_obesity_3_vs_02_obesity_1","species","Highly Significant (p < 0.01)","Enriched in 04_t2d_obesity_3"
4.1163772438001,-0.094411095238389,0.422592525460186,-0.223409288026519,0.823216976200201,0.839791814647185,"Christensenella massiliensis","04_t2d_obesity_3_vs_02_obesity_1","species","Not Significant","No Change"
632.221992235096,2.54409393735585,0.859474510485969,2.96005746106112,0.00307581667769673,0.00543632715127795,"Phascolarctobacterium succinatutens","04_t2d_obesity_3_vs_02_obesity_1","species","Highly Significant (p < 0.01)","Enriched in 04_t2d_obesity_3"
92.6922499166173,-3.92267999139952,0.716385436829007,-5.47565568719932,4.35894524873628e-08,1.79070183191328e-07,"Bacillus sp. ZHX3","04_t2d_obesity_3_vs_02_obesity_1","species","Highly Significant (p < 0.01)","Enriched in 02_obesity_1"
181.629795994495,9.48071320969613,0.716092974054881,13.2395003905869,5.1892875157373e-40,3.94385851196035e-38,"Prevotella sp. Rep29","04_t2d_obesity_3_vs_02_obesity_1","species","Highly Significant (p < 0.01)","Enriched in 04_t2d_obesity_3"
243.154273990678,2.72090678684524,0.778625567578768,3.49449966728711,0.00047495120161318,0.00103132260921719,"Prevotella bivia","04_t2d_obesity_3_vs_02_obesity_1","species","Highly Significant (p < 0.01)","Enriched in 04_t2d_obesity_3"
6.33793743138484,-2.37230393221036,0.527937601805061,-4.4935309099016,7.00518479558275e-06,1.90140730165817e-05,"Vibrio tapetis","04_t2d_obesity_3_vs_02_obesity_1","species","Highly Significant (p < 0.01)","Enriched in 02_obesity_1"
20.8249137234078,2.63921485186031,0.577388627002075,4.57095053216353,4.85516893888194e-06,1.34179214310919e-05,"Clostridium thermarum","04_t2d_obesity_3_vs_02_obesity_1","species","Highly Significant (p < 0.01)","Enriched in 04_t2d_obesity_3"
