"baseMean","log2FoldChange","lfcSE","stat","pvalue","padj","taxon","comparison","level","significance","direction"
2612.38199142794,1.30716451434177,0.40459946004011,3.23076188537718,0.00123460744992832,0.00227212873833091,"Blautia obeum","04_t2d_obesity_3_vs_03_diabetic_2","species","Highly Significant (p < 0.01)","Enriched in 04_t2d_obesity_3"
39.2107372897717,3.4389648662871,0.502998209097642,6.83693262537945,8.09067674273504e-12,5.12409527039886e-11,"Blautia hydrogenotrophica","04_t2d_obesity_3_vs_03_diabetic_2","species","Highly Significant (p < 0.01)","Enriched in 04_t2d_obesity_3"
154.29914596925,-0.397883145070339,0.627818106460874,-0.633755447598158,0.526240432820227,0.579627143396192,"Blautia argi","04_t2d_obesity_3_vs_03_diabetic_2","species","Not Significant","No Change"
166.999627015445,3.6024196292208,0.583751745747098,6.17115007443849,6.7795033638914e-10,3.03083679797498e-09,"Blautia luti","04_t2d_obesity_3_vs_03_diabetic_2","species","Highly Significant (p < 0.01)","Enriched in 04_t2d_obesity_3"
145.475414601751,0.311406802637007,0.634129158765843,0.491077879533366,0.623371366144562,0.654028224801524,"Blautia sp. SC05B48","04_t2d_obesity_3_vs_03_diabetic_2","species","Not Significant","No Change"
1122.26949109607,0.185730374856479,0.442815282562904,0.419430814992469,0.674901307452722,0.702636977622012,"Anaerostipes hadrus","04_t2d_obesity_3_vs_03_diabetic_2","species","Not Significant","No Change"
1792.13585911431,4.7435532091509,0.550570469076178,8.61570584617493,6.95120122412118e-18,8.80485488388682e-17,"Dorea longicatena","04_t2d_obesity_3_vs_03_diabetic_2","species","Highly Significant (p < 0.01)","Enriched in 04_t2d_obesity_3"
380.695787759018,1.97979307859813,0.547184106884957,3.61814799386046,0.000296718718103989,0.000617825276052142,"Dorea formicigenerans","04_t2d_obesity_3_vs_03_diabetic_2","species","Highly Significant (p < 0.01)","Enriched in 04_t2d_obesity_3"
716.207066179522,2.24266693364594,0.5187278885078,4.32339764900112,1.53644435064831e-05,3.89232568830904e-05,"Anaerobutyricum hallii","04_t2d_obesity_3_vs_03_diabetic_2","species","Highly Significant (p < 0.01)","Enriched in 04_t2d_obesity_3"
288.957140882659,5.86426132485347,0.684286295741649,8.56989444527399,1.03579938521293e-17,1.12458218965975e-16,"Roseburia intestinalis","04_t2d_obesity_3_vs_03_diabetic_2","species","Highly Significant (p < 0.01)","Enriched in 04_t2d_obesity_3"
43.4369816979777,6.34996131561754,0.641258792124899,9.90233801641311,4.06655163689205e-23,7.7264481100949e-22,"Roseburia sp. 499","04_t2d_obesity_3_vs_03_diabetic_2","species","Highly Significant (p < 0.01)","Enriched in 04_t2d_obesity_3"
1836.51311336378,1.61589801000196,0.414295862552998,3.90034793020711,9.60545453054337e-05,0.000208575584091799,"[Ruminococcus] torques","04_t2d_obesity_3_vs_03_diabetic_2","species","Highly Significant (p < 0.01)","Enriched in 04_t2d_obesity_3"
1149.27968331194,-0.758666372122417,0.704362183333537,-1.07709696811358,0.281436947438055,0.336837921343184,"Mediterraneibacter gnavus","04_t2d_obesity_3_vs_03_diabetic_2","species","Not Significant","No Change"
73.0256507510501,3.40454741604338,0.561570909137763,6.06254234442224,1.33986516747902e-09,5.81884301305175e-09,"Mediterraneibacter glycyrrhizinilyticus","04_t2d_obesity_3_vs_03_diabetic_2","species","Highly Significant (p < 0.01)","Enriched in 04_t2d_obesity_3"
229.340396164205,2.4358095365743,0.687900125133336,3.54093486478458,0.000398711994347122,0.000808056308543501,"[Ruminococcus] lactaris","04_t2d_obesity_3_vs_03_diabetic_2","species","Highly Significant (p < 0.01)","Enriched in 04_t2d_obesity_3"
1018.3391361743,-0.413004919594847,0.411296582029188,-1.00415354184863,0.315304611247187,0.365849625263912,"Claveliimonas bilis","04_t2d_obesity_3_vs_03_diabetic_2","species","Not Significant","No Change"
1680.54253272292,-0.777362191613346,0.47975180516577,-1.62034240047256,0.105158745523594,0.138992428865968,"Lachnospira eligens","04_t2d_obesity_3_vs_03_diabetic_2","species","Not Significant","No Change"
145.938649548673,1.49942038309977,0.532846630316821,2.81398116791739,0.00489320948475532,0.00826408712980898,"Chakrabartyella piscis","04_t2d_obesity_3_vs_03_diabetic_2","species","Highly Significant (p < 0.01)","Enriched in 04_t2d_obesity_3"
165.545505499599,-1.31473017957354,0.56568247963905,-2.32414866448125,0.0201175275838564,0.0302851021043961,"Lacrimispora sp. JR3","04_t2d_obesity_3_vs_03_diabetic_2","species","Significant (p < 0.05)","Enriched in 03_diabetic_2"
10.3768428656169,0.711804432960442,0.480677564912034,1.48083556404532,0.138650397028094,0.172744756953035,"Sellimonas catena","04_t2d_obesity_3_vs_03_diabetic_2","species","Not Significant","No Change"
11.0769122726811,2.1463194336801,0.514776027848101,4.1694238223413,3.05370660709576e-05,7.25255319185243e-05,"Sellimonas intestinalis","04_t2d_obesity_3_vs_03_diabetic_2","species","Highly Significant (p < 0.01)","Enriched in 04_t2d_obesity_3"
987.063586438799,1.06134355564083,0.596336175499587,1.77977389138212,0.0751129720749323,0.101939033530265,"Simiaoa sunii","04_t2d_obesity_3_vs_03_diabetic_2","species","Not Significant","No Change"
517.175300583168,-2.20481644441587,0.368507021866551,-5.98310564951543,2.18922664303687e-09,9.24340138171122e-09,"[Clostridium] symbiosum","04_t2d_obesity_3_vs_03_diabetic_2","species","Highly Significant (p < 0.01)","Enriched in 03_diabetic_2"
19.4920691432839,3.46829411601807,0.537649923642739,6.45084089758507,1.11231226846608e-10,6.08806308733854e-10,"[Clostridium] scindens","04_t2d_obesity_3_vs_03_diabetic_2","species","Highly Significant (p < 0.01)","Enriched in 04_t2d_obesity_3"
24.9990711029794,4.41056564312451,0.56878590946349,7.75435110072398,8.87963428599995e-15,7.49835784151107e-14,"Agathobacter rectalis","04_t2d_obesity_3_vs_03_diabetic_2","species","Highly Significant (p < 0.01)","Enriched in 04_t2d_obesity_3"
22.687854263683,-2.50262182058335,0.566973069961263,-4.4140047440954,1.01475733339036e-05,2.61429007924297e-05,"Hungatella hathewayi","04_t2d_obesity_3_vs_03_diabetic_2","species","Highly Significant (p < 0.01)","Enriched in 03_diabetic_2"
67.9043222259994,-0.304762392272755,0.571026213057623,-0.53370998616836,0.593542199035572,0.639846909598631,"[Clostridium] colinum","04_t2d_obesity_3_vs_03_diabetic_2","species","Not Significant","No Change"
4.26017527245212,-0.427756643606801,0.419480673932252,-1.01972908452961,0.307856963926614,0.359955834744964,"Marvinbryantia formatexigens","04_t2d_obesity_3_vs_03_diabetic_2","species","Not Significant","No Change"
7582.71376777035,-0.100317336833132,0.330638814123284,-0.303404599061158,0.761581541220492,0.782164826118343,"Faecalibacterium prausnitzii","04_t2d_obesity_3_vs_03_diabetic_2","species","Not Significant","No Change"
515.772341251571,1.04953825159868,0.701070900556697,1.49705008546964,0.134380226189232,0.168808218022837,"Faecalibacterium taiwanense","04_t2d_obesity_3_vs_03_diabetic_2","species","Not Significant","No Change"
805.065646138381,0.360577519574793,0.65655733592933,0.549194258966599,0.582872143862293,0.632832613336204,"Ruminococcus bicirculans (ex Wegman et al. 2014)","04_t2d_obesity_3_vs_03_diabetic_2","species","Not Significant","No Change"
291.336185890899,1.23514491811812,0.584926926738709,2.11162260045837,0.0347188324910572,0.0497854956475538,"Ruminococcus champanellensis","04_t2d_obesity_3_vs_03_diabetic_2","species","Significant (p < 0.05)","Enriched in 04_t2d_obesity_3"
1315.65550569392,3.23061020381334,0.469790517812315,6.87670372500791,6.12533157019805e-12,4.04804521160914e-11,"Solibaculum mannosilyticum","04_t2d_obesity_3_vs_03_diabetic_2","species","Highly Significant (p < 0.01)","Enriched in 04_t2d_obesity_3"
179.354012464458,4.28788928186226,0.488535207321535,8.77703227444186,1.67844847106865e-18,2.31931061456758e-17,"Lawsonibacter asaccharolyticus","04_t2d_obesity_3_vs_03_diabetic_2","species","Highly Significant (p < 0.01)","Enriched in 04_t2d_obesity_3"
346.87856486192,2.34358158031522,0.512892518856143,4.56934249215001,4.89256696147112e-06,1.35212759662475e-05,"Paludicola sp. MB14-C6","04_t2d_obesity_3_vs_03_diabetic_2","species","Highly Significant (p < 0.01)","Enriched in 04_t2d_obesity_3"
219.405671192326,1.28471849221083,0.475188483918668,2.70359770004595,0.00685932797856723,0.0109749247657076,"Flavonifractor plautii","04_t2d_obesity_3_vs_03_diabetic_2","species","Significant (p < 0.05)","Enriched in 04_t2d_obesity_3"
47.6073600656115,3.13626573954164,0.484943800062436,6.46727670121331,9.97848347900527e-11,5.83357495695693e-10,"Anaerotruncus colihominis","04_t2d_obesity_3_vs_03_diabetic_2","species","Highly Significant (p < 0.01)","Enriched in 04_t2d_obesity_3"
74.8871542962868,1.88367385826989,0.551682073592331,3.41441918894368,0.000639181515324078,0.00124558449140077,"Ruthenibacterium lactatiformans","04_t2d_obesity_3_vs_03_diabetic_2","species","Highly Significant (p < 0.01)","Enriched in 04_t2d_obesity_3"
210.512362679022,1.07904462966236,0.477139759421325,2.26148546281497,0.0237292118887423,0.0346811558373926,"Oscillibacter hominis","04_t2d_obesity_3_vs_03_diabetic_2","species","Significant (p < 0.05)","Enriched in 04_t2d_obesity_3"
33.0715436189441,3.14713337181792,0.542396545655569,5.80227399496826,6.54215417630823e-09,2.61686167052329e-08,"Pusillibacter faecalis","04_t2d_obesity_3_vs_03_diabetic_2","species","Highly Significant (p < 0.01)","Enriched in 04_t2d_obesity_3"
6.88107736246526,1.14731252316634,0.498938163272531,2.2995084513903,0.0214760840222744,0.0318384926845884,"Flintibacter sp. KGMB00164","04_t2d_obesity_3_vs_03_diabetic_2","species","Significant (p < 0.05)","Enriched in 04_t2d_obesity_3"
50.164871361043,3.77668553932743,0.514662658209499,7.33817672427692,2.16523152574294e-13,1.64557595956463e-12,"Intestinimonas butyriciproducens","04_t2d_obesity_3_vs_03_diabetic_2","species","Highly Significant (p < 0.01)","Enriched in 04_t2d_obesity_3"
10.8747025482406,2.58138328909354,0.50309857604937,5.1309691817538,2.88254107067573e-07,9.32226048388746e-07,"Massilistercora timonensis","04_t2d_obesity_3_vs_03_diabetic_2","species","Highly Significant (p < 0.01)","Enriched in 04_t2d_obesity_3"
140.456782143244,1.85994913425634,0.56404920304846,3.29749448133967,0.00097551591648615,0.00183059776920858,"Eubacterium ventriosum","04_t2d_obesity_3_vs_03_diabetic_2","species","Highly Significant (p < 0.01)","Enriched in 04_t2d_obesity_3"
63.3251609411932,-0.354993617425237,0.587156074369275,-0.604598390311421,0.545445876480907,0.59645880018056,"Clostridium sp. C45","04_t2d_obesity_3_vs_03_diabetic_2","species","Not Significant","No Change"
21.0676756127962,0.266257058431722,0.542397112000772,0.490889520870722,0.623504589099103,0.654028224801524,"Clostridium thermosuccinogenes","04_t2d_obesity_3_vs_03_diabetic_2","species","Not Significant","No Change"
57.5780131392042,4.02841101656873,0.544612631362948,7.39683728320298,1.39466272585978e-13,1.11573018068782e-12,"Acutalibacter muris","04_t2d_obesity_3_vs_03_diabetic_2","species","Highly Significant (p < 0.01)","Enriched in 04_t2d_obesity_3"
316.253362716076,-0.826524046703601,0.611365696885396,-1.3519306871719,0.176397489573101,0.216208906819913,"Intestinibacter bartlettii","04_t2d_obesity_3_vs_03_diabetic_2","species","Not Significant","No Change"
101.273585940172,3.49176557459111,0.548419444526859,6.36696165578808,1.92809350935618e-10,1.01058694283496e-09,"Clostridioides difficile","04_t2d_obesity_3_vs_03_diabetic_2","species","Highly Significant (p < 0.01)","Enriched in 04_t2d_obesity_3"
82.0372019785475,2.41395567608554,0.600638174591606,4.01898477020191,5.84494484311205e-05,0.000130651708257799,"Terrisporobacter petrolearius","04_t2d_obesity_3_vs_03_diabetic_2","species","Highly Significant (p < 0.01)","Enriched in 04_t2d_obesity_3"
16.3192766308506,4.62950605618073,0.538221446496524,8.6014893800978,7.86881844820015e-18,9.20046464712633e-17,"Emergencia sp. JLR.KK010","04_t2d_obesity_3_vs_03_diabetic_2","species","Highly Significant (p < 0.01)","Enriched in 04_t2d_obesity_3"
18.3231017510354,1.44038377793519,0.531211694555801,2.71150615224998,0.00669782981125649,0.010830533311819,"Emergencia timonensis","04_t2d_obesity_3_vs_03_diabetic_2","species","Significant (p < 0.05)","Enriched in 04_t2d_obesity_3"
27.1987016744439,2.08906375415896,0.551939305090545,3.78495195919459,0.000153738273917951,0.000329129825852515,"Monoglobus pectinilyticus","04_t2d_obesity_3_vs_03_diabetic_2","species","Highly Significant (p < 0.01)","Enriched in 04_t2d_obesity_3"
822.675619713226,1.73361022524125,0.583361262970794,2.97176095720303,0.00296097122712214,0.00531629753096251,"Faecalibacillus intestinalis","04_t2d_obesity_3_vs_03_diabetic_2","species","Highly Significant (p < 0.01)","Enriched in 04_t2d_obesity_3"
11.9085219589845,-0.404867596536506,0.533205662826179,-0.759308508447874,0.447668028959629,0.51162060452529,"Thomasclavelia spiroformis","04_t2d_obesity_3_vs_03_diabetic_2","species","Not Significant","No Change"
9.19040778803384,-1.41121917053435,0.50640449313471,-2.78674298839395,0.00532406861041863,0.0088929497668531,"Holdemania massiliensis","04_t2d_obesity_3_vs_03_diabetic_2","species","Highly Significant (p < 0.01)","Enriched in 03_diabetic_2"
2330.63721256988,6.32042744203219,0.705536349536206,8.95832999417677,3.2963271910548e-19,5.0104173304033e-18,"Phascolarctobacterium faecium","04_t2d_obesity_3_vs_03_diabetic_2","species","Highly Significant (p < 0.01)","Enriched in 04_t2d_obesity_3"
582.444256404421,1.83886527033897,0.633711628612128,2.90173824704181,0.00371098473809898,0.00645920342625906,"Streptococcus thermophilus","04_t2d_obesity_3_vs_03_diabetic_2","species","Highly Significant (p < 0.01)","Enriched in 04_t2d_obesity_3"
76.0734926809659,0.93098549328401,0.503077501945645,1.85058065543269,0.0642299048085318,0.0887540502808803,"Enterococcus faecalis","04_t2d_obesity_3_vs_03_diabetic_2","species","Not Significant","No Change"
1065.71009525901,5.55734723673078,0.654411983688549,8.49212327287647,2.02895630623818e-17,2.05600905698802e-16,"Bifidobacterium longum","04_t2d_obesity_3_vs_03_diabetic_2","species","Highly Significant (p < 0.01)","Enriched in 04_t2d_obesity_3"
13.0723801044137,2.03143129277097,0.498674115052893,4.07366500776866,4.62790354240015e-05,0.000104991244544003,"Adlercreutzia equolifaciens","04_t2d_obesity_3_vs_03_diabetic_2","species","Highly Significant (p < 0.01)","Enriched in 04_t2d_obesity_3"
8.32366011010232,2.24293756125805,0.521942684320527,4.29728709422941,1.72901196928478e-05,4.30835769395552e-05,"Gordonibacter pamelaeae","04_t2d_obesity_3_vs_03_diabetic_2","species","Highly Significant (p < 0.01)","Enriched in 04_t2d_obesity_3"
5142.96895330621,0.247834217405938,0.480329131504386,0.515967492185459,0.605877113864244,0.64854451624905,"Bacteroides uniformis","04_t2d_obesity_3_vs_03_diabetic_2","species","Not Significant","No Change"
660.016008395919,2.39286287657807,0.805535833023579,2.97052319522082,0.00297292954034088,0.00531629753096251,"Bacteroides stercoris","04_t2d_obesity_3_vs_03_diabetic_2","species","Highly Significant (p < 0.01)","Enriched in 04_t2d_obesity_3"
45.5789291187496,-3.32592521527417,0.639380384005233,-5.20179426594194,1.97373649707798e-07,6.66684327901896e-07,"Bacteroides sp. MSB163","04_t2d_obesity_3_vs_03_diabetic_2","species","Highly Significant (p < 0.01)","Enriched in 03_diabetic_2"
2086.48001156289,-6.55097281103214,0.803747250861446,-8.15053837386179,3.62307648949831e-16,3.23945662590437e-15,"Bacteroides fragilis","04_t2d_obesity_3_vs_03_diabetic_2","species","Highly Significant (p < 0.01)","Enriched in 03_diabetic_2"
317.631261308078,1.56014301404646,0.678980769513638,2.29777201961701,0.0215747680691619,0.0318384926845884,"Bacteroides eggerthii","04_t2d_obesity_3_vs_03_diabetic_2","species","Significant (p < 0.05)","Enriched in 04_t2d_obesity_3"
48.1336207022729,-0.219498186652544,0.631558098381629,-0.347550268478877,0.728177960406024,0.752945918242963,"Bacteroides nordii","04_t2d_obesity_3_vs_03_diabetic_2","species","Not Significant","No Change"
7969.69233375868,-0.797603957093064,0.502919104682709,-1.58594881297315,0.112750921539222,0.147742586844498,"Phocaeicola vulgatus","04_t2d_obesity_3_vs_03_diabetic_2","species","Not Significant","No Change"
1700.35335926325,-1.10637657820868,0.821028628894456,-1.34754932930714,0.177803377319007,0.216208906819913,"Phocaeicola dorei","04_t2d_obesity_3_vs_03_diabetic_2","species","Not Significant","No Change"
1163.92723703905,2.53212849182857,0.590226645596236,4.29009518753709,1.78596552964483e-05,4.37849613719377e-05,"Alistipes senegalensis","04_t2d_obesity_3_vs_03_diabetic_2","species","Highly Significant (p < 0.01)","Enriched in 04_t2d_obesity_3"
404.545875642961,3.39922630629667,0.660028534592373,5.15012022684141,2.60319534846204e-07,8.6018628905702e-07,"Alistipes onderdonkii","04_t2d_obesity_3_vs_03_diabetic_2","species","Highly Significant (p < 0.01)","Enriched in 04_t2d_obesity_3"
276.732408375205,3.38603093491867,0.664987279108049,5.0918732452452,3.54543104877596e-07,1.12271983211239e-06,"Alistipes finegoldii","04_t2d_obesity_3_vs_03_diabetic_2","species","Highly Significant (p < 0.01)","Enriched in 04_t2d_obesity_3"
103.019809087587,3.60645021265924,0.580003793781079,6.21797693623447,5.0360555938791e-10,2.39212640709257e-09,"Alistipes communis","04_t2d_obesity_3_vs_03_diabetic_2","species","Highly Significant (p < 0.01)","Enriched in 04_t2d_obesity_3"
66.7980261555676,5.40210738290988,0.523033114183122,10.3284232612058,5.24150573142363e-25,1.59341774235278e-23,"Alistipes ihumii","04_t2d_obesity_3_vs_03_diabetic_2","species","Highly Significant (p < 0.01)","Enriched in 04_t2d_obesity_3"
200.139464877446,3.57877295064945,0.659690229718837,5.42492944328543,5.79774372445128e-08,2.09823106218237e-07,"Barnesiella viscericola","04_t2d_obesity_3_vs_03_diabetic_2","species","Highly Significant (p < 0.01)","Enriched in 04_t2d_obesity_3"
194.859288474361,0.4542653236916,0.525573622411397,0.864322911807055,0.387410527216493,0.446109091946265,"Odoribacter splanchnicus","04_t2d_obesity_3_vs_03_diabetic_2","species","Not Significant","No Change"
1451.20677814245,1.0144438806547,0.583324486686031,1.73907302677783,0.0820219184857666,0.110330368228642,"Parabacteroides merdae","04_t2d_obesity_3_vs_03_diabetic_2","species","Not Significant","No Change"
66.7565202630643,5.27749293210136,0.639475127759843,8.25285097575107,1.54659862588144e-16,1.46926869458737e-15,"Parabacteroides distasonis","04_t2d_obesity_3_vs_03_diabetic_2","species","Highly Significant (p < 0.01)","Enriched in 04_t2d_obesity_3"
10160.6150955414,0.639287723491861,0.888099049091847,0.719838315495985,0.471624550909436,0.531014309172105,"Segatella copri","04_t2d_obesity_3_vs_03_diabetic_2","species","Not Significant","No Change"
74.9782000728526,1.95562419116406,0.560260749446046,3.49056076674597,0.000482007983616443,0.000964015967232885,"Aureibaculum algae","04_t2d_obesity_3_vs_03_diabetic_2","species","Highly Significant (p < 0.01)","Enriched in 04_t2d_obesity_3"
8.40863227300283,2.63043903852475,0.418609282032192,6.28375707713634,3.3048698686922e-10,1.62045232271359e-09,"Spirosoma endbachense","04_t2d_obesity_3_vs_03_diabetic_2","species","Highly Significant (p < 0.01)","Enriched in 04_t2d_obesity_3"
236.996293401727,-2.71396933979737,0.71958228223664,-3.77158999991173,0.000162210630481917,0.000342444664350713,"Sutterella wadsworthensis","04_t2d_obesity_3_vs_03_diabetic_2","species","Highly Significant (p < 0.01)","Enriched in 03_diabetic_2"
36.511315880731,-4.91031506017276,0.686546744583751,-7.1521933486843,8.5402159738859e-13,5.9005128546848e-12,"Duodenibacillus massiliensis","04_t2d_obesity_3_vs_03_diabetic_2","species","Highly Significant (p < 0.01)","Enriched in 03_diabetic_2"
765.01636107744,3.70361677676535,0.584828782978882,6.33282233117976,2.40716700793049e-10,1.21963128401812e-09,"Coprococcus comes","04_t2d_obesity_3_vs_03_diabetic_2","species","Highly Significant (p < 0.01)","Enriched in 04_t2d_obesity_3"
139.295790097842,8.25188120149581,0.595741625807684,13.8514430484998,1.24681852659239e-43,9.47582080210216e-42,"Ruminococcus albus","04_t2d_obesity_3_vs_03_diabetic_2","species","Highly Significant (p < 0.01)","Enriched in 04_t2d_obesity_3"
307.053796910366,3.07108817173708,0.534647480341391,5.74413662208992,9.23911709148196e-09,3.60088666129553e-08,"Eubacterium ramulus","04_t2d_obesity_3_vs_03_diabetic_2","species","Highly Significant (p < 0.01)","Enriched in 04_t2d_obesity_3"
21.6221829291698,-0.153563607162485,0.615951578311313,-0.249311167581539,0.80312009353028,0.819290296755722,"Veillonella parvula","04_t2d_obesity_3_vs_03_diabetic_2","species","Not Significant","No Change"
196.956885631645,-4.45508872457933,0.684290166389427,-6.51052571467754,7.48882469770622e-11,4.55320541620538e-10,"Allobaculum mucilyticum","04_t2d_obesity_3_vs_03_diabetic_2","species","Highly Significant (p < 0.01)","Enriched in 03_diabetic_2"
28.0855431973965,-0.376668325931359,0.568686327245236,-0.662348130921261,0.507748137325387,0.567483212304845,"Longicatena caecimuris","04_t2d_obesity_3_vs_03_diabetic_2","species","Not Significant","No Change"
16.539532727889,3.39684652198724,0.54683823598835,6.21179408906514,5.23830414873694e-10,2.4127946382061e-09,"Gordonibacter urolithinfaciens","04_t2d_obesity_3_vs_03_diabetic_2","species","Highly Significant (p < 0.01)","Enriched in 04_t2d_obesity_3"
621.802300896741,2.96309231303126,0.711977860322964,4.16177591770502,3.15782144826394e-05,7.38444400209413e-05,"Turicimonas muris","04_t2d_obesity_3_vs_03_diabetic_2","species","Highly Significant (p < 0.01)","Enriched in 04_t2d_obesity_3"
36.712048375988,-1.24987799134753,0.656106487228588,-1.90499258226672,0.0567810353358007,0.0806609100097355,"Haemophilus parainfluenzae","04_t2d_obesity_3_vs_03_diabetic_2","species","Not Significant","No Change"
165.783522362774,-3.49351672498279,0.646755114780819,-5.40160664390991,6.60466549207735e-08,2.33467245301339e-07,"Coprococcus catus","04_t2d_obesity_3_vs_03_diabetic_2","species","Highly Significant (p < 0.01)","Enriched in 03_diabetic_2"
64.1727074884569,2.61825666533017,0.57079874940497,4.58700490857693,4.49650113258974e-06,1.26568180028452e-05,"Lachnoanaerobaculum umeaense","04_t2d_obesity_3_vs_03_diabetic_2","species","Highly Significant (p < 0.01)","Enriched in 04_t2d_obesity_3"
25.9801008526341,1.31334717951855,0.544091645542195,2.41383448961025,0.0157856312047727,0.0244838361543413,"Candidatus Epulonipiscium viviparus","04_t2d_obesity_3_vs_03_diabetic_2","species","Significant (p < 0.05)","Enriched in 04_t2d_obesity_3"
10.6992396082088,0.798138228260681,0.515370842764392,1.54866779808411,0.121461598708526,0.154703827733343,"Stomatobaculum sp. F0698","04_t2d_obesity_3_vs_03_diabetic_2","species","Not Significant","No Change"
552.676707155005,1.82982873105124,0.635418094528972,2.87972399087512,0.00398023452188265,0.00679770390254116,"Vescimonas coprocola","04_t2d_obesity_3_vs_03_diabetic_2","species","Highly Significant (p < 0.01)","Enriched in 04_t2d_obesity_3"
525.093345276139,0.068725527244091,0.577778814315241,0.118947814529236,0.905316700115227,0.905316700115227,"Vescimonas fastidiosa","04_t2d_obesity_3_vs_03_diabetic_2","species","Not Significant","No Change"
183.930068854024,6.52973230964253,0.61165455892827,10.6755229963197,1.32509219456137e-26,5.0353503393332e-25,"Clostridium perfringens","04_t2d_obesity_3_vs_03_diabetic_2","species","Highly Significant (p < 0.01)","Enriched in 04_t2d_obesity_3"
290.573958238786,2.53254927811452,0.705915953824375,3.58760736939598,0.000333726322985692,0.000685491906673313,"Aristaeella hokkaidonensis","04_t2d_obesity_3_vs_03_diabetic_2","species","Highly Significant (p < 0.01)","Enriched in 04_t2d_obesity_3"
29.0582541581662,0.873709112080795,0.559476669888225,1.56165423708436,0.118369464981835,0.15247592099355,"Romboutsia sp. 13368","04_t2d_obesity_3_vs_03_diabetic_2","species","Not Significant","No Change"
81.4576184419654,-1.06297055376857,0.596059736159854,-1.78332890024885,0.0745327795775352,0.101939033530265,"Christensenella sp. MSJ-20","04_t2d_obesity_3_vs_03_diabetic_2","species","Not Significant","No Change"
25.4231323905501,1.66971524424107,0.613628711278162,2.7210513679569,0.0065074648565298,0.0106358565397046,"Veillonella rogosae","04_t2d_obesity_3_vs_03_diabetic_2","species","Significant (p < 0.05)","Enriched in 04_t2d_obesity_3"
1359.13644713767,-1.22511360398774,0.648180789835002,-1.89008008753175,0.0587472498102433,0.0826813145477499,"Bacteroides caccae","04_t2d_obesity_3_vs_03_diabetic_2","species","Not Significant","No Change"
31.4280191050565,-0.13660074160858,0.618751768454838,-0.22076824434733,0.825272890848151,0.836276529392794,"Bacteroides salyersiae","04_t2d_obesity_3_vs_03_diabetic_2","species","Not Significant","No Change"
59.7979664370341,1.12249785642022,0.712418922521825,1.57561488182654,0.11511458436142,0.149550571136203,"Bacteroides zhangwenhongii","04_t2d_obesity_3_vs_03_diabetic_2","species","Not Significant","No Change"
178.959425905735,0.604792959845045,0.584000696360496,1.03560314844507,0.300387322547282,0.356709945524897,"Alistipes shahii","04_t2d_obesity_3_vs_03_diabetic_2","species","Not Significant","No Change"
10.4026412087558,2.62235504844332,0.53255113434329,4.9241375697698,8.47332131998555e-07,2.6284588584445e-06,"Butyricimonas paravirosa","04_t2d_obesity_3_vs_03_diabetic_2","species","Highly Significant (p < 0.01)","Enriched in 04_t2d_obesity_3"
28.5984443898696,-2.56507771797611,0.607865307649943,-4.21981265536095,2.44505417647638e-05,5.89917833054618e-05,"Bacteroides helcogenes","04_t2d_obesity_3_vs_03_diabetic_2","species","Highly Significant (p < 0.01)","Enriched in 03_diabetic_2"
419.849977654507,-2.06765687076426,0.814352661631223,-2.53901898794382,0.0111163789842607,0.0176009333917461,"Phocaeicola coprophilus","04_t2d_obesity_3_vs_03_diabetic_2","species","Significant (p < 0.05)","Enriched in 03_diabetic_2"
4341.09082215265,11.4368896035362,0.653299724308682,17.5063438387926,1.28166191617934e-68,1.9481261125926e-66,"Akkermansia muciniphila","04_t2d_obesity_3_vs_03_diabetic_2","species","Highly Significant (p < 0.01)","Enriched in 04_t2d_obesity_3"
150.824541417488,-4.02563730184394,0.767772440333897,-5.243268825973,1.57756429890578e-07,5.44976757803814e-07,"Bacteroides intestinalis","04_t2d_obesity_3_vs_03_diabetic_2","species","Highly Significant (p < 0.01)","Enriched in 03_diabetic_2"
816.491439088302,-2.30070936044153,0.793529738166909,-2.8993360296191,0.00373953882572893,0.00645920342625906,"Phocaeicola salanitronis","04_t2d_obesity_3_vs_03_diabetic_2","species","Highly Significant (p < 0.01)","Enriched in 03_diabetic_2"
92.9120195812263,-4.27198289240618,0.662364392747722,-6.44959623310137,1.12148530556236e-10,6.08806308733854e-10,"Parabacteroides goldsteinii","04_t2d_obesity_3_vs_03_diabetic_2","species","Highly Significant (p < 0.01)","Enriched in 03_diabetic_2"
462.572095981742,3.2007894433711,0.719379994014642,4.44937233451332,8.61216034097726e-06,2.25697995142852e-05,"Paraprevotella clara","04_t2d_obesity_3_vs_03_diabetic_2","species","Highly Significant (p < 0.01)","Enriched in 04_t2d_obesity_3"
16.8690900619411,-1.96445639803868,0.588210229646794,-3.33971818072304,0.000838634463694309,0.00161357517065234,"Dellaglioa sp. P0083","04_t2d_obesity_3_vs_03_diabetic_2","species","Highly Significant (p < 0.01)","Enriched in 03_diabetic_2"
19.1095903079768,0.372249053160572,0.574875401975411,0.64752997237564,0.517289002776696,0.573926484832539,"Clostridium sp. M62/1","04_t2d_obesity_3_vs_03_diabetic_2","species","Not Significant","No Change"
24.151017517711,2.19266142721656,0.638202324616246,3.43568386175187,0.000591060246276907,0.0011667682783648,"Clostridium sp. MD294","04_t2d_obesity_3_vs_03_diabetic_2","species","Highly Significant (p < 0.01)","Enriched in 04_t2d_obesity_3"
13.7279843314003,-0.878421258310782,0.568235391259291,-1.54587565615031,0.122134600842113,0.154703827733343,"Eisenbergiella porci","04_t2d_obesity_3_vs_03_diabetic_2","species","Not Significant","No Change"
13.1985091296858,0.409747598512993,0.560608254957416,0.730898260754505,0.464841298440084,0.527282666887259,"Coprobacter fastidiosus","04_t2d_obesity_3_vs_03_diabetic_2","species","Not Significant","No Change"
617.061562296331,-1.86843734974119,0.803962882039695,-2.32403434472107,0.020123653372,0.0302851021043961,"Megamonas funiformis","04_t2d_obesity_3_vs_03_diabetic_2","species","Significant (p < 0.05)","Enriched in 03_diabetic_2"
402.359968704109,7.5166521981694,0.703258687608614,10.6883175858507,1.15446103884627e-26,5.0353503393332e-25,"Acidaminococcus intestini","04_t2d_obesity_3_vs_03_diabetic_2","species","Highly Significant (p < 0.01)","Enriched in 04_t2d_obesity_3"
187.596483152231,3.96367504246014,0.69514226986766,5.70196233817681,1.18435999494185e-08,4.50056798077903e-08,"Anaeromicropila herbilytica","04_t2d_obesity_3_vs_03_diabetic_2","species","Highly Significant (p < 0.01)","Enriched in 04_t2d_obesity_3"
26.1147237174589,3.03301795135826,0.617009717283856,4.915672908216,8.8478018559407e-07,2.68973176420597e-06,"Alistipes dispar","04_t2d_obesity_3_vs_03_diabetic_2","species","Highly Significant (p < 0.01)","Enriched in 04_t2d_obesity_3"
11.6338451999581,0.652538314497549,0.565932040535343,1.15303299293725,0.24889684273656,0.300256508698073,"Aristaeella lactis","04_t2d_obesity_3_vs_03_diabetic_2","species","Not Significant","No Change"
36.0874497420583,2.28498465964369,0.578264862931005,3.95144994295862,7.76791215329768e-05,0.000171119224246558,"Anaeropeptidivorans aminofermentans","04_t2d_obesity_3_vs_03_diabetic_2","species","Highly Significant (p < 0.01)","Enriched in 04_t2d_obesity_3"
6.34637964756057,2.02770771672946,0.496031284924375,4.08786255697281,4.35365949195301e-05,0.000100266097390433,"Coraliomargarita akajimensis","04_t2d_obesity_3_vs_03_diabetic_2","species","Highly Significant (p < 0.01)","Enriched in 04_t2d_obesity_3"
7.77528432504481,2.07103932825572,0.463092023921348,4.47219822686358,7.74196101515099e-06,2.0645229373736e-05,"Petroclostridium sp. X23","04_t2d_obesity_3_vs_03_diabetic_2","species","Highly Significant (p < 0.01)","Enriched in 04_t2d_obesity_3"
10.8345740189636,1.3236415819379,0.547035515322496,2.41966297408965,0.0155348977162827,0.0243433448749998,"Caldinitratiruptor microaerophilus","04_t2d_obesity_3_vs_03_diabetic_2","species","Significant (p < 0.05)","Enriched in 04_t2d_obesity_3"
7.15451355037753,2.17794795962934,0.461386855899103,4.72043781001343,2.35337554529909e-06,6.87909774779735e-06,"Anoxybacillus gonensis","04_t2d_obesity_3_vs_03_diabetic_2","species","Highly Significant (p < 0.01)","Enriched in 04_t2d_obesity_3"
5.30673965169083,-2.61002242195034,0.439050849725136,-5.94469279261006,2.76975808788825e-09,1.13784656583517e-08,"Caldilinea aerophila","04_t2d_obesity_3_vs_03_diabetic_2","species","Highly Significant (p < 0.01)","Enriched in 03_diabetic_2"
9.34439749150478,2.45510160690565,0.503352466538907,4.87749990337215,1.07438900856799e-06,3.20210057455558e-06,"Alistipes sp. dk3624","04_t2d_obesity_3_vs_03_diabetic_2","species","Highly Significant (p < 0.01)","Enriched in 04_t2d_obesity_3"
59.1714865002785,1.75453989549701,0.599711255872253,2.92564109530529,0.00343747257622263,0.00607553292541674,"Alistipes indistinctus","04_t2d_obesity_3_vs_03_diabetic_2","species","Highly Significant (p < 0.01)","Enriched in 04_t2d_obesity_3"
29.0910015695409,5.60268386642186,0.551959109306346,10.1505415382361,3.29529739308931e-24,8.34808672915959e-23,"Butyricimonas faecihominis","04_t2d_obesity_3_vs_03_diabetic_2","species","Highly Significant (p < 0.01)","Enriched in 04_t2d_obesity_3"
41.4871738826235,2.14886334261602,0.648032784642471,3.31597936638588,0.000913225711479449,0.00173512885181095,"Butyricimonas virosa","04_t2d_obesity_3_vs_03_diabetic_2","species","Highly Significant (p < 0.01)","Enriched in 04_t2d_obesity_3"
535.044200461833,0.863668624846107,0.840330873936165,1.0277720974366,0.304057044384782,0.358268765476642,"Salmonella enterica","04_t2d_obesity_3_vs_03_diabetic_2","species","Not Significant","No Change"
99.2870232002291,-2.20286657380026,0.682138450563875,-3.22935405851893,0.00124070187685175,0.00227212873833091,"Escherichia coli","04_t2d_obesity_3_vs_03_diabetic_2","species","Highly Significant (p < 0.01)","Enriched in 03_diabetic_2"
26.4534638296223,-4.33813867610345,0.605718217760202,-7.1619749066568,7.95229811716919e-13,5.75594911337961e-12,"Klebsiella pneumoniae","04_t2d_obesity_3_vs_03_diabetic_2","species","Highly Significant (p < 0.01)","Enriched in 03_diabetic_2"
5.38305226671084,1.04153461050503,0.463688582223127,2.24619421403792,0.0246915706886882,0.0357439880445772,"Wansuia hejianensis","04_t2d_obesity_3_vs_03_diabetic_2","species","Significant (p < 0.05)","Enriched in 04_t2d_obesity_3"
15.5091828962842,4.92243224170935,0.503271901537367,9.78086045867568,1.36048941858901e-22,2.29771546250588e-21,"Ruthenibacterium sp. TH_2024_36131","04_t2d_obesity_3_vs_03_diabetic_2","species","Highly Significant (p < 0.01)","Enriched in 04_t2d_obesity_3"
37.5498376872558,-3.05894095999121,0.660371908851467,-4.63214882248911,3.6188985463271e-06,1.03787279064475e-05,"Thomasclavelia ramosa","04_t2d_obesity_3_vs_03_diabetic_2","species","Highly Significant (p < 0.01)","Enriched in 03_diabetic_2"
91.0110615070034,0.331707587162428,0.676514458726514,0.490318548086676,0.623908503922506,0.654028224801524,"Dialister succinatiphilus","04_t2d_obesity_3_vs_03_diabetic_2","species","Not Significant","No Change"
33.156393138565,1.01762168383068,0.612461298233749,1.66152814351757,0.0966074214296264,0.128809895239502,"Parabacteroides sp. AD58","04_t2d_obesity_3_vs_03_diabetic_2","species","Not Significant","No Change"
4.3798071907905,0.967330937111378,0.414618380809117,2.33306332252723,0.0196448221055796,0.0301617470711929,"Thermocaproicibacter melissae","04_t2d_obesity_3_vs_03_diabetic_2","species","Significant (p < 0.05)","No Change"
4.1163772438001,0.0679268081595846,0.440837523494503,0.15408581288891,0.877542074361042,0.883353611277341,"Christensenella massiliensis","04_t2d_obesity_3_vs_03_diabetic_2","species","Not Significant","No Change"
632.221992235096,1.59866509700746,0.854998000305128,1.86978811229609,0.0615132478187584,0.085779941912397,"Phascolarctobacterium succinatutens","04_t2d_obesity_3_vs_03_diabetic_2","species","Not Significant","No Change"
92.6922499166173,-7.1565193907919,0.71222440759242,-10.0481243193891,9.36325819124832e-24,2.03316463581392e-22,"Bacillus sp. ZHX3","04_t2d_obesity_3_vs_03_diabetic_2","species","Highly Significant (p < 0.01)","Enriched in 03_diabetic_2"
181.629795994495,1.89834387032425,0.682412841606726,2.78181147039179,0.00540564319706476,0.00893106267341135,"Prevotella sp. Rep29","04_t2d_obesity_3_vs_03_diabetic_2","species","Highly Significant (p < 0.01)","Enriched in 04_t2d_obesity_3"
243.154273990678,-1.05140627650099,0.773761162454535,-1.3588253423908,0.174201940792363,0.215273943093002,"Prevotella bivia","04_t2d_obesity_3_vs_03_diabetic_2","species","Not Significant","No Change"
6.33793743138484,-2.41355198448614,0.533029572425332,-4.52798889469539,5.95477104038953e-06,1.61629499667716e-05,"Vibrio tapetis","04_t2d_obesity_3_vs_03_diabetic_2","species","Highly Significant (p < 0.01)","Enriched in 03_diabetic_2"
20.8249137234078,-3.05687757452325,0.547543265344511,-5.5828968558309,2.36545044077971e-08,8.76947480484186e-08,"Clostridium thermarum","04_t2d_obesity_3_vs_03_diabetic_2","species","Highly Significant (p < 0.01)","Enriched in 03_diabetic_2"
