"taxon","effect_size","p_value","p_value_bh","comparison","level","significance","direction"
"Blautia obeum",0.0498510980719383,0.793739789876633,0.99980601385536,"03_diabetic_2_vs_04_t2d_obesity_3","species","Not Significant","No Change"
"Blautia hydrogenotrophica",0.0916792264776637,0.538746122452395,0.85305728773438,"03_diabetic_2_vs_04_t2d_obesity_3","species","Not Significant","No Change"
"Blautia luti",-0.224581883877246,0.383898785424169,0.712144811452565,"03_diabetic_2_vs_04_t2d_obesity_3","species","Not Significant","No Change"
"Blautia sp. SC05B48",-0.174910378281326,0.415309730996645,0.835547177210894,"03_diabetic_2_vs_04_t2d_obesity_3","species","Not Significant","No Change"
"Anaerostipes hadrus",-0.132237027088531,0.64438093716776,0.992533138566329,"03_diabetic_2_vs_04_t2d_obesity_3","species","Not Significant","No Change"
"Dorea longicatena",0.596878387402613,0.00218656156933149,0.0193401051944725,"03_diabetic_2_vs_04_t2d_obesity_3","species","Significant (p < 0.05)","No Change"
"Dorea formicigenerans",0.11162069966194,0.470446421882999,0.934675486483873,"03_diabetic_2_vs_04_t2d_obesity_3","species","Not Significant","No Change"
"Anaerobutyricum hallii",0.465102685833653,0.00873756723473558,0.0527449572482591,"03_diabetic_2_vs_04_t2d_obesity_3","species","Not Significant","No Change"
"Roseburia intestinalis",-0.223863981825557,0.525376658334938,0.86465682259929,"03_diabetic_2_vs_04_t2d_obesity_3","species","Not Significant","No Change"
"Roseburia sp. 499",0.0544587340132961,0.282270000163368,0.664653078652214,"03_diabetic_2_vs_04_t2d_obesity_3","species","Not Significant","No Change"
"[Ruminococcus] torques",0.0494586431247599,0.792157866162677,1,"03_diabetic_2_vs_04_t2d_obesity_3","species","Not Significant","No Change"
"Mediterraneibacter gnavus",-0.136104023818486,0.425875167054136,0.900886234696947,"03_diabetic_2_vs_04_t2d_obesity_3","species","Not Significant","No Change"
"Mediterraneibacter glycyrrhizinilyticus",0.120048144788319,0.496725604145384,0.830423515197166,"03_diabetic_2_vs_04_t2d_obesity_3","species","Not Significant","No Change"
"[Ruminococcus] lactaris",-0.045179503213473,0.846990380838488,0.992325709246961,"03_diabetic_2_vs_04_t2d_obesity_3","species","Not Significant","No Change"
"Claveliimonas bilis",-0.347717128223239,0.25499351639949,0.726042637321799,"03_diabetic_2_vs_04_t2d_obesity_3","species","Not Significant","No Change"
"Lachnospira eligens",-0.499171079434606,0.00558248715538158,0.0467034043611314,"03_diabetic_2_vs_04_t2d_obesity_3","species","Significant (p < 0.05)","No Change"
"Chakrabartyella piscis",0.242351876539293,0.0636687704402996,0.280849690752172,"03_diabetic_2_vs_04_t2d_obesity_3","species","Not Significant","No Change"
"Lacrimispora sp. JR3",-0.461752253592239,0.00995145946657079,0.0688615465686795,"03_diabetic_2_vs_04_t2d_obesity_3","species","Not Significant","No Change"
"Sellimonas catena",-0.17247638664268,0.491910015552459,0.812661942724372,"03_diabetic_2_vs_04_t2d_obesity_3","species","Not Significant","No Change"
"Sellimonas intestinalis",0.0532510968766658,0.618753865074875,0.932199817600966,"03_diabetic_2_vs_04_t2d_obesity_3","species","Not Significant","No Change"
"Simiaoa sunii",-0.0482388600698413,0.872765207845194,1,"03_diabetic_2_vs_04_t2d_obesity_3","species","Not Significant","No Change"
"[Clostridium] symbiosum",-1.03057380985251,3.31439284465308e-05,0.000758104800622726,"03_diabetic_2_vs_04_t2d_obesity_3","species","Highly Significant (p < 0.01)","Enriched in 04_t2d_obesity_3"
"[Clostridium] scindens",0.226741698481218,0.299948813477556,0.668479791555554,"03_diabetic_2_vs_04_t2d_obesity_3","species","Not Significant","No Change"
"Agathobacter rectalis",-0.135792840836692,0.703798497834705,0.951054218105774,"03_diabetic_2_vs_04_t2d_obesity_3","species","Not Significant","No Change"
"Hungatella hathewayi",-0.397200179349904,0.012791363843003,0.074960026208456,"03_diabetic_2_vs_04_t2d_obesity_3","species","Not Significant","No Change"
"[Clostridium] colinum",-0.018647536800968,0.827115886973431,0.99736130595684,"03_diabetic_2_vs_04_t2d_obesity_3","species","Not Significant","No Change"
"Faecalibacterium prausnitzii",-0.699621947897847,0.0317034532949931,0.160615269123917,"03_diabetic_2_vs_04_t2d_obesity_3","species","Not Significant","No Change"
"Faecalibacterium taiwanense",-0.0223727403281134,0.791658369466658,0.998997796222299,"03_diabetic_2_vs_04_t2d_obesity_3","species","Not Significant","No Change"
"Ruminococcus bicirculans (ex Wegman et al. 2014)",-0.123585006361836,0.455727102659976,0.927277627131119,"03_diabetic_2_vs_04_t2d_obesity_3","species","Not Significant","No Change"
"Ruminococcus champanellensis",0.184413139311142,0.0849691209977917,0.34371244610858,"03_diabetic_2_vs_04_t2d_obesity_3","species","Not Significant","No Change"
"Solibaculum mannosilyticum",0.762207404116647,1.06071382932553e-06,7.54869917201453e-05,"03_diabetic_2_vs_04_t2d_obesity_3","species","Highly Significant (p < 0.01)","No Change"
"Lawsonibacter asaccharolyticus",0.645909800974447,0.000378794415126703,0.00454747489844836,"03_diabetic_2_vs_04_t2d_obesity_3","species","Highly Significant (p < 0.01)","No Change"
"Paludicola sp. MB14-C6",0.246007144842278,0.0145622916982519,0.0955855956230682,"03_diabetic_2_vs_04_t2d_obesity_3","species","Not Significant","No Change"
"Flavonifractor plautii",0.0118606700456706,0.610146371724413,0.971155620222427,"03_diabetic_2_vs_04_t2d_obesity_3","species","Not Significant","No Change"
"Anaerotruncus colihominis",0.623970254940613,0.00620190138004274,0.0391454764717877,"03_diabetic_2_vs_04_t2d_obesity_3","species","Significant (p < 0.05)","No Change"
"Ruthenibacterium lactatiformans",0.383138175656349,0.0660357602613362,0.278683707291293,"03_diabetic_2_vs_04_t2d_obesity_3","species","Not Significant","No Change"
"Oscillibacter hominis",0.0083637075946849,0.377271114925265,0.877825447957894,"03_diabetic_2_vs_04_t2d_obesity_3","species","Not Significant","No Change"
"Pusillibacter faecalis",0.312304794561551,0.142806103267454,0.484520807700673,"03_diabetic_2_vs_04_t2d_obesity_3","species","Not Significant","No Change"
"Flintibacter sp. KGMB00164",-0.0490953696167264,0.745650142387738,0.972555067495428,"03_diabetic_2_vs_04_t2d_obesity_3","species","Not Significant","No Change"
"Intestinimonas butyriciproducens",0.496024188732867,0.0232749153807126,0.118268227627223,"03_diabetic_2_vs_04_t2d_obesity_3","species","Not Significant","No Change"
"Massilistercora timonensis",-0.101897501267912,0.537912952919107,0.848349920450029,"03_diabetic_2_vs_04_t2d_obesity_3","species","Not Significant","No Change"
"Eubacterium ventriosum",0.0553031000566963,0.85553902995226,0.999951471558217,"03_diabetic_2_vs_04_t2d_obesity_3","species","Not Significant","No Change"
"Clostridium sp. C45",-0.336276637733129,0.0768738247041619,0.251590466730536,"03_diabetic_2_vs_04_t2d_obesity_3","species","Not Significant","No Change"
"Clostridium thermosuccinogenes",-0.106836128727296,0.588985194343471,0.907946381900942,"03_diabetic_2_vs_04_t2d_obesity_3","species","Not Significant","No Change"
"Acutalibacter muris",0.36531257240464,0.0930787517532262,0.340076984576329,"03_diabetic_2_vs_04_t2d_obesity_3","species","Not Significant","No Change"
"Intestinibacter bartlettii",-0.176278212672224,0.353322966185663,0.682722021996893,"03_diabetic_2_vs_04_t2d_obesity_3","species","Not Significant","No Change"
"Clostridioides difficile",-0.203546543001721,0.4135060907295,0.793773838533766,"03_diabetic_2_vs_04_t2d_obesity_3","species","Not Significant","No Change"
"Terrisporobacter petrolearius",-0.17055154831906,0.461706185308401,0.822517652054944,"03_diabetic_2_vs_04_t2d_obesity_3","species","Not Significant","No Change"
"Emergencia sp. JLR.KK010",0.224473663324121,0.227008362393242,0.568776957642624,"03_diabetic_2_vs_04_t2d_obesity_3","species","Not Significant","No Change"
"Emergencia timonensis",0.151033587695208,0.514443607774643,0.884124470767935,"03_diabetic_2_vs_04_t2d_obesity_3","species","Not Significant","No Change"
"Monoglobus pectinilyticus",-0.0561165955953778,0.813510840478522,0.983991642883474,"03_diabetic_2_vs_04_t2d_obesity_3","species","Not Significant","No Change"
"Faecalibacillus intestinalis",0.192799934439479,0.317119561037952,0.746392612952702,"03_diabetic_2_vs_04_t2d_obesity_3","species","Not Significant","No Change"
"Holdemania massiliensis",-0.414842509537587,0.0560754688265744,0.185877347954067,"03_diabetic_2_vs_04_t2d_obesity_3","species","Not Significant","No Change"
"Phascolarctobacterium faecium",0.600109351278875,0.00285300751326929,0.0264873337833707,"03_diabetic_2_vs_04_t2d_obesity_3","species","Significant (p < 0.05)","No Change"
"Streptococcus thermophilus",0.383582976224208,0.0765034326168867,0.312580417859821,"03_diabetic_2_vs_04_t2d_obesity_3","species","Not Significant","No Change"
"Enterococcus faecalis",0.3132336963436,0.0333292483838527,0.164360993966003,"03_diabetic_2_vs_04_t2d_obesity_3","species","Not Significant","No Change"
"Bifidobacterium longum",0.40790279998388,0.0269351736619111,0.145556373892416,"03_diabetic_2_vs_04_t2d_obesity_3","species","Not Significant","No Change"
"Adlercreutzia equolifaciens",-0.0797764612621428,0.650550503823673,0.920037166080057,"03_diabetic_2_vs_04_t2d_obesity_3","species","Not Significant","No Change"
"Gordonibacter pamelaeae",-0.143591725547929,0.569726101123117,0.8409337689983,"03_diabetic_2_vs_04_t2d_obesity_3","species","Not Significant","No Change"
"Bacteroides uniformis",0.0115530975482722,0.0743303257103531,0.337176224347648,"03_diabetic_2_vs_04_t2d_obesity_3","species","Not Significant","No Change"
"Bacteroides stercoris",0.210310258202687,0.225246588847686,0.677657545121806,"03_diabetic_2_vs_04_t2d_obesity_3","species","Not Significant","No Change"
"Bacteroides sp. MSB163",-0.522191986521358,0.00446446527254902,0.0326046278669451,"03_diabetic_2_vs_04_t2d_obesity_3","species","Significant (p < 0.05)","No Change"
"Bacteroides fragilis",-0.23930383306888,0.0725976022100717,0.295662209200915,"03_diabetic_2_vs_04_t2d_obesity_3","species","Not Significant","No Change"
"Bacteroides eggerthii",-0.00759079220231572,0.733213289601404,0.993863863863805,"03_diabetic_2_vs_04_t2d_obesity_3","species","Not Significant","No Change"
"Bacteroides nordii",-0.182283648739935,0.258846666841946,0.677660378104958,"03_diabetic_2_vs_04_t2d_obesity_3","species","Not Significant","No Change"
"Phocaeicola vulgatus",-0.325505986648162,0.0326593533792621,0.175818283021966,"03_diabetic_2_vs_04_t2d_obesity_3","species","Not Significant","No Change"
"Phocaeicola dorei",-0.169258394024406,0.236052952002761,0.712419576382539,"03_diabetic_2_vs_04_t2d_obesity_3","species","Not Significant","No Change"
"Alistipes senegalensis",0.432339775317227,0.0024596244508652,0.0236290081918425,"03_diabetic_2_vs_04_t2d_obesity_3","species","Significant (p < 0.05)","No Change"
"Alistipes onderdonkii",0.597077202469835,0.00307858441862952,0.0264775093351454,"03_diabetic_2_vs_04_t2d_obesity_3","species","Significant (p < 0.05)","No Change"
"Alistipes finegoldii",0.604527221566568,0.00373880905755049,0.0288456246792753,"03_diabetic_2_vs_04_t2d_obesity_3","species","Significant (p < 0.05)","No Change"
"Alistipes communis",0.80771212097394,4.20681036403259e-05,0.000845366093619614,"03_diabetic_2_vs_04_t2d_obesity_3","species","Highly Significant (p < 0.01)","No Change"
"Alistipes ihumii",0.972686220309092,2.03950257086855e-05,0.000511458758905854,"03_diabetic_2_vs_04_t2d_obesity_3","species","Highly Significant (p < 0.01)","No Change"
"Barnesiella viscericola",0.593777585363605,0.00388288592329222,0.0304522743152754,"03_diabetic_2_vs_04_t2d_obesity_3","species","Significant (p < 0.05)","No Change"
"Odoribacter splanchnicus",-0.0233711995622091,0.5751585019717,0.961106954144306,"03_diabetic_2_vs_04_t2d_obesity_3","species","Not Significant","No Change"
"Parabacteroides merdae",-0.0757134041692316,0.400776035174978,0.92558856019914,"03_diabetic_2_vs_04_t2d_obesity_3","species","Not Significant","No Change"
"Parabacteroides distasonis",0.162739302915602,0.220844305668318,0.609356118720735,"03_diabetic_2_vs_04_t2d_obesity_3","species","Not Significant","No Change"
"Segatella copri",-0.329309155632477,0.0410435351954419,0.205748205810648,"03_diabetic_2_vs_04_t2d_obesity_3","species","Not Significant","No Change"
"Aureibaculum algae",0.0591972135463638,0.655979045519222,0.97815105852363,"03_diabetic_2_vs_04_t2d_obesity_3","species","Not Significant","No Change"
"Spirosoma endbachense",0.294276325312922,0.225167948858129,0.543595902499305,"03_diabetic_2_vs_04_t2d_obesity_3","species","Not Significant","No Change"
"Sutterella wadsworthensis",-0.466020595101964,0.00991770962557029,0.0658230336454774,"03_diabetic_2_vs_04_t2d_obesity_3","species","Not Significant","No Change"
"Duodenibacillus massiliensis",-0.570753561062544,0.00111432114455434,0.0100738711910279,"03_diabetic_2_vs_04_t2d_obesity_3","species","Significant (p < 0.05)","No Change"
"Coprococcus comes",0.378139236121319,0.048529248857579,0.234550780810103,"03_diabetic_2_vs_04_t2d_obesity_3","species","Not Significant","No Change"
"Ruminococcus albus",0.30017076470839,0.0744359885789169,0.277023128703937,"03_diabetic_2_vs_04_t2d_obesity_3","species","Not Significant","No Change"
"Eubacterium ramulus",0.490526788967588,0.00264991354073016,0.0243526063657943,"03_diabetic_2_vs_04_t2d_obesity_3","species","Significant (p < 0.05)","No Change"
"Veillonella parvula",-0.0688356867356487,0.750379550107404,0.978802344373475,"03_diabetic_2_vs_04_t2d_obesity_3","species","Not Significant","No Change"
"Allobaculum mucilyticum",-0.568319841176926,0.00176571144595255,0.0145180292489499,"03_diabetic_2_vs_04_t2d_obesity_3","species","Significant (p < 0.05)","No Change"
"Longicatena caecimuris",-0.305123384988435,0.152379039708353,0.382919618657839,"03_diabetic_2_vs_04_t2d_obesity_3","species","Not Significant","No Change"
"Gordonibacter urolithinfaciens",-0.0199807992786476,0.691002955747632,0.951615560079238,"03_diabetic_2_vs_04_t2d_obesity_3","species","Not Significant","No Change"
"Turicimonas muris",0.219111685978249,0.343714408771548,0.830522749325574,"03_diabetic_2_vs_04_t2d_obesity_3","species","Not Significant","No Change"
"Haemophilus parainfluenzae",-0.221371020423752,0.11132962780275,0.357377826116002,"03_diabetic_2_vs_04_t2d_obesity_3","species","Not Significant","No Change"
"Coprococcus catus",-0.822779882015423,6.58688908083561e-05,0.00107246018068712,"03_diabetic_2_vs_04_t2d_obesity_3","species","Highly Significant (p < 0.01)","No Change"
"Lachnoanaerobaculum umeaense",0.0674408731894487,0.611248501740305,0.921725545097077,"03_diabetic_2_vs_04_t2d_obesity_3","species","Not Significant","No Change"
"Candidatus Epulonipiscium viviparus",0.403387691660152,0.0641896375593429,0.271739282168707,"03_diabetic_2_vs_04_t2d_obesity_3","species","Not Significant","No Change"
"Stomatobaculum sp. F0698",-0.0370984251107519,0.680391235326703,0.934493498420361,"03_diabetic_2_vs_04_t2d_obesity_3","species","Not Significant","No Change"
"Vescimonas coprocola",0.286298131199652,0.0530519373256205,0.245919173069294,"03_diabetic_2_vs_04_t2d_obesity_3","species","Not Significant","No Change"
"Vescimonas fastidiosa",-0.0839903155478317,0.880907390504288,0.999650211853273,"03_diabetic_2_vs_04_t2d_obesity_3","species","Not Significant","No Change"
"Clostridium perfringens",0.436675202723894,0.032571285733477,0.160157516914444,"03_diabetic_2_vs_04_t2d_obesity_3","species","Not Significant","No Change"
"Aristaeella hokkaidonensis",0.246325946202424,0.172822540723261,0.561254410066448,"03_diabetic_2_vs_04_t2d_obesity_3","species","Not Significant","No Change"
"Romboutsia sp. 13368",-0.212742208236313,0.351148739827321,0.697422047835152,"03_diabetic_2_vs_04_t2d_obesity_3","species","Not Significant","No Change"
"Christensenella sp. MSJ-20",-0.0714433285620849,0.824595993837152,0.995879306988514,"03_diabetic_2_vs_04_t2d_obesity_3","species","Not Significant","No Change"
"Veillonella rogosae",0.128807900638554,0.436820951385161,0.848142405959581,"03_diabetic_2_vs_04_t2d_obesity_3","species","Not Significant","No Change"
"Bacteroides caccae",-0.271641730288476,0.0516114433434818,0.239697419931843,"03_diabetic_2_vs_04_t2d_obesity_3","species","Not Significant","No Change"
"Bacteroides salyersiae",-0.231282645081851,0.182719482659411,0.508579961878721,"03_diabetic_2_vs_04_t2d_obesity_3","species","Not Significant","No Change"
"Bacteroides zhangwenhongii",-0.102393622135085,0.62164728498533,0.918366537984118,"03_diabetic_2_vs_04_t2d_obesity_3","species","Not Significant","No Change"
"Alistipes shahii",-0.0688120480465802,0.553664411995267,0.965881979512243,"03_diabetic_2_vs_04_t2d_obesity_3","species","Not Significant","No Change"
"Butyricimonas paravirosa",-0.0702547715070492,0.745858361772544,0.963128372344228,"03_diabetic_2_vs_04_t2d_obesity_3","species","Not Significant","No Change"
"Bacteroides helcogenes",-0.442097245352981,0.0211346033818045,0.112032425293458,"03_diabetic_2_vs_04_t2d_obesity_3","species","Not Significant","No Change"
"Phocaeicola coprophilus",-0.227269875676095,0.158125879037931,0.507192528267588,"03_diabetic_2_vs_04_t2d_obesity_3","species","Not Significant","No Change"
"Akkermansia muciniphila",0.846602643728441,6.76014472293395e-05,0.00150967145710924,"03_diabetic_2_vs_04_t2d_obesity_3","species","Highly Significant (p < 0.01)","No Change"
"Bacteroides intestinalis",-0.356076197510822,0.0393503540037079,0.167199599010383,"03_diabetic_2_vs_04_t2d_obesity_3","species","Not Significant","No Change"
"Phocaeicola salanitronis",-0.419246808247423,0.0113368431170272,0.0752763704479705,"03_diabetic_2_vs_04_t2d_obesity_3","species","Not Significant","No Change"
"Parabacteroides goldsteinii",-0.684473551258909,0.000498416019071831,0.00593197583927745,"03_diabetic_2_vs_04_t2d_obesity_3","species","Highly Significant (p < 0.01)","No Change"
"Paraprevotella clara",0.530962997252864,0.00455823571478196,0.036758803775686,"03_diabetic_2_vs_04_t2d_obesity_3","species","Significant (p < 0.05)","No Change"
"Dellaglioa sp. P0083",-0.544522138504461,0.00547103128191291,0.0368098905359488,"03_diabetic_2_vs_04_t2d_obesity_3","species","Significant (p < 0.05)","No Change"
"Clostridium sp. M62/1",-0.221881957384736,0.312996347500284,0.668897571269243,"03_diabetic_2_vs_04_t2d_obesity_3","species","Not Significant","No Change"
"Clostridium sp. MD294",-0.0653722099916914,0.780664732481733,0.968547544066018,"03_diabetic_2_vs_04_t2d_obesity_3","species","Not Significant","No Change"
"Eisenbergiella porci",-0.28026303070614,0.15516284706956,0.425048461833371,"03_diabetic_2_vs_04_t2d_obesity_3","species","Not Significant","No Change"
"Coprobacter fastidiosus",-0.210765025876108,0.290382689226879,0.685289417455368,"03_diabetic_2_vs_04_t2d_obesity_3","species","Not Significant","No Change"
"Megamonas funiformis",-0.408235964357876,0.00803235467208537,0.0579273717005909,"03_diabetic_2_vs_04_t2d_obesity_3","species","Not Significant","No Change"
"Acidaminococcus intestini",-0.00089519045285437,0.42675122715382,0.821830574847248,"03_diabetic_2_vs_04_t2d_obesity_3","species","Not Significant","No Change"
"Anaeromicropila herbilytica",0.0238051656349762,0.811804327366639,0.996084707255726,"03_diabetic_2_vs_04_t2d_obesity_3","species","Not Significant","No Change"
"Alistipes dispar",0.00213141965364567,0.611136049705382,0.912922427925876,"03_diabetic_2_vs_04_t2d_obesity_3","species","Not Significant","No Change"
"Aristaeella lactis",-0.216182847239374,0.33808135422687,0.676636676051664,"03_diabetic_2_vs_04_t2d_obesity_3","species","Not Significant","No Change"
"Anaeropeptidivorans aminofermentans",0.337443922312723,0.123525421879577,0.435367027490357,"03_diabetic_2_vs_04_t2d_obesity_3","species","Not Significant","No Change"
"Coraliomargarita akajimensis",-0.130343197207993,0.609741515315144,0.895961764909816,"03_diabetic_2_vs_04_t2d_obesity_3","species","Not Significant","No Change"
"Petroclostridium sp. X23",0.150659209488377,0.464194954687237,0.812299385400161,"03_diabetic_2_vs_04_t2d_obesity_3","species","Not Significant","No Change"
"Caldinitratiruptor microaerophilus",0.116171947665956,0.547128922634052,0.887044606982804,"03_diabetic_2_vs_04_t2d_obesity_3","species","Not Significant","No Change"
"Anoxybacillus gonensis",0.137490412466669,0.471520134338862,0.819891190864852,"03_diabetic_2_vs_04_t2d_obesity_3","species","Not Significant","No Change"
"Caldilinea aerophila",-0.541680614763572,0.00402230478374343,0.0289688125876927,"03_diabetic_2_vs_04_t2d_obesity_3","species","Significant (p < 0.05)","No Change"
"Alistipes sp. dk3624",-0.0622475215731374,0.802441391546774,0.973739251213681,"03_diabetic_2_vs_04_t2d_obesity_3","species","Not Significant","No Change"
"Alistipes indistinctus",0.52105858210605,0.0226311073005472,0.11607744684816,"03_diabetic_2_vs_04_t2d_obesity_3","species","Not Significant","No Change"
"Butyricimonas faecihominis",0.560096918170654,0.013116105505526,0.0724654794834292,"03_diabetic_2_vs_04_t2d_obesity_3","species","Not Significant","No Change"
"Butyricimonas virosa",0.188379891195017,0.316539489944805,0.731662934518621,"03_diabetic_2_vs_04_t2d_obesity_3","species","Not Significant","No Change"
"Salmonella enterica",-0.0335148797365044,0.736580097846821,0.983113610895107,"03_diabetic_2_vs_04_t2d_obesity_3","species","Not Significant","No Change"
"Escherichia coli",-0.276809724803113,0.0724477698868314,0.289226683721781,"03_diabetic_2_vs_04_t2d_obesity_3","species","Not Significant","No Change"
"Klebsiella pneumoniae",-0.46786682186709,0.00813177395449157,0.0499970334431413,"03_diabetic_2_vs_04_t2d_obesity_3","species","Significant (p < 0.05)","No Change"
"Wansuia hejianensis",-0.220077295318924,0.347547875906553,0.697714146585936,"03_diabetic_2_vs_04_t2d_obesity_3","species","Not Significant","No Change"
"Ruthenibacterium sp. TH_2024_36131",0.180657062238364,0.246637918641076,0.623500322766377,"03_diabetic_2_vs_04_t2d_obesity_3","species","Not Significant","No Change"
"Thomasclavelia ramosa",-0.387027807303773,0.0216623132376482,0.108047534476525,"03_diabetic_2_vs_04_t2d_obesity_3","species","Not Significant","No Change"
"Dialister succinatiphilus",-0.311396237783844,0.089587340147604,0.294855667062785,"03_diabetic_2_vs_04_t2d_obesity_3","species","Not Significant","No Change"
"Parabacteroides sp. AD58",-0.0516027347618805,0.824911467663879,0.984505790881814,"03_diabetic_2_vs_04_t2d_obesity_3","species","Not Significant","No Change"
"Thermocaproicibacter melissae",-0.0516735151445077,0.652223755637808,0.917094930742781,"03_diabetic_2_vs_04_t2d_obesity_3","species","Not Significant","No Change"
"Christensenella massiliensis",-0.203414430686641,0.30248848287146,0.62113756821374,"03_diabetic_2_vs_04_t2d_obesity_3","species","Not Significant","No Change"
"Phascolarctobacterium succinatutens",-0.273335009725934,0.0809102990894717,0.326319744146695,"03_diabetic_2_vs_04_t2d_obesity_3","species","Not Significant","No Change"
"Bacillus sp. ZHX3",-0.663073644625374,0.000255385267757291,0.00333773778123432,"03_diabetic_2_vs_04_t2d_obesity_3","species","Highly Significant (p < 0.01)","No Change"
"Prevotella sp. Rep29",-0.11290284513301,0.823883622493989,0.994238879374335,"03_diabetic_2_vs_04_t2d_obesity_3","species","Not Significant","No Change"
"Prevotella bivia",-0.245942568876788,0.0985906852459995,0.37274688708032,"03_diabetic_2_vs_04_t2d_obesity_3","species","Not Significant","No Change"
"Vibrio tapetis",-0.452083035929709,0.0127850680574786,0.0708851377212434,"03_diabetic_2_vs_04_t2d_obesity_3","species","Not Significant","No Change"
"Clostridium thermarum",-0.314209391449777,0.0747451407380818,0.279752791670592,"03_diabetic_2_vs_04_t2d_obesity_3","species","Not Significant","No Change"
