"taxon","effect_size","p_value","p_value_bh","comparison","level","significance","direction"
"Blautia obeum",-0.0188777859825626,0.568113522193031,1,"01_normal_2_vs_03_diabetic_2","species","Not Significant","No Change"
"Blautia hydrogenotrophica",-0.0561241468630804,0.564883691500652,0.989765735520519,"01_normal_2_vs_03_diabetic_2","species","Not Significant","No Change"
"Blautia luti",-0.0571591764519323,0.64170701029889,0.988221172409732,"01_normal_2_vs_03_diabetic_2","species","Not Significant","No Change"
"Blautia sp. SC05B48",0.146470830958236,0.195833912903724,0.941190635724019,"01_normal_2_vs_03_diabetic_2","species","Not Significant","No Change"
"Anaerostipes hadrus",-0.112989381197291,0.472653622321353,1,"01_normal_2_vs_03_diabetic_2","species","Not Significant","No Change"
"Dorea longicatena",-0.0878281582710843,0.333911132467062,0.995954704104605,"01_normal_2_vs_03_diabetic_2","species","Not Significant","No Change"
"Dorea formicigenerans",-0.0164057919413401,0.807228458730027,1,"01_normal_2_vs_03_diabetic_2","species","Not Significant","No Change"
"Anaerobutyricum hallii",0.0205231375129049,0.75742426074894,1,"01_normal_2_vs_03_diabetic_2","species","Not Significant","No Change"
"Roseburia intestinalis",-0.0405788672762207,0.614790484844137,0.992580258755072,"01_normal_2_vs_03_diabetic_2","species","Not Significant","No Change"
"Roseburia sp. 499",-0.0837045779986413,0.561408161974709,0.989001978259451,"01_normal_2_vs_03_diabetic_2","species","Not Significant","No Change"
"[Ruminococcus] torques",0.064631370499535,0.127746012896368,0.977450429329822,"01_normal_2_vs_03_diabetic_2","species","Not Significant","No Change"
"Mediterraneibacter gnavus",0.0366650455420257,0.677435231257213,1,"01_normal_2_vs_03_diabetic_2","species","Not Significant","No Change"
"Mediterraneibacter glycyrrhizinilyticus",0.045548181088255,0.671047939636148,0.994645877434676,"01_normal_2_vs_03_diabetic_2","species","Not Significant","No Change"
"[Ruminococcus] lactaris",-0.123182849783897,0.415807822318367,0.999724490627519,"01_normal_2_vs_03_diabetic_2","species","Not Significant","No Change"
"Claveliimonas bilis",-0.0842525093617539,0.27232115606673,1,"01_normal_2_vs_03_diabetic_2","species","Not Significant","No Change"
"Lachnospira eligens",-0.04152711258188,0.321224042568607,1,"01_normal_2_vs_03_diabetic_2","species","Not Significant","No Change"
"Chakrabartyella piscis",-0.113150259583319,0.298602468344,0.998282605705841,"01_normal_2_vs_03_diabetic_2","species","Not Significant","No Change"
"Lacrimispora sp. JR3",-0.083924017663024,0.396443965672227,1,"01_normal_2_vs_03_diabetic_2","species","Not Significant","No Change"
"Sellimonas catena",0.0234266547906283,0.718284608621627,0.99321284903331,"01_normal_2_vs_03_diabetic_2","species","Not Significant","No Change"
"Sellimonas intestinalis",-0.00627947372848769,0.725165139801247,0.996829523780008,"01_normal_2_vs_03_diabetic_2","species","Not Significant","No Change"
"Simiaoa sunii",-0.057423295181398,0.43284517604278,1,"01_normal_2_vs_03_diabetic_2","species","Not Significant","No Change"
"[Clostridium] symbiosum",-0.0984122101260085,0.139173141901941,0.999046386388617,"01_normal_2_vs_03_diabetic_2","species","Not Significant","No Change"
"Agathobacter rectalis",0.00109239208652182,0.717531017809947,0.996019254142965,"01_normal_2_vs_03_diabetic_2","species","Not Significant","No Change"
"Hungatella hathewayi",0.0720336308234814,0.524735685690605,0.996215185479579,"01_normal_2_vs_03_diabetic_2","species","Not Significant","No Change"
"[Clostridium] colinum",-0.0106649951290505,0.854346733429076,1,"01_normal_2_vs_03_diabetic_2","species","Not Significant","No Change"
"Faecalibacterium prausnitzii",-0.0184848633736296,0.606949743617763,1,"01_normal_2_vs_03_diabetic_2","species","Not Significant","No Change"
"Faecalibacterium taiwanense",-0.152502208834211,0.251463351244867,0.999459551461658,"01_normal_2_vs_03_diabetic_2","species","Not Significant","No Change"
"Ruminococcus bicirculans (ex Wegman et al. 2014)",0.0651945597386824,0.758483815173245,1,"01_normal_2_vs_03_diabetic_2","species","Not Significant","No Change"
"Ruminococcus champanellensis",0.0306238810628377,0.729322491470119,1,"01_normal_2_vs_03_diabetic_2","species","Not Significant","No Change"
"Solibaculum mannosilyticum",0.0204359953203307,0.80246305589997,1,"01_normal_2_vs_03_diabetic_2","species","Not Significant","No Change"
"Lawsonibacter asaccharolyticus",-0.0907657803239761,0.621910512682554,1,"01_normal_2_vs_03_diabetic_2","species","Not Significant","No Change"
"Paludicola sp. MB14-C6",-0.123165739958463,0.379439629886486,0.998822007866539,"01_normal_2_vs_03_diabetic_2","species","Not Significant","No Change"
"Flavonifractor plautii",0.00926511741330628,0.768952748508313,1,"01_normal_2_vs_03_diabetic_2","species","Not Significant","No Change"
"Anaerotruncus colihominis",-0.0689539927391594,0.612840120450296,0.99803696727508,"01_normal_2_vs_03_diabetic_2","species","Not Significant","No Change"
"Ruthenibacterium lactatiformans",-0.0243994394386501,0.764520305938032,1,"01_normal_2_vs_03_diabetic_2","species","Not Significant","No Change"
"Oscillibacter hominis",-0.119535168205731,0.0489571039243846,0.950656442722616,"01_normal_2_vs_03_diabetic_2","species","Not Significant","No Change"
"Pusillibacter faecalis",-0.14630597180608,0.383159352750178,0.98159215984675,"01_normal_2_vs_03_diabetic_2","species","Not Significant","No Change"
"Flintibacter sp. KGMB00164",-0.0573791344820176,0.615260054160613,0.993930971706831,"01_normal_2_vs_03_diabetic_2","species","Not Significant","No Change"
"Intestinimonas butyriciproducens",-0.098982035245165,0.56123184137839,0.998661404817401,"01_normal_2_vs_03_diabetic_2","species","Not Significant","No Change"
"Massilistercora timonensis",0.011358926184244,0.670196030196523,0.989122929221339,"01_normal_2_vs_03_diabetic_2","species","Not Significant","No Change"
"Eubacterium ventriosum",0.00908517857287011,0.798384746932816,1,"01_normal_2_vs_03_diabetic_2","species","Not Significant","No Change"
"Clostridium sp. C45",-0.0189949191165587,0.744555244982719,0.995452478162349,"01_normal_2_vs_03_diabetic_2","species","Not Significant","No Change"
"Clostridium thermosuccinogenes",0.183206807715503,0.229966479013828,0.921356963585777,"01_normal_2_vs_03_diabetic_2","species","Not Significant","No Change"
"Acutalibacter muris",-0.0776506677407233,0.542131937314897,0.990049587437551,"01_normal_2_vs_03_diabetic_2","species","Not Significant","No Change"
"Intestinibacter bartlettii",0.0754491468557555,0.540254112969702,0.98441550692537,"01_normal_2_vs_03_diabetic_2","species","Not Significant","No Change"
"Terrisporobacter petrolearius",0.0188786293271314,0.600073818167859,0.967118713305114,"01_normal_2_vs_03_diabetic_2","species","Not Significant","No Change"
"Emergencia timonensis",0.0332453607958938,0.706155884173309,0.999278951335299,"01_normal_2_vs_03_diabetic_2","species","Not Significant","No Change"
"Monoglobus pectinilyticus",0.0594068177086311,0.653698308016129,0.986088989199747,"01_normal_2_vs_03_diabetic_2","species","Not Significant","No Change"
"Faecalibacillus intestinalis",-0.09105528323745,0.506383191321078,0.999775378974214,"01_normal_2_vs_03_diabetic_2","species","Not Significant","No Change"
"Holdemania massiliensis",-0.0538890924605996,0.632733873481966,0.99155363199827,"01_normal_2_vs_03_diabetic_2","species","Not Significant","No Change"
"Phascolarctobacterium faecium",-0.00367705337705028,0.796830117712458,1,"01_normal_2_vs_03_diabetic_2","species","Not Significant","No Change"
"Streptococcus thermophilus",0.139231875588253,0.224904585521715,0.949788712038406,"01_normal_2_vs_03_diabetic_2","species","Not Significant","No Change"
"Enterococcus faecalis",0.340994482524452,0.0720301890995351,0.764946161694169,"01_normal_2_vs_03_diabetic_2","species","Not Significant","No Change"
"Bifidobacterium longum",0.00242588974734476,0.67521325304516,0.994614686138826,"01_normal_2_vs_03_diabetic_2","species","Not Significant","No Change"
"Bacteroides uniformis",-0.0854226644511342,0.202249687160105,1,"01_normal_2_vs_03_diabetic_2","species","Not Significant","No Change"
"Bacteroides stercoris",-0.00596979764075782,0.77818808566352,1,"01_normal_2_vs_03_diabetic_2","species","Not Significant","No Change"
"Bacteroides sp. MSB163",0.0133881618535412,0.823319391225404,1,"01_normal_2_vs_03_diabetic_2","species","Not Significant","No Change"
"Bacteroides fragilis",-0.0265687788861851,0.691652437073723,1,"01_normal_2_vs_03_diabetic_2","species","Not Significant","No Change"
"Bacteroides eggerthii",0.11041941220833,0.531544508889977,1,"01_normal_2_vs_03_diabetic_2","species","Not Significant","No Change"
"Bacteroides nordii",0.178153954135338,0.307829064656579,0.974778167049404,"01_normal_2_vs_03_diabetic_2","species","Not Significant","No Change"
"Phocaeicola vulgatus",0.0459866062893193,0.604904571365596,1,"01_normal_2_vs_03_diabetic_2","species","Not Significant","No Change"
"Phocaeicola dorei",0.269932047417621,0.126174000926012,0.967985644266544,"01_normal_2_vs_03_diabetic_2","species","Not Significant","No Change"
"Alistipes senegalensis",-0.090794237053081,0.522798290531475,1,"01_normal_2_vs_03_diabetic_2","species","Not Significant","No Change"
"Alistipes onderdonkii",-0.267589440296886,0.0871971130696949,0.952096695143151,"01_normal_2_vs_03_diabetic_2","species","Not Significant","No Change"
"Alistipes finegoldii",-0.0748099373285347,0.49361354915911,0.996673327632076,"01_normal_2_vs_03_diabetic_2","species","Not Significant","No Change"
"Alistipes communis",-0.121944714818594,0.44938795944568,0.996357500119519,"01_normal_2_vs_03_diabetic_2","species","Not Significant","No Change"
"Alistipes ihumii",-0.104229367643379,0.455992768511388,0.996681438613889,"01_normal_2_vs_03_diabetic_2","species","Not Significant","No Change"
"Barnesiella viscericola",-0.00724419754351145,0.835302494430259,1,"01_normal_2_vs_03_diabetic_2","species","Not Significant","No Change"
"Odoribacter splanchnicus",0.0899281563945888,0.416150105689537,0.999625309428017,"01_normal_2_vs_03_diabetic_2","species","Not Significant","No Change"
"Parabacteroides merdae",0.0396222618047135,0.516049169334692,1,"01_normal_2_vs_03_diabetic_2","species","Not Significant","No Change"
"Parabacteroides distasonis",-0.0685090769039086,0.656634726374921,0.99581736406403,"01_normal_2_vs_03_diabetic_2","species","Not Significant","No Change"
"Segatella copri",-0.0388289504969998,0.701283348723698,1,"01_normal_2_vs_03_diabetic_2","species","Not Significant","No Change"
"Aureibaculum algae",0.149340929720639,0.338288388237934,0.986092968141469,"01_normal_2_vs_03_diabetic_2","species","Not Significant","No Change"
"Spirosoma endbachense",-0.0288719518810364,0.690166692100456,0.991432866981115,"01_normal_2_vs_03_diabetic_2","species","Not Significant","No Change"
"Sutterella wadsworthensis",0.0593545014030571,0.743084670912347,1,"01_normal_2_vs_03_diabetic_2","species","Not Significant","No Change"
"Duodenibacillus massiliensis",0.258270285795581,0.129214158988883,0.836668409195308,"01_normal_2_vs_03_diabetic_2","species","Not Significant","No Change"
"Coprococcus comes",-0.111427215921021,0.362676580629789,0.998844359462706,"01_normal_2_vs_03_diabetic_2","species","Not Significant","No Change"
"Ruminococcus albus",-0.0363519168725546,0.656915577784345,0.992419545319855,"01_normal_2_vs_03_diabetic_2","species","Not Significant","No Change"
"Eubacterium ramulus",-0.230873808192111,0.0493204641255185,0.870337182492513,"01_normal_2_vs_03_diabetic_2","species","Not Significant","No Change"
"Veillonella parvula",0.0156550869618321,0.596202082382112,0.990122169464134,"01_normal_2_vs_03_diabetic_2","species","Not Significant","No Change"
"Allobaculum mucilyticum",0.117685452861329,0.398356517044158,0.986685002577147,"01_normal_2_vs_03_diabetic_2","species","Not Significant","No Change"
"Longicatena caecimuris",-0.0193692781021473,0.745468631842148,0.998280688540128,"01_normal_2_vs_03_diabetic_2","species","Not Significant","No Change"
"Turicimonas muris",-0.0478747167433193,0.720109691863794,1,"01_normal_2_vs_03_diabetic_2","species","Not Significant","No Change"
"Haemophilus parainfluenzae",0.0720684775689777,0.452821127710717,0.9959533738181,"01_normal_2_vs_03_diabetic_2","species","Not Significant","No Change"
"Coprococcus catus",0.299320756877421,0.0401143053548411,0.776529236303359,"01_normal_2_vs_03_diabetic_2","species","Not Significant","No Change"
"Lachnoanaerobaculum umeaense",-0.0978332260597901,0.468820147313563,0.995105735081481,"01_normal_2_vs_03_diabetic_2","species","Not Significant","No Change"
"Candidatus Epulonipiscium viviparus",0.0643769584934037,0.63976335754979,0.989781579336862,"01_normal_2_vs_03_diabetic_2","species","Not Significant","No Change"
"Stomatobaculum sp. F0698",0.0183890844153697,0.773812250538392,0.997009183861541,"01_normal_2_vs_03_diabetic_2","species","Not Significant","No Change"
"Vescimonas coprocola",-0.0267970964414853,0.612386513155594,1,"01_normal_2_vs_03_diabetic_2","species","Not Significant","No Change"
"Vescimonas fastidiosa",0.0415449739412851,0.454746453160455,1,"01_normal_2_vs_03_diabetic_2","species","Not Significant","No Change"
"Clostridium perfringens",-0.00387420110903745,0.754329411063238,0.99636547426925,"01_normal_2_vs_03_diabetic_2","species","Not Significant","No Change"
"Aristaeella hokkaidonensis",0.0670795247232336,0.658996308845192,1,"01_normal_2_vs_03_diabetic_2","species","Not Significant","No Change"
"Christensenella sp. MSJ-20",0.0831555411362521,0.651685994698058,1,"01_normal_2_vs_03_diabetic_2","species","Not Significant","No Change"
"Veillonella rogosae",-0.0306616322766584,0.725873554627548,0.99933612254369,"01_normal_2_vs_03_diabetic_2","species","Not Significant","No Change"
"Bacteroides caccae",0.13703495646494,0.329205479923141,0.998480800170098,"01_normal_2_vs_03_diabetic_2","species","Not Significant","No Change"
"Bacteroides salyersiae",0.0353601652124806,0.484820293472284,0.994950986801003,"01_normal_2_vs_03_diabetic_2","species","Not Significant","No Change"
"Bacteroides zhangwenhongii",-0.199868054532347,0.0997374009465054,0.910512627713874,"01_normal_2_vs_03_diabetic_2","species","Not Significant","No Change"
"Alistipes shahii",0.0311644594631952,0.873582739609753,1,"01_normal_2_vs_03_diabetic_2","species","Not Significant","No Change"
"Butyricimonas paravirosa",-0.00840031672379352,0.771265725624588,0.99854769945915,"01_normal_2_vs_03_diabetic_2","species","Not Significant","No Change"
"Bacteroides helcogenes",-0.00610543416690852,0.844737855173326,1,"01_normal_2_vs_03_diabetic_2","species","Not Significant","No Change"
"Phocaeicola coprophilus",-0.0792149022098234,0.435471021991931,0.999136836271463,"01_normal_2_vs_03_diabetic_2","species","Not Significant","No Change"
"Akkermansia muciniphila",0.0189383663571726,0.713638643835734,0.997096843230951,"01_normal_2_vs_03_diabetic_2","species","Not Significant","No Change"
"Bacteroides intestinalis",0.00976318196741961,0.834031712501292,1,"01_normal_2_vs_03_diabetic_2","species","Not Significant","No Change"
"Phocaeicola salanitronis",0.137979363554451,0.399918166154707,1,"01_normal_2_vs_03_diabetic_2","species","Not Significant","No Change"
"Parabacteroides goldsteinii",0.143910932576581,0.307150355774089,0.990042993325311,"01_normal_2_vs_03_diabetic_2","species","Not Significant","No Change"
"Paraprevotella clara",-0.063614750230355,0.669387000058032,1,"01_normal_2_vs_03_diabetic_2","species","Not Significant","No Change"
"Dellaglioa sp. P0083",0.338809275871689,0.0648909106443425,0.752880378081321,"01_normal_2_vs_03_diabetic_2","species","Not Significant","No Change"
"Clostridium sp. M62/1",0.0353598563574352,0.6403668361608,0.999426565787047,"01_normal_2_vs_03_diabetic_2","species","Not Significant","No Change"
"Clostridium sp. MD294",-0.00550058440267254,0.749345148325411,0.995885043427786,"01_normal_2_vs_03_diabetic_2","species","Not Significant","No Change"
"Eisenbergiella porci",-0.0741757442323799,0.557504170897029,0.993765717102778,"01_normal_2_vs_03_diabetic_2","species","Not Significant","No Change"
"Coprobacter fastidiosus",-0.023868915653163,0.652311673601619,1,"01_normal_2_vs_03_diabetic_2","species","Not Significant","No Change"
"Megamonas funiformis",-0.0878411661210365,0.486212789935681,1,"01_normal_2_vs_03_diabetic_2","species","Not Significant","No Change"
"Anaeromicropila herbilytica",-0.0452732226175063,0.642564573225529,1,"01_normal_2_vs_03_diabetic_2","species","Not Significant","No Change"
"Alistipes dispar",-0.107175929973161,0.479361348527966,0.989552768231982,"01_normal_2_vs_03_diabetic_2","species","Not Significant","No Change"
"Aristaeella lactis",0.0231675485261932,0.751866388489973,0.999689984912131,"01_normal_2_vs_03_diabetic_2","species","Not Significant","No Change"
"Anaeropeptidivorans aminofermentans",0.0537134009416789,0.578856149614579,0.98296830852492,"01_normal_2_vs_03_diabetic_2","species","Not Significant","No Change"
"Coraliomargarita akajimensis",-0.0520943549686717,0.596617991451548,0.997928593931594,"01_normal_2_vs_03_diabetic_2","species","Not Significant","No Change"
"Petroclostridium sp. X23",0.0310745217420472,0.680308769020551,0.976686160331873,"01_normal_2_vs_03_diabetic_2","species","Not Significant","No Change"
"Caldinitratiruptor microaerophilus",-0.0123118653689661,0.758403687885138,0.99731801945788,"01_normal_2_vs_03_diabetic_2","species","Not Significant","No Change"
"Anoxybacillus gonensis",0.0183977589422542,0.695616204112775,0.997164185005907,"01_normal_2_vs_03_diabetic_2","species","Not Significant","No Change"
"Caldilinea aerophila",0.206622104228418,0.218515255252865,0.919237280288854,"01_normal_2_vs_03_diabetic_2","species","Not Significant","No Change"
"Alistipes sp. dk3624",-0.119530402058951,0.409252810454008,0.986799181968697,"01_normal_2_vs_03_diabetic_2","species","Not Significant","No Change"
"Alistipes indistinctus",-0.245684502006022,0.150185237829477,0.927785952129759,"01_normal_2_vs_03_diabetic_2","species","Not Significant","No Change"
"Butyricimonas virosa",-0.0324136889773106,0.694814262824807,0.998178394283064,"01_normal_2_vs_03_diabetic_2","species","Not Significant","No Change"
"Salmonella enterica",0.066606941830681,0.368724702738044,0.981246981025501,"01_normal_2_vs_03_diabetic_2","species","Not Significant","No Change"
"Escherichia coli",0.0654488692671819,0.438428171667369,0.98286295234817,"01_normal_2_vs_03_diabetic_2","species","Not Significant","No Change"
"Klebsiella pneumoniae",0.166419855710855,0.189896578401707,0.925854373595042,"01_normal_2_vs_03_diabetic_2","species","Not Significant","No Change"
"Wansuia hejianensis",0.00797807886155839,0.707958449867485,0.998396098530177,"01_normal_2_vs_03_diabetic_2","species","Not Significant","No Change"
"Ruthenibacterium sp. TH_2024_36131",-0.0122396611141451,0.684379935702648,0.99781874821712,"01_normal_2_vs_03_diabetic_2","species","Not Significant","No Change"
"Thomasclavelia ramosa",0.0181233315302496,0.689502408068748,0.999048226838488,"01_normal_2_vs_03_diabetic_2","species","Not Significant","No Change"
"Dialister succinatiphilus",-0.125364969017455,0.253711793071878,0.985504794909479,"01_normal_2_vs_03_diabetic_2","species","Not Significant","No Change"
"Parabacteroides sp. AD58",-0.0208694950849741,0.774077399240623,0.999046386388617,"01_normal_2_vs_03_diabetic_2","species","Not Significant","No Change"
"Thermocaproicibacter melissae",0.0399403006957886,0.630070914471021,0.988637358146113,"01_normal_2_vs_03_diabetic_2","species","Not Significant","No Change"
"Christensenella massiliensis",0.0130935654975794,0.761877461767466,0.998884090503373,"01_normal_2_vs_03_diabetic_2","species","Not Significant","No Change"
"Phascolarctobacterium succinatutens",0.105053086385687,0.337470500821607,0.99904728503644,"01_normal_2_vs_03_diabetic_2","species","Not Significant","No Change"
"Bacillus sp. ZHX3",0.0911166184273094,0.46034656900662,0.995631650875943,"01_normal_2_vs_03_diabetic_2","species","Not Significant","No Change"
"Prevotella sp. Rep29",-0.0311305778838889,0.741809673014675,0.998358937152206,"01_normal_2_vs_03_diabetic_2","species","Not Significant","No Change"
"Prevotella bivia",-0.0368242113167345,0.775841435024173,1,"01_normal_2_vs_03_diabetic_2","species","Not Significant","No Change"
"Vibrio tapetis",0.117609129363273,0.393832057212632,0.96531919902995,"01_normal_2_vs_03_diabetic_2","species","Not Significant","No Change"
"Clostridium thermarum",0.173115320752444,0.264353507169534,0.940808679827725,"01_normal_2_vs_03_diabetic_2","species","Not Significant","No Change"
