taxon_name,taxonomy_id,level,rank_code
Blautia obeum,40520,species,S
Blautia hydrogenotrophica,53443,species,S
Blautia argi,1912897,species,S
Blautia luti,89014,species,S
Blautia sp. SC05B48,2479767,species,S
Anaerostipes hadrus,649756,species,S
Anaerostipes sp. PC18,3036926,species,S
Dorea longicatena,88431,species,S
Dorea formicigenerans,39486,species,S
Anaerobutyricum hallii,39488,species,S
Roseburia intestinalis,166486,species,S
Roseburia sp. 499,1261634,species,S
[Ruminococcus] torques,33039,species,S
Mediterraneibacter gnavus,33038,species,S
Mediterraneibacter glycyrrhizinilyticus,342942,species,S
[Ruminococcus] lactaris,46228,species,S
Claveliimonas bilis,3028070,species,S
Lachnospira eligens,39485,species,S
Chakrabartyella piscis,2918914,species,S
Lacrimispora sp. JR3,3111456,species,S
Sellimonas catena,2994035,species,S
Sellimonas intestinalis,1653434,species,S
Simiaoa sunii,2763672,species,S
[Clostridium] symbiosum,1512,species,S
[Clostridium] scindens,29347,species,S
Agathobacter rectalis,39491,species,S
Hungatella hathewayi,154046,species,S
[Clostridium] colinum,36835,species,S
Marvinbryantia formatexigens,168384,species,S
Faecalibacterium prausnitzii,853,species,S
Faecalibacterium taiwanense,3030638,species,S
Ruminococcus bicirculans (ex Wegman et al. 2014),1160721,species,S
Ruminococcus bovis,2564099,species,S
Ruminococcus champanellensis,1161942,species,S
Solibaculum mannosilyticum,2780922,species,S
Lawsonibacter asaccharolyticus,2108523,species,S
Paludicola sp. MB14-C6,3070656,species,S
Flavonifractor plautii,292800,species,S
Anaerotruncus colihominis,169435,species,S
Ruthenibacterium lactatiformans,1550024,species,S
Oscillibacter hominis,2763056,species,S
Pusillibacter faecalis,2714358,species,S
Pseudoflavonifractor gallinarum,2779352,species,S
Fastidiosipila sanguinis,236753,species,S
Flintibacter sp. KGMB00164,2610895,species,S
Intestinimonas butyriciproducens,1297617,species,S
Massilistercora timonensis,2086584,species,S
Eubacterium ventriosum,39496,species,S
Clostridium sp. SY8519,1042156,species,S
Clostridium sp. C45,3373596,species,S
Clostridium thermosuccinogenes,84032,species,S
Acutalibacter muris,1796620,species,S
Intestinibacter bartlettii,261299,species,S
Clostridioides difficile,1496,species,S
Terrisporobacter petrolearius,1460447,species,S
Emergencia sp. JLR.KK010,3114296,species,S
Emergencia timonensis,1776384,species,S
Monoglobus pectinilyticus,1981510,species,S
Faecalibacillus intestinalis,1982626,species,S
Thomasclavelia spiroformis,29348,species,S
Holdemania massiliensis,1468449,species,S
Solobacterium moorei,102148,species,S
Phascolarctobacterium faecium,33025,species,S
Streptococcus thermophilus,1308,species,S
Enterococcus faecalis,1351,species,S
Granulicatella adiacens,46124,species,S
Gemella sanguinis,84135,species,S
Bifidobacterium longum,216816,species,S
Schaalia odontolytica,1660,species,S
Enorma phocaeensis,1871019,species,S
Adlercreutzia equolifaciens,446660,species,S
Adlercreutzia hattorii,2707299,species,S
Gordonibacter pamelaeae,471189,species,S
Bacteroides uniformis,820,species,S
Bacteroides stercoris,46506,species,S
Bacteroides sp. MSB163,3117552,species,S
Bacteroides fragilis,817,species,S
Bacteroides eggerthii,28111,species,S
Bacteroides nordii,291645,species,S
Phocaeicola vulgatus,821,species,S
Phocaeicola dorei,357276,species,S
Alistipes senegalensis,1288121,species,S
Alistipes onderdonkii,328813,species,S
Alistipes finegoldii,214856,species,S
Alistipes communis,2585118,species,S
Alistipes ihumii,1470347,species,S
Barnesiella viscericola,397865,species,S
Odoribacter splanchnicus,28118,species,S
Parabacteroides merdae,46503,species,S
Parabacteroides distasonis,823,species,S
Segatella copri,165179,species,S
Aureibaculum algae,2584122,species,S
Spirosoma endbachense,2666025,species,S
Sutterella wadsworthensis,40545,species,S
Duodenibacillus massiliensis,1852381,species,S
Oxalobacter aliiformigenes,2946593,species,S
Coraliomargarita algicola,3092156,species,S
Desulfovibrio piger,901,species,S
Anaerostipes caccae,105841,species,S
Anaerostipes rhamnosivorans,1229621,species,S
Coprococcus comes,410072,species,S
Butyrivibrio proteoclasticus,43305,species,S
Ruminococcus albus,1264,species,S
Eubacterium ramulus,39490,species,S
Sarcina sp. JB2,2726954,species,S
Veillonella parvula,29466,species,S
Veillonella atypica,39777,species,S
Allobaculum mucilyticum,2834459,species,S
Longicatena caecimuris,1796635,species,S
Streptococcus mutans,1309,species,S
Rothia mucilaginosa,43675,species,S
Gordonibacter urolithinfaciens,1335613,species,S
Collinsella stercoris,147206,species,S
Turicimonas muris,1796652,species,S
Haemophilus parainfluenzae,729,species,S
Coprococcus catus,116085,species,S
Lachnoanaerobaculum umeaense,617123,species,S
Candidatus Epulonipiscium viviparus,420336,species,S
Stomatobaculum sp. F0698,3059030,species,S
Vescimonas coprocola,2714355,species,S
Vescimonas fastidiosa,2714353,species,S
Clostridium perfringens,1502,species,S
Clostridium felsineum,36839,species,S
Aristaeella hokkaidonensis,3046382,species,S
Desulfofundulus kuznetsovii,58135,species,S
Maliibacterium massiliense,2086585,species,S
Romboutsia hominis,1507512,species,S
Romboutsia sp. 13368,2708053,species,S
Paraclostridium sordellii,1505,species,S
Peptostreptococcus equinus,3003601,species,S
Christensenella sp. MSJ-20,2841518,species,S
Veillonella rogosae,423477,species,S
Lactobacillus iners,147802,species,S
Bifidobacterium animalis,28025,species,S
Ilumatobacter coccineus,467094,species,S
Bacteroides caccae,47678,species,S
Bacteroides salyersiae,291644,species,S
Bacteroides zhangwenhongii,2650157,species,S
Alistipes shahii,328814,species,S
Alistipes sp. i18-0019-D1,3132707,species,S
Paraprevotella xylaniphila,454155,species,S
Butyricimonas paravirosa,1472417,species,S
Desulfovibrio fairfieldensis,44742,species,S
Blautia liquoris,2779518,species,S
Bacteroides heparinolyticus,28113,species,S
Bacteroides helcogenes,290053,species,S
Phocaeicola coprophilus,387090,species,S
Parabacteroides johnsonii,387661,species,S
Akkermansia muciniphila,239935,species,S
Bacteroides intestinalis,329854,species,S
Phocaeicola salanitronis,376805,species,S
Parabacteroides goldsteinii,328812,species,S
Paraprevotella clara,454154,species,S
Dellaglioa sp. P0083,3344667,species,S
Clostridium sp. M62/1,411486,species,S
Clostridium sp. MD294,97138,species,S
Bacteroides sedimenti,2136147,species,S
Prevotella sp. E15-22,2937774,species,S
Eisenbergiella porci,2652274,species,S
Selenobaculum gibii,3054208,species,S
Coprobacter fastidiosus,1099853,species,S
Megamonas funiformis,437897,species,S
Megasphaera elsdenii,907,species,S
Sneathia vaginalis,187101,species,S
Acidaminococcus intestini,187327,species,S
Megasphaera stantonii,2144175,species,S
Anaeromicropila herbilytica,2785025,species,S
Alistipes dispar,2585119,species,S
Aristaeella lactis,3046383,species,S
Ligilactobacillus ruminis,1623,species,S
Bifidobacterium angulatum,1683,species,S
Bifidobacterium pseudocatenulatum,28026,species,S
Slackia heliotrinireducens,84110,species,S
Hoylesella enoeca,76123,species,S
Anaeropeptidivorans aminofermentans,2934315,species,S
Schaalia meyeri,52773,species,S
Candidatus Planktophila lacus,1884913,species,S
Duncaniella dubosii,2518971,species,S
Coraliomargarita akajimensis,395922,species,S
Candidatus Vondammii sp. HM_W22,2687299,species,S
Petroclostridium sp. X23,3045146,species,S
Lactonifactor longoviformis,341220,species,S
Caldinitratiruptor microaerophilus,671077,species,S
Anoxybacillus gonensis,198467,species,S
Gottschalkia acidurici,1556,species,S
Caldilinea aerophila,133453,species,S
Alistipes sp. dk3624,2662363,species,S
Alistipes indistinctus,626932,species,S
Butyricimonas faecihominis,1472416,species,S
Butyricimonas virosa,544645,species,S
Salmonella enterica,28901,species,S
uncultured Alistipes sp.,538949,species,S
Lacrimispora sp. BS-2,3151850,species,S
Gaopeijia maritima,3119007,species,S
Enterobacter ludwigii,299767,species,S
Escherichia coli,562,species,S
Klebsiella pneumoniae,573,species,S
Yersinia entomophaga,935293,species,S
Providencia sneebia,516075,species,S
Thioflavicoccus mobilis,80679,species,S
Allochromatium tepidum,553982,species,S
Syntrophothermus lipocalidus,86170,species,S
Candidatus Formimonas warabiya,1761012,species,S
Aminomonas paucivorans,81412,species,S
Parabacteroides faecis,1217282,species,S
Wansuia hejianensis,2763667,species,S
Fusobacterium varium,856,species,S
Blautia producta,33035,species,S
Lacrimispora xylanisolvens,384636,species,S
Sellimonas caecigallum,2592333,species,S
Anaerocolumna sedimenticola,2696063,species,S
Ruthenibacterium sp. TH_2024_36131,3136601,species,S
Clostridium butyricum,1492,species,S
Thomasclavelia ramosa,1547,species,S
Megasphaera massiliensis,1232428,species,S
Megasphaera hexanoica,1675036,species,S
Finegoldia magna,1260,species,S
Bacteroides xylanisolvens,371601,species,S
Prevotella corporis,28128,species,S
Fibrobacter succinogenes,833,species,S
Aestuariispira ectoiniformans,2775080,species,S
Yersinia mollaretii,33060,species,S
Turneriella parva,29510,species,S
Leptospira kobayashii,1917830,species,S
Cloacibacillus porcorum,1197717,species,S
Sutterella megalosphaeroides,2494234,species,S
Succinivibrio dextrinosolvens,83771,species,S
Dialister succinatiphilus,487173,species,S
Roseimicrobium sp. ORNL1,2711231,species,S
Parabacteroides sp. AD58,2951805,species,S
Prevotella sp. oral taxon 299,652716,species,S
Pseudoprevotella muciniphila,2133944,species,S
Sodaliphilus pleomorphus,2606626,species,S
Porphyromonas asaccharolytica,28123,species,S
Parvularcula sp. IMCC14364,3067902,species,S
Thermocaproicibacter melissae,2966552,species,S
Acetivibrio clariflavus,288965,species,S
Desulfofarcimen acetoxidans,58138,species,S
Christensenella minuta,626937,species,S
Bacillus velezensis,492670,species,S
Conexibacter woesei,191495,species,S
Blautia coccoides,1532,species,S
Clostridium baratii,1561,species,S
Limosilactobacillus fermentum,1613,species,S
Furfurilactobacillus rossiae,231049,species,S
Ligilactobacillus salivarius,1624,species,S
Pyramidobacter piscolens,638849,species,S
Roseburia hominis,301301,species,S
Coprococcus eutactus,33043,species,S
Caproiciproducens sp. CPB-2,3030017,species,S
Amedibacterium intestinale,2583452,species,S
Bacteroides thetaiotaomicron,818,species,S
Christensenella massiliensis,1805714,species,S
Phascolarctobacterium succinatutens,626940,species,S
Bacillus sp. ZHX3,2841656,species,S
Staphylococcus epidermidis,1282,species,S
Mesomycoplasma conjunctivae,45361,species,S
Prevotella sp. Rep29,2691580,species,S
Coprobacter secundus,1501392,species,S
Croceibacter atlanticus,313588,species,S
Rhodocaloribacter litoris,2558931,species,S
Sutterella faecalis,2584944,species,S
Sedimenticola thiotaurini,1543721,species,S
Parachlamydia acanthamoebae,83552,species,S
Lentisphaera profundi,1658616,species,S
Aminipila terrae,2697030,species,S
Cloacibacillus evryensis,508460,species,S
Catenibacterium mitsuokai,100886,species,S
Catenibacterium sp. co_0103,2478954,species,S
Streptococcus agalactiae,1311,species,S
Oscillatoria acuminata,118323,species,S
Prevotella herbatica,2801997,species,S
Prevotella dentalis,52227,species,S
Prevotella nigrescens,28133,species,S
Prevotella bivia,28125,species,S
Prevotella sp. oral taxon 475,712471,species,S
Segatella bryantii,77095,species,S
Hoylesella buccalis,28127,species,S
Sterolibacterium denitrificans,157592,species,S
Xanthomonas albilineans,29447,species,S
Caproicibacterium lactatifermentans,2666138,species,S
Lactobacillus delbrueckii,1584,species,S
Alistipes megaguti,2364787,species,S
Petrimonas mucosa,1642646,species,S
Bacteroides graminisolvens,477666,species,S
Akkermansia sp. N21116,3040764,species,S
Akkermansia sp. BCRC 18949,3037987,species,S
Akkermansia glycaniphila,1679444,species,S
Morganella morganii,582,species,S
Vibrio tapetis,52443,species,S
Vibrio cholerae,666,species,S
Enterocloster bolteae,208479,species,S
Enterococcus faecium,1352,species,S
Novibacillus thermophilus,1471761,species,S
Bifidobacterium dentium,1689,species,S
Eshraghiella crossota,45851,species,S
Alkalicoccus halolimnae,1667239,species,S
Citrobacter portucalensis,1639133,species,S
Proteus mirabilis,584,species,S
Coriobacterium glomerans,33871,species,S
Candidatus Saccharimonas aalborgensis,1332188,species,S
Clostridium septicum,1504,species,S
Clostridium intestinale,36845,species,S
Butyricimonas faecalis,2093856,species,S
Syntrophobotulus glycolicus,51197,species,S
Acidaminococcus fermentans,905,species,S
Clostridium thermarum,1716543,species,S
Streptococcus pyogenes,1314,species,S
Streptococcus pneumoniae,1313,species,S
Streptococcus iniae,1346,species,S
Elusimicrobium minutum,423605,species,S
Blattabacterium cuenoti,1653831,species,S
Wolinella succinogenes,844,species,S
Ethanoligenens harbinense,253239,species,S
Dehalobacterium formicoaceticum,51515,species,S
Desulfoscipio gibsoniae,102134,species,S
Natranaerobius thermophilus,375929,species,S
Chordicoccus furentiruminis,2709410,species,S
Anaerotignum propionicum,28446,species,S
Erysipelatoclostridium sp. An173,1965571,species,S
Staphylococcus aureus,1280,species,S
Candidatus Desulfovibrio trichonymphae,1725232,species,S
Paenibacillus dendritiformis,130049,species,S
Aerococcus tenax,3078812,species,S
Mycoplasma capricolum,2095,species,S
Segatella oris,28135,species,S
Eubacterium callanderi,53442,species,S
Streptococcus sp. FSL R7-0248,2975324,species,S
Fructilactobacillus sanfranciscensis,1625,species,S
Pseudogemmatithrix spongiicola,3062599,species,S
Pseudomonas sp. KNUC1026,2893890,species,S
Prevotella melaninogenica,28132,species,S
Solitalea lacus,2911172,species,S
Aurantibacillus circumpalustris,3036359,species,S
Caproicibacterium sp. BJN0003,2994078,species,S
Eubacterium maltosivorans,2041044,species,S
Pseudobutyrivibrio xylanivorans,185007,species,S
Metallumcola ferriviriculae,3039180,species,S
Peptoniphilus genitalis,3036303,species,S
Porphyromonas somerae,322095,species,S
Candidatus Azobacteroides pseudotrichonymphae,511435,species,S
Prevotella intermedia,28131,species,S
Simkania negevensis,83561,species,S
Campylobacter hominis,76517,species,S
Fusobacterium mortiferum,850,species,S
Campylobacter ureolyticus,827,species,S
Dialister pneumosintes,39950,species,S
Peptoniphilus lacrimalis,33031,species,S
Sneathia sanguinegens,40543,species,S
Streptococcus ruminicola,2686210,species,S
Actinomyces timonensis,1288391,species,S
Actinomyces massiliensis,461393,species,S
Cruoricaptor ignavus,1118202,species,S
Bacteroides zoogleoformans,28119,species,S
Niabella ginsenosidivorans,1176587,species,S
Rubrobacter xylanophilus,49319,species,S
Sporomusa termitida,2377,species,S
Oxalobacter formigenes,847,species,S
Segatella hominis,2518605,species,S
Rubellicoccus peritrichatus,3080537,species,S
Nakamurella antarctica,1902245,species,S
Clostridium gasigenes,94869,species,S
Parolsenella catena,2003188,species,S
Acholeplasma laidlawii,2148,species,S
Qiania dongpingensis,2763669,species,S
Ruminococcus gauvreauii,438033,species,S
uncultured Caproiciproducens sp.,1738647,species,S
Enterobacter kobei,208224,species,S
secondary endosymbiont of Ctenarytaina eucalypti,1199245,species,S
Shigella flexneri,623,species,S
Shewanella bicestrii,2018305,species,S
Alteromonas sp. RKMC-009,2267264,species,S
Pseudoalteromonas sp. A41-2,2785910,species,S
Pseudomonas sp. NS1(2017),2025658,species,S
Aeromonas veronii,654,species,S
Aeromonas sp. 2692-1,2560029,species,S
Actinobacillus equuli,718,species,S
Salinispirillum sp. LH 10-3-1,2952525,species,S
Aquicella siphonis,254247,species,S
Acetivibrio saccincola,1677857,species,S
Ruminiclostridium papyrosolvens,29362,species,S
Ferruginibacter lapsinanis,563172,species,S
Acinetobacter bereziniae,106648,species,S
Clostridium bornimense,1216932,species,S
Clostridium beijerinckii,1520,species,S
Phoenicibacter congonensis,1944646,species,S
Pseudomonas sp. MPDS,2762896,species,S
Desulfovibrio desulfuricans,876,species,S
Parabacteroides chongii,2685834,species,S
Leptotrichia sp. oral taxon 221,712362,species,S
Ezakiella coagulans,46507,species,S
Fannyhessea vaginae,82135,species,S
Gardnerella swidsinskii,2792979,species,S
Serpentinicella alkaliphila,1734049,species,S
Streptococcus salivarius,1304,species,S
Streptococcus sp. ZY1909104,3233335,species,S
Streptococcus dysgalactiae,1334,species,S
Rickettsia conorii,781,species,S
Leptospira sp. GIMC2001,1513297,species,S
Allomeiothermus silvanus,52022,species,S
Sphingobacterium oryzagri,3025669,species,S
Helicobacter canis,29419,species,S
Peptoniphilus harei,54005,species,S
Anaerococcus prevotii,33034,species,S
Murdochiella vaginalis,1852373,species,S
Aedoeadaptatus ivorii,54006,species,S
Homo sapiens,9606,species,S
Tenuifilum thalassicum,2590900,species,S
Corynebacterium durum,61592,species,S
Clostridium isatidis,182773,species,S
uncultured Mailhella sp.,1981031,species,S
Anaerocolumna cellulosilytica,433286,species,S
Erysipelothrix larvae,1514105,species,S
Lactiplantibacillus plantarum,1590,species,S
Limosilactobacillus mucosae,97478,species,S
Bacillus subtilis,1423,species,S
Staphylococcus pseudintermedius,283734,species,S
Allobaculum sp. Allo2,2853432,species,S
Raoultibacter timonensis,1907662,species,S
Rothia dentocariosa,2047,species,S
Klebsiella aerogenes,548,species,S
Klebsiella variicola,244366,species,S
Klebsiella michiganensis,1134687,species,S
Klebsiella quasipneumoniae,1463165,species,S
Enterobacter hormaechei,158836,species,S
Citrobacter werkmanii,67827,species,S
Atlantibacter hermannii,565,species,S
Candidatus Moranella endobia,1048758,species,S
Superficieibacter sp. HKU1,3031919,species,S
Arsenophonus endosymbiont of Aphis craccivora,1231049,species,S
Candidatus Erwinia haradaeae,1922217,species,S
Erwinia sp. Ejp617,215689,species,S
Serratia plymuthica,82996,species,S
Candidatus Sodalis pierantonius,1486991,species,S
Vibrio harveyi,669,species,S
Photobacterium leiognathi,553611,species,S
Methylomarinovum caldicuralii,438856,species,S
Bifidobacterium asteroides,1684,species,S
Aquabacterium sp. OR-4,2978127,species,S
Nitrospina watsonii,1323948,species,S
Paramuribaculum intestinale,2094151,species,S
Muriicola soli,2507538,species,S
Thermanaerosceptrum fracticalcis,1712410,species,S
Aminipila butyrica,433296,species,S
Arabiibacter massiliensis,1870985,species,S
Lachnoclostridium phytofermentans,66219,species,S
Clostridium argentinense,29341,species,S
Lactobacillus crispatus,47770,species,S
Tissierella sp. Yu-01,3035694,species,S
endosymbiont 'TC1' of Trimyema compressum,243899,species,S
Emticicia oligotrophica,312279,species,S
Melioribacter roseus,1134405,species,S
Alphaproteobacteria bacterium endosymbiont of Tiliacea citrago,3077944,species,S
Campylobacter gracilis,824,species,S
Streptococcus infantis,68892,species,S
Streptococcus ratti,1341,species,S
Streptococcus troglodytae,1111760,species,S
Lactiplantibacillus pentosus,1589,species,S
Levilactobacillus brevis,1580,species,S
Pectobacterium parmentieri,1905730,species,S
Aggregatibacter aphrophilus,732,species,S
Fusobacterium hominis,2764326,species,S
Persephonella marina,309805,species,S
Bacteroides faecium,2715212,species,S
Paraclostridium bifermentans,1490,species,S
Muribaculum gordoncarteri,2530390,species,S
Alteracholeplasma palmae,38986,species,S
Cetobacterium somerae,188913,species,S
Kineothrix sp. MB12-C1,3070215,species,S
Candidatus Izemoplasma sp. B36,3242468,species,S
Selenomonas sp. oral taxon 478,712538,species,S
Wolbachia pipientis,955,species,S
Croceibacterium sp. TMG7-5b_MA50,3121290,species,S
[Clostridium] hylemonae,89153,species,S
Peptacetobacter hiranonis,89152,species,S
Leuconostoc carnosum,1252,species,S
Fusobacterium necrophorum,859,species,S
Fusobacterium nucleatum,851,species,S
Leptotrichia sp. HSP-536,3239304,species,S
Streptobacillus moniliformis,34105,species,S
Anaerococcus mediterraneensis,1870984,species,S
Arcanobacterium canis,999183,species,S
Klebsiella oxytoca,571,species,S
Candidatus Pantoea carbekii,1235990,species,S
Facklamia hominis,178214,species,S
Miniphocaeibacter halophilus,2931922,species,S
Helcococcus ovis,72026,species,S
Gardnerella vaginalis,2702,species,S
Lawsonella clevelandensis,1528099,species,S
Clostridium sp. BJN0001,2930219,species,S
Oceanisphaera avium,1903694,species,S
Cryptobacterium curtum,84163,species,S
uncultured Acetobacteroides sp.,1760811,species,S
Mucispirillum schaedleri,248039,species,S
Trichodesmium erythraeum,1206,species,S
Fusobacterium animalis,76859,species,S
Bifidobacterium breve,1685,species,S
Faecalimonas umbilicata,1912855,species,S
Yersinia pestis,632,species,S
Sodalis ligni,2697027,species,S
Pseudomonas aeruginosa,287,species,S
Bacteroides cellulosilyticus,246787,species,S
Blautia,572511,genus,G
Anaerobutyricum,2569097,genus,G
Sellimonas,1769710,genus,G
Mediterraneibacter,2316020,genus,G
Lachnoanaerobaculum,1164882,genus,G
Enterocloster,2719313,genus,G
Chakrabartyella,3088373,genus,G
Claveliimonas,3076670,genus,G
Lachnoclostridium,1506553,genus,G
Lacrimispora,2719231,genus,G
Lachnospira,28050,genus,G
Eisenbergiella,1432051,genus,G
Anaerostipes,207244,genus,G
Wansuia,2944198,genus,G
Tyzzerella,1506577,genus,G
Hungatella,1649459,genus,G
Roseburia,841,genus,G
Chordicoccus,3031933,genus,G
Dorea,189330,genus,G
Anaerocolumna,1843210,genus,G
Stomatobaculum,1213720,genus,G
Anaerotignum,2039240,genus,G
Faecalibacterium,216851,genus,G
Solibaculum,2842531,genus,G
Flavonifractor,946234,genus,G
Ruminococcus,1263,genus,G
Paludihabitans,2038676,genus,G
Lawsonibacter,2172004,genus,G
Ruthenibacterium,1905344,genus,G
Vescimonas,2892396,genus,G
Pusillibacter,2892397,genus,G
Anaerotruncus,244127,genus,G
Thermocaproicibacter,3048127,genus,G
Oscillibacter,459786,genus,G
Subdoligranulum,292632,genus,G
Eubacterium,1730,genus,G
Clostridium,1485,genus,G
Lactonifactor,420345,genus,G
Desulforamulus,2916693,genus,G
Acutalibacter,1918385,genus,G
Mogibacterium,86331,genus,G
Emergencia,1926556,genus,G
Intestinibacter,1505657,genus,G
Christensenella,990721,genus,G
Phascolarctobacterium,33024,genus,G
Acidaminococcus,904,genus,G
Megasphaera,906,genus,G
Longicatena,1918536,genus,G
Holdemania,61170,genus,G
Thomasclavelia,3025755,genus,G
Streptococcus,1301,genus,G
Gemella,1378,genus,G
Staphylococcus,1279,genus,G
Bifidobacterium,1678,genus,G
Schaalia,2529408,genus,G
Actinomyces,1654,genus,G
Eggerthella,84111,genus,G
Gordonibacter,644652,genus,G
Adlercreutzia,447020,genus,G
Phocaeicola,909656,genus,G
Bacteroides,816,genus,G
Segatella,2974251,genus,G
Prevotella,838,genus,G
Parabacteroides,375288,genus,G
Alistipes,239759,genus,G
Akkermansia,239934,genus,G
Coraliomargarita,442430,genus,G
Turicimonas,1918598,genus,G
Yersinia,629,genus,G
Klebsiella,570,genus,G
Coprococcus,33042,genus,G
Ligilactobacillus,2767887,genus,G
Faecalibacillus,2678885,genus,G
Haemophilus,724,genus,G
Roseimicrobium,1348508,genus,G
Parachlamydia,83551,genus,G
Butyricimonas,574697,genus,G
Barnesiella,397864,genus,G
Coprobacter,1348911,genus,G
Aureibaculum,2706948,genus,G
Blattabacterium,34098,genus,G
Spirosoma,107,genus,G
Minwuia,2493629,genus,G
Parvularcula,208215,genus,G
Wolinella,843,genus,G
Petroclostridium,2304687,genus,G
Ethanoligenens,253238,genus,G
Caproiciproducens,1738645,genus,G
Aristaeella,3046369,genus,G
Intestinimonas,1392389,genus,G
Dehalobacterium,51514,genus,G
Caldinitratiruptor,1006480,genus,G
Desulfoscipio,2867376,genus,G
Agathobacter,1766253,genus,G
Candidatus Epulonipiscium,2383,genus,G
Simiaoa,2944193,genus,G
Anaeropeptidivorans,2997360,genus,G
Cellulosilyticum,698776,genus,G
Monoglobus,2039302,genus,G
Natranaerobius,375928,genus,G
Enterococcus,1350,genus,G
Dehalococcoides,61434,genus,G
Sutterella,40544,genus,G
Dialister,39948,genus,G
Veillonella,29465,genus,G
Allobaculum,174708,genus,G
Flintibacter,1918454,genus,G
Anaeromicropila,3024823,genus,G
Marvinbryantia,248744,genus,G
Terrisporobacter,1505652,genus,G
Romboutsia,1501226,genus,G
Clostridioides,1870884,genus,G
Paraclostridium,1849822,genus,G
Aminipila,2060094,genus,G
Granulicatella,117563,genus,G
Turicibacter,191303,genus,G
Collinsella,102106,genus,G
Odoribacter,283168,genus,G
Enterobacter,547,genus,G
Salmonella,590,genus,G
Escherichia,561,genus,G
Citrobacter,544,genus,G
Desulfovibrio,872,genus,G
Elusimicrobium,423604,genus,G
Paraprevotella,577309,genus,G
Cupriavidus,106589,genus,G
Duodenibacillus,1980697,genus,G
Syntrophobotulus,51196,genus,G
Megamonas,158846,genus,G
Aerococcus,1375,genus,G
Bacillus,1386,genus,G
Mycoplasma,2093,genus,G
Hoylesella,2974257,genus,G
Sodaliphilus,2815786,genus,G
Croceibacter,216431,genus,G
Rhodocaloribacter,2893090,genus,G
Succinivibrio,83770,genus,G
Sedimenticola,349742,genus,G
Sulfurimonas,202746,genus,G
Acetivibrio,35829,genus,G
Pseudoflavonifractor,1017280,genus,G
Eshraghiella,3342669,genus,G
Anoxybacillus,150247,genus,G
Parolsenella,2082587,genus,G
Ilumatobacter,682522,genus,G
Pseudoprevotella,2884814,genus,G
Paenibacillus,44249,genus,G
Catenibacterium,135858,genus,G
Lactobacillus,1578,genus,G
Leuconostoc,1243,genus,G
Oscillatoria,1158,genus,G
Sterolibacterium,157591,genus,G
Xanthomonas,338,genus,G
Campylobacter,194,genus,G
Massilistercora,2717089,genus,G
Gottschalkia,1505664,genus,G
Aestuariispira,1647175,genus,G
Pseudomonas,286,genus,G
Candidatus Uabimicrobium,2897349,genus,G
Cloacibacillus,508459,genus,G
Methanobrevibacter,2172,genus,G
Caldilinea,233191,genus,G
Mesomycoplasma,2923352,genus,G
Lentisphaera,256846,genus,G
Coriobacterium,33870,genus,G
Azospira,146937,genus,G
Candidatus Saccharimonas,1331051,genus,G
Selenobaculum,3074372,genus,G
Dellaglioa,2767880,genus,G
Alkalicoccus,2005375,genus,G
Proteus,583,genus,G
Vibrio,662,genus,G
Aminomonas,81411,genus,G
Duncaniella,2518495,genus,G
Morganella,581,genus,G
Novibacillus,1677050,genus,G
Rothia,32207,genus,G
Fusobacterium,848,genus,G
Caproicibacterium,2834348,genus,G
Butyrivibrio,830,genus,G
Petrimonas,307628,genus,G
Providencia,586,genus,G
Solobacterium,123375,genus,G
Finegoldia,150022,genus,G
Porphyromonas,836,genus,G
Fibrobacter,832,genus,G
Turneriella,338321,genus,G
Leptospira,171,genus,G
Gaopeijia,3381669,genus,G
Thioflavicoccus,156885,genus,G
Allochromatium,85072,genus,G
Nitrospira,1234,genus,G
Syntrophothermus,129001,genus,G
Candidatus Formimonas,2840454,genus,G
Limosilactobacillus,2742598,genus,G
Fastidiosipila,236752,genus,G
Oxalobacter,846,genus,G
Enorma,1472762,genus,G
Candidatus Planktophila,622681,genus,G
Candidatus Vondammii,2686004,genus,G
Slackia,84108,genus,G
Amedibacterium,2749267,genus,G
Peptostreptococcus,1257,genus,G
Furfurilactobacillus,2767882,genus,G
Latilactobacillus,2767885,genus,G
Pyramidobacter,638847,genus,G
Desulfofarcimen,2282742,genus,G
Conexibacter,191494,genus,G
Spiroplasma,2132,genus,G
Mesotoga,1184396,genus,G
Lacticaseibacillus,2759736,genus,G
Weissella,46255,genus,G
Sarcina,1266,genus,G
Desulfofundulus,2282741,genus,G
Maliibacterium,3047433,genus,G
Sneathia,168808,genus,G
Acholeplasma,2147,genus,G
Solitalea,929509,genus,G
Cruoricaptor,1433995,genus,G
Sphingobacterium,28453,genus,G
Simkania,34093,genus,G
Helicobacter,209,genus,G
Sphingomonas,13687,genus,G
Fenollaria,1686313,genus,G
Peptoniphilus,162289,genus,G
Anaerococcus,165779,genus,G
Murdochiella,1161127,genus,G
Aedoeadaptatus,2981628,genus,G
Ezakiella,1582879,genus,G
Homo,9605,genus,G
Qiania,2944195,genus,G
Pseudobutyrivibrio,46205,genus,G
Sodalis,84565,genus,G
Corynebacterium,1716,genus,G
Tenuifilum,2760873,genus,G
Aurantibacillus,3088889,genus,G
Amygdalobacter,3079925,genus,G
Candidatus Arthromitus,49082,genus,G
Phoenicibacter,1981050,genus,G
Ruminiclostridium,1508657,genus,G
Ferruginibacter,1004303,genus,G
Pseudogemmatithrix,3237678,genus,G
Acinetobacter,469,genus,G
Brachyspira,29521,genus,G
Serpentinicella,1890059,genus,G
Rickettsia,780,genus,G
Luteitalea,2004797,genus,G
Allomeiothermus,2935559,genus,G
Heyndrickxia,2837504,genus,G
Fannyhessea,2767327,genus,G
Gardnerella,2701,genus,G
Streptomyces,1883,genus,G
Rubrobacter,42255,genus,G
Leptotrichia,32067,genus,G
Shigella,620,genus,G
Serratia,613,genus,G
Pantoea,53335,genus,G
Pectobacterium,122277,genus,G
Shewanella,22,genus,G
Alteromonas,226,genus,G
Pseudoalteromonas,53246,genus,G
Aeromonas,642,genus,G
Actinobacillus,713,genus,G
Salinispirillum,1649491,genus,G
Aquicella,254245,genus,G
Lactococcus,1357,genus,G
Lancefieldella,2767353,genus,G
Metallumcola,3234175,genus,G
Mobiluncus,2050,genus,G
Candidatus Azobacteroides,511434,genus,G
Pediococcus,1253,genus,G
Fructilactobacillus,2767881,genus,G
Phytobacter,447792,genus,G
Rubellicoccus,3138622,genus,G
Nakamurella,53460,genus,G
Sporomusa,2375,genus,G
Hydrogenobacter,939,genus,G
Niabella,379899,genus,G
Cetobacterium,180162,genus,G
Paramuribaculum,2518497,genus,G
Alteracholeplasma,2903105,genus,G
Mailhella,1981028,genus,G
Emticicia,312278,genus,G
Kineothrix,2163168,genus,G
Muribaculum,1918540,genus,G
Melioribacter,1134403,genus,G
Persephonella,182899,genus,G
Tissierella,41273,genus,G
Burkholderia,32008,genus,G
Bdellovibrio,958,genus,G
Caloramator,44258,genus,G
Aquabacterium,92793,genus,G
Nitrospina,35800,genus,G
Muriicola,762641,genus,G
Thermanaerosceptrum,2651578,genus,G
Arabiibacter,2005386,genus,G
Lactiplantibacillus,2767842,genus,G
Levilactobacillus,2767886,genus,G
Bernardetia,1937972,genus,G
Atlantibacter,1903434,genus,G
Candidatus Moranella,1048757,genus,G
Arsenophonus,637,genus,G
Erwinia,551,genus,G
Aggregatibacter,416916,genus,G
Neisseria,482,genus,G
Thalassospira,168934,genus,G
Erysipelothrix,1647,genus,G
Tistrella,171436,genus,G
Raoultibacter,1926677,genus,G
Superficieibacter,2303321,genus,G
Candidatus Hamiltonella,568987,genus,G
Photobacterium,657,genus,G
Methylomarinovum,1486720,genus,G
Faecalimonas,2005355,genus,G
Acetobacteroides,1647173,genus,G
Peptacetobacter,2743582,genus,G
Mucispirillum,248038,genus,G
Trichodesmium,1205,genus,G
Facklamia,66831,genus,G
Miniphocaeibacter,2126548,genus,G
Helcococcus,31983,genus,G
Lawsonella,1847725,genus,G
Rhodococcus,1827,genus,G
Cryptobacterium,84162,genus,G
Oceanisphaera,225143,genus,G
Wolbachia,953,genus,G
Croceibacterium,2676755,genus,G
Streptobacillus,34104,genus,G
Candidatus Izemoplasma,2975549,genus,G
Pasteurella,745,genus,G
Selenomonas,970,genus,G
Arcanobacterium,28263,genus,G
Kocuria,57493,genus,G
Bacteroidaceae,815,family,F
Tannerellaceae,2005525,family,F
Prevotellaceae,171552,family,F
Sutterellaceae,995019,family,F
Enterobacteriaceae,543,family,F
Oscillospiraceae,216572,family,F
Butyricicoccaceae,3085642,family,F
Eubacteriaceae,186806,family,F
Clostridiaceae,31979,family,F
Lachnospiraceae,186803,family,F
Peptostreptococcaceae,186804,family,F
Acidaminococcaceae,909930,family,F
Veillonellaceae,31977,family,F
Lactobacillaceae,33958,family,F
Enterococcaceae,81852,family,F
Rikenellaceae,171550,family,F
Odoribacteraceae,1853231,family,F
Flavobacteriaceae,49546,family,F
Turicibacteraceae,2810281,family,F
Fusobacteriaceae,203492,family,F
Aristaeellaceae,3046368,family,F
Christensenellaceae,990719,family,F
Coprobacillaceae,2810280,family,F
Dehalococcoidaceae,1202464,family,F
Bifidobacteriaceae,31953,family,F
Akkermansiaceae,1647988,family,F
Cellulosilyticaceae,3018741,family,F
Anaerotignaceae,3118652,family,F
Acutalibacteraceae,3082771,family,F
Peptococcaceae,186807,family,F
Maliibacteriaceae,3047432,family,F
Anaerovoracaceae,3030910,family,F
Erysipelotrichaceae,128827,family,F
Streptococcaceae,1300,family,F
Gemellaceae,539738,family,F
Bacillaceae,186817,family,F
Actinomycetaceae,2049,family,F
Ilumatobacteraceae,2448023,family,F
Eggerthellaceae,1643826,family,F
Barnesiellaceae,2005519,family,F
Burkholderiaceae,119060,family,F
Pasteurellaceae,712,family,F
Desulfovibrionaceae,194924,family,F
Monoglobaceae,3085657,family,F
Micrococcaceae,1268,family,F
Coriobacteriaceae,84107,family,F
Carnobacteriaceae,186828,family,F
Atopobiaceae,1643824,family,F
Muribaculaceae,2005473,family,F
Cytophagaceae,89373,family,F
Oxalobacteraceae,75682,family,F
Candidatus Uabimicrobiaceae,2897348,family,F
Coraliomargaritaceae,3056371,family,F
Selenomonadaceae,1843491,family,F
Leptotrichiaceae,1129771,family,F
Gaopeijiaceae,3381668,family,F
Yersiniaceae,1903411,family,F
Morganellaceae,1903414,family,F
Chromatiaceae,1046,family,F
Nitrospiraceae,189779,family,F
Syntrophomonadaceae,68298,family,F
Synergistaceae,649777,family,F
Peptoniphilaceae,1570339,family,F
Porphyromonadaceae,171551,family,F
Chitinophagaceae,563835,family,F
Fibrobacteraceae,204431,family,F
Kiloniellaceae,597359,family,F
Rhodospirillaceae,41295,family,F
Vibrionaceae,641,family,F
Leptospiraceae,170,family,F
Staphylococcaceae,90964,family,F
Candidatus Nanopelagicaceae,2162846,family,F
Desulfurobacteriaceae,558314,family,F
Alcaligenaceae,506,family,F
Symbiobacteriaceae,543349,family,F
Anoxybacillaceae,3120669,family,F
Gottschalkiaceae,2042895,family,F
Caldilineaceae,475964,family,F
Dethiosulfovibrionaceae,3029088,family,F
Verrucomicrobiaceae,203557,family,F
Parvularculaceae,255474,family,F
Minwuiaceae,2493628,family,F
Sulfurimonadaceae,2771471,family,F
Proteinivoraceae,1491775,family,F
Conexibacteraceae,320583,family,F
Spiroplasmataceae,2131,family,F
Kosmotogaceae,1643948,family,F
Succinivibrionaceae,83763,family,F
Oscillatoriaceae,1892254,family,F
Comamonadaceae,80864,family,F
Sterolibacteriaceae,2008793,family,F
Lysobacteraceae,32033,family,F
Pseudomonadaceae,135621,family,F
Campylobacteraceae,72294,family,F
Metamycoplasmataceae,2895623,family,F
Rhodothermaceae,563843,family,F
Sedimenticolaceae,3067276,family,F
Parachlamydiaceae,92713,family,F
Lentisphaeraceae,566277,family,F
Methanobacteriaceae,2159,family,F
Rhodocyclaceae,75787,family,F
Candidatus Saccharimonadaceae,2171986,family,F
Vallitaleaceae,2603322,family,F
Dysgonomonadaceae,2005520,family,F
Erwiniaceae,1903409,family,F
Thermoactinomycetaceae,186824,family,F
Blattabacteriaceae,39782,family,F
Helicobacteraceae,72293,family,F
Desulfallaceae,2867375,family,F
Natranaerobiaceae,485255,family,F
Elusimicrobiaceae,641876,family,F
Desulfitobacteriaceae,2937909,family,F
Aerococcaceae,186827,family,F
Mycoplasmataceae,2092,family,F
Paenibacillaceae,186822,family,F
Desulfitibacteraceae,3039170,family,F
Gemmatimonadaceae,219687,family,F
Simkaniaceae,92712,family,F
Corynebacteriaceae,1653,family,F
Sphingobacteriaceae,84566,family,F
Aurantibacillaceae,3088888,family,F
Cerasicoccaceae,3056374,family,F
Nakamurellaceae,85031,family,F
Rubrobacteraceae,84997,family,F
Weeksellaceae,2762318,family,F
Sporomusaceae,1843490,family,F
Aquificaceae,64898,family,F
Planctomycetaceae,126,family,F
Bruguierivoracaceae,2812006,family,F
Pectobacteriaceae,1903410,family,F
Shewanellaceae,267890,family,F
Alteromonadaceae,72275,family,F
Pseudoalteromonadaceae,267888,family,F
Aeromonadaceae,84642,family,F
Moraxellaceae,468,family,F
Saccharospirillaceae,255527,family,F
Coxiellaceae,118968,family,F
Acholeplasmataceae,2146,family,F
Brachyspiraceae,143786,family,F
Streptomycetaceae,2062,family,F
Natronincolaceae,3118656,family,F
Rickettsiaceae,775,family,F
Vicinamibacteraceae,2211325,family,F
Thermaceae,188786,family,F
Acidobacteriaceae,204434,family,F
Sphingomonadaceae,41297,family,F
Hominidae,9604,family,F
Tenuifilaceae,2760872,family,F
Geminicoccaceae,2066434,family,F
Methylothermaceae,1486721,family,F
Tissierellaceae,1737406,family,F
Leadbetterellaceae,3141702,family,F
Melioribacteraceae,1334117,family,F
Pseudobdellovibrionaceae,213483,family,F
Nitrospinaceae,407032,family,F
Thalassospiraceae,2844866,family,F
Bernardetiaceae,1937968,family,F
Neisseriaceae,481,family,F
Hydrogenothermaceae,224027,family,F
Anaplasmataceae,942,family,F
Erythrobacteraceae,335929,family,F
Candidatus Izemoplasmataceae,2975520,family,F
Lawsonellaceae,2805586,family,F
Nocardiaceae,85025,family,F
Mucispirillaceae,2945020,family,F
Microcoleaceae,1892252,family,F
Eubacteriales,186802,order,O
Lachnospirales,3085636,order,O
Peptostreptococcales,3082720,order,O
Monoglobales,3085656,order,O
Erysipelotrichales,526525,order,O
Acidaminococcales,1843488,order,O
Veillonellales,1843489,order,O
Lactobacillales,186826,order,O
Bacillales,1385,order,O
Coriobacteriales,84999,order,O
Eggerthellales,1643822,order,O
Bifidobacteriales,85004,order,O
Actinomycetales,2037,order,O
Candidatus Nanopelagicales,2039638,order,O
Dehalococcoidales,1202465,order,O
Entomoplasmatales,186328,order,O
Bacteroidales,171549,order,O
Cytophagales,768507,order,O
Verrucomicrobiales,48461,order,O
Puniceicoccales,415001,order,O
Burkholderiales,80840,order,O
Enterobacterales,91347,order,O
Desulfurobacteriales,1485951,order,O
Micrococcales,85006,order,O
Acidimicrobiales,84993,order,O
Flavobacteriales,200644,order,O
Pasteurellales,135625,order,O
Christensenellales,3082768,order,O
Tissierellales,1737405,order,O
Caldilineales,475963,order,O
Selenomonadales,909929,order,O
Fusobacteriales,203491,order,O
Gaopeijiales,3381667,order,O
Chromatiales,135613,order,O
Desulfovibrionales,213115,order,O
Nitrospirales,189778,order,O
Synergistales,649776,order,O
Mycobacteriales,85007,order,O
Chitinophagales,1853229,order,O
Fibrobacterales,218872,order,O
Rhodospirillales,204441,order,O
Vibrionales,135623,order,O
Myxococcales,29,order,O
Leptospirales,1643688,order,O
Aeromonadales,135624,order,O
Parvularculales,255473,order,O
Minwuiales,2493627,order,O
Campylobacterales,213849,order,O
Solirubrobacterales,588673,order,O
Kosmotogales,1643946,order,O
Candidatus Uabimicrobiales,2897347,order,O
Parachlamydiales,1963360,order,O
Natranaerobiales,485256,order,O
Elusimicrobiales,641854,order,O
Mycoplasmatales,2085,order,O
Rhodothermales,1853224,order,O
Mycoplasmoidales,2790996,order,O
Lentisphaerales,278081,order,O
Pseudomonadales,72274,order,O
Methanobacteriales,2158,order,O
Oscillatoriales,1150,order,O
Nitrosomonadales,32003,order,O
Lysobacterales,135614,order,O
Rhodocyclales,206389,order,O
Candidatus Saccharimonadales,2093825,order,O
Planctomycetales,112,order,O
Rubrobacterales,84996,order,O
Acholeplasmatales,186329,order,O
Alteromonadales,135622,order,O
Moraxellales,2887326,order,O
Oceanospirillales,135619,order,O
Legionellales,118969,order,O
Rickettsiales,766,order,O
Gemmatimonadales,219686,order,O
Sphingobacteriales,200666,order,O
Moorellales,3039167,order,O
Aquificales,32069,order,O
Nakamurellales,1643684,order,O
Sphingomonadales,204457,order,O
Primates,9443,order,O
Terriglobales,204433,order,O
Brachyspirales,1643686,order,O
Kitasatosporales,85011,order,O
Vicinamibacterales,2910145,order,O
Thermales,68933,order,O
Nitrospinales,1293499,order,O
Ignavibacteriales,795748,order,O
Bdellovibrionales,213481,order,O
Neisseriales,206351,order,O
Geminicoccales,3108222,order,O
Hyphomicrobiales,356,order,O
Methylococcales,135618,order,O
Candidatus Izemoplasmatales,2975519,order,O
Deferribacterales,191393,order,O
Bacteroidia,200643,class,C
Flavobacteriia,117743,class,C
Betaproteobacteria,28216,class,C
Gammaproteobacteria,1236,class,C
Verrucomicrobiia,203494,class,C
Clostridia,186801,class,C
Negativicutes,909932,class,C
Bacilli,91061,class,C
Erysipelotrichia,526524,class,C
Actinomycetes,1760,class,C
Fusobacteriia,203490,class,C
Synergistia,649775,class,C
Coriobacteriia,84998,class,C
Dehalococcoidia,301297,class,C
Cytophagia,768503,class,C
Desulfovibrionia,3031449,class,C
Alphaproteobacteria,28211,class,C
Caldilineae,475962,class,C
Tissierellia,1737404,class,C
Acidimicrobiia,84992,class,C
Epsilonproteobacteria,3031852,class,C
Planctomycetia,203683,class,C
Myxococcia,32015,class,C
Sphingobacteriia,117747,class,C
Thermoleophilia,1497346,class,C
Mollicutes,31969,class,C
Opitutia,414999,class,C
Chlamydiia,204429,class,C
Deferribacteres,68337,class,C
Cyanophyceae,3028117,class,C
Gemmatimonadia,219685,class,C
Candidatus Uabimicrobiia,2897345,class,C
Methanobacteria,183925,class,C
Mammalia,40674,class,C
Candidatus Izimaplasma,1912503,class,C
Longimicrobiia,1804991,class,C
Fibrobacteria,204430,class,C
Aquificia,187857,class,C
Chitinophagia,1853228,class,C
Terriglobia,204432,class,C
Ignavibacteria,795747,class,C
Spirochaetia,203692,class,C
Rhodothermia,1853222,class,C
Bdellovibrionia,3031418,class,C
Nitrospinia,1293498,class,C
Lentisphaeria,1313211,class,C
Vicinamibacteria,1813735,class,C
Deinococci,188787,class,C
Rubrobacteria,84995,class,C
Candidatus Saccharimonadia,2093818,class,C
Elusimicrobia,641853,class,C
Thermotogae,188708,class,C
Nitrospiria,203693,class,C
Bacillota,1239,phylum,P
Actinomycetota,201174,phylum,P
Mycoplasmatota,544448,phylum,P
Chloroflexota,200795,phylum,P
Bacteroidota,976,phylum,P
Pseudomonadota,1224,phylum,P
Thermodesulfobacteriota,200940,phylum,P
Planctomycetota,203682,phylum,P
Aquificota,200783,phylum,P
Verrucomicrobiota,74201,phylum,P
Synergistota,508458,phylum,P
Fusobacteriota,32066,phylum,P
Myxococcota,2818505,phylum,P
Candidatus Saccharibacteria,95818,phylum,P
Campylobacterota,29547,phylum,P
Acidobacteriota,57723,phylum,P
Gemmatimonadota,142182,phylum,P
Chlamydiota,204428,phylum,P
Methanobacteriota,28890,phylum,P
Lentisphaerota,256845,phylum,P
Chordata,7711,phylum,P
Spirochaetota,203691,phylum,P
Deinococcota,1297,phylum,P
Fibrobacterota,65842,phylum,P
Nitrospirota,40117,phylum,P
Thermotogota,200918,phylum,P
Elusimicrobiota,74152,phylum,P
Rhodothermota,1853220,phylum,P
Cyanobacteriota,1117,phylum,P
Deferribacterota,200930,phylum,P
Ignavibacteriota,1134404,phylum,P
Bdellovibrionota,3018035,phylum,P
Nitrospinota,1293497,phylum,P
