SampleID,Category
ERR10295841,04_t2d_obesity_3
ERR10295842,04_t2d_obesity_3
ERR10295843,04_t2d_obesity_3
ERR10295844,04_t2d_obesity_3
ERR10295845,04_t2d_obesity_3
ERR10295846,04_t2d_obesity_3
ERR10295847,04_t2d_obesity_3
ERR10295848,04_t2d_obesity_3
ERR10295849,04_t2d_obesity_3
ERR10295851,04_t2d_obesity_3
ERR10295852,04_t2d_obesity_3
ERR10295853,04_t2d_obesity_3
ERR10295854,04_t2d_obesity_3
ERR10295855,04_t2d_obesity_3
ERR10295856,04_t2d_obesity_3
ERR10295857,04_t2d_obesity_3
ERR10295858,04_t2d_obesity_3
ERR10295859,04_t2d_obesity_3
ERR10295861,04_t2d_obesity_3
ERR10295862,04_t2d_obesity_3
ERR10295863,04_t2d_obesity_3
ERR10295864,04_t2d_obesity_3
ERR10295865,04_t2d_obesity_3
ERR10295866,04_t2d_obesity_3
ERR10295867,04_t2d_obesity_3
ERR10295868,04_t2d_obesity_3
ERR10295869,04_t2d_obesity_3
ERR10295871,04_t2d_obesity_3
ERR10295872,04_t2d_obesity_3
ERR10295873,04_t2d_obesity_3
SRR32947087,02_obesity_1
SRR32947123,02_obesity_1
SRR32947215,02_obesity_1
SRR32947270,02_obesity_1
SRR32947318,02_obesity_1
SRR32947327,02_obesity_1
SRR32947593,02_obesity_1
SRR32947710,02_obesity_1
SRR32947782,02_obesity_1
SRR32947845,02_obesity_1
SRR32947861,02_obesity_1
SRR32947955,02_obesity_1
SRR32947987,02_obesity_1
SRR32949294,02_obesity_1
SRR32949310,02_obesity_1
SRR32949368,02_obesity_1
SRR32949376,02_obesity_1
SRR32949439,02_obesity_1
SRR32949591,02_obesity_1
SRR32949771,02_obesity_1
SRR32949875,02_obesity_1
SRR32949909,02_obesity_1
SRR32949984,02_obesity_1
SRR32950009,02_obesity_1
SRR32950088,02_obesity_1
SRR32950214,02_obesity_1
SRR32950247,02_obesity_1
SRR32950284,02_obesity_1
SRR32953255,02_obesity_1
SRR32953297,02_obesity_1
SRR32953359,02_obesity_1
SRR32953499,02_obesity_1
SRR32953704,02_obesity_1
SRR32954119,02_obesity_1
SRR32954167,02_obesity_1
SRR32954177,02_obesity_1
SRR32954199,02_obesity_1
SRR32954209,02_obesity_1
SRR32954631,02_obesity_1
SRR32954864,02_obesity_1
SRR33578277,03_diabetic_2
SRR33578279,03_diabetic_2
SRR33578280,03_diabetic_2
SRR33578283,03_diabetic_2
SRR33578284,03_diabetic_2
SRR33578285,03_diabetic_2
SRR33578286,03_diabetic_2
SRR33578287,03_diabetic_2
SRR33578288,03_diabetic_2
SRR33578289,03_diabetic_2
SRR33578290,03_diabetic_2
SRR33578291,03_diabetic_2
SRR33578292,01_normal_2
SRR33578293,03_diabetic_2
SRR33578294,03_diabetic_2
SRR33578296,03_diabetic_2
SRR33578297,03_diabetic_2
SRR33578298,03_diabetic_2
SRR33578300,03_diabetic_2
SRR33578301,03_diabetic_2
SRR33578302,03_diabetic_2
SRR33578303,01_normal_2
SRR33578304,03_diabetic_2
SRR33578305,03_diabetic_2
SRR33578306,03_diabetic_2
SRR33578307,03_diabetic_2
SRR33578309,03_diabetic_2
SRR33578311,03_diabetic_2
SRR33578312,03_diabetic_2
SRR33578313,03_diabetic_2
SRR33578314,01_normal_2
SRR33578315,03_diabetic_2
SRR33578316,03_diabetic_2
SRR33578317,03_diabetic_2
SRR33578318,03_diabetic_2
SRR33578320,03_diabetic_2
SRR33578321,03_diabetic_2
SRR33578322,03_diabetic_2
SRR33578323,03_diabetic_2
SRR33578324,03_diabetic_2
SRR33578325,01_normal_2
SRR33578326,03_diabetic_2
SRR33578327,03_diabetic_2
SRR33578328,03_diabetic_2
SRR33578329,03_diabetic_2
SRR33578330,01_normal_2
SRR33578331,01_normal_2
SRR33578333,01_normal_2
SRR33578334,01_normal_2
SRR33578335,01_normal_2
SRR33578336,01_normal_2
SRR33578338,01_normal_2
SRR33578339,01_normal_2
SRR33578340,01_normal_2
SRR33578341,01_normal_2
SRR33578342,01_normal_2
SRR33578343,01_normal_2
SRR33578344,01_normal_2
SRR33578345,01_normal_2
SRR33578346,01_normal_2
SRR33578347,01_normal_2
SRR33578348,01_normal_2
SRR33578349,01_normal_2
SRR33578350,01_normal_2
SRR33578351,01_normal_2
SRR33578352,01_normal_2
SRR33578353,01_normal_2
SRR33578354,01_normal_2
SRR33578355,01_normal_2
SRR33578356,01_normal_2
SRR33578357,01_normal_2
SRR33578358,01_normal_2
SRR33578359,01_normal_2
SRR33578360,01_normal_2
SRR33578361,01_normal_2
SRR33578363,01_normal_2
SRR33578364,01_normal_2
SRR33578365,01_normal_2
SRR33578366,01_normal_2
SRR33578367,01_normal_2
SRR33578368,01_normal_2
SRR33578369,01_normal_2
