{
  "total_samples_processed": 152,
  "total_taxa_detected": {
    "species": 502,
    "genus": 333,
    "family": 166,
    "order": 94,
    "class": 53,
    "phylum": 33
  },
  "processing_details": {
    "species": {
      "samples": 152,
      "taxa": 502,
      "sample_srr_ids": [
        "ERR10295841",
        "ERR10295842",
        "ERR10295843",
        "ERR10295844",
        "ERR10295845",
        "ERR10295846",
        "ERR10295847",
        "ERR10295848",
        "ERR10295849",
        "ERR10295851",
        "ERR10295852",
        "ERR10295853",
        "ERR10295854",
        "ERR10295855",
        "ERR10295856",
        "ERR10295857",
        "ERR10295858",
        "ERR10295859",
        "ERR10295861",
        "ERR10295862",
        "ERR10295863",
        "ERR10295864",
        "ERR10295865",
        "ERR10295866",
        "ERR10295867",
        "ERR10295868",
        "ERR10295869",
        "ERR10295871",
        "ERR10295872",
        "ERR10295873",
        "SRR32947087",
        "SRR32947123",
        "SRR32947215",
        "SRR32947270",
        "SRR32947318",
        "SRR32947327",
        "SRR32947593",
        "SRR32947710",
        "SRR32947782",
        "SRR32947845",
        "SRR32947861",
        "SRR32947955",
        "SRR32947987",
        "SRR32949294",
        "SRR32949310",
        "SRR32949368",
        "SRR32949376",
        "SRR32949439",
        "SRR32949591",
        "SRR32949771",
        "SRR32949875",
        "SRR32949909",
        "SRR32949984",
        "SRR32950009",
        "SRR32950088",
        "SRR32950214",
        "SRR32950247",
        "SRR32950284",
        "SRR32953255",
        "SRR32953297",
        "SRR32953359",
        "SRR32953499",
        "SRR32953704",
        "SRR32954119",
        "SRR32954167",
        "SRR32954177",
        "SRR32954199",
        "SRR32954209",
        "SRR32954631",
        "SRR32954864",
        "SRR33578277",
        "SRR33578279",
        "SRR33578280",
        "SRR33578283",
        "SRR33578284",
        "SRR33578285",
        "SRR33578286",
        "SRR33578287",
        "SRR33578288",
        "SRR33578289",
        "SRR33578290",
        "SRR33578291",
        "SRR33578292",
        "SRR33578293",
        "SRR33578294",
        "SRR33578296",
        "SRR33578297",
        "SRR33578298",
        "SRR33578300",
        "SRR33578301",
        "SRR33578302",
        "SRR33578303",
        "SRR33578304",
        "SRR33578305",
        "SRR33578306",
        "SRR33578307",
        "SRR33578309",
        "SRR33578311",
        "SRR33578312",
        "SRR33578313",
        "SRR33578314",
        "SRR33578315",
        "SRR33578316",
        "SRR33578317",
        "SRR33578318",
        "SRR33578320",
        "SRR33578321",
        "SRR33578322",
        "SRR33578323",
        "SRR33578324",
        "SRR33578325",
        "SRR33578326",
        "SRR33578327",
        "SRR33578328",
        "SRR33578329",
        "SRR33578330",
        "SRR33578331",
        "SRR33578333",
        "SRR33578334",
        "SRR33578335",
        "SRR33578336",
        "SRR33578338",
        "SRR33578339",
        "SRR33578340",
        "SRR33578341",
        "SRR33578342",
        "SRR33578343",
        "SRR33578344",
        "SRR33578345",
        "SRR33578346",
        "SRR33578347",
        "SRR33578348",
        "SRR33578349",
        "SRR33578350",
        "SRR33578351",
        "SRR33578352",
        "SRR33578353",
        "SRR33578354",
        "SRR33578355",
        "SRR33578356",
        "SRR33578357",
        "SRR33578358",
        "SRR33578359",
        "SRR33578360",
        "SRR33578361",
        "SRR33578363",
        "SRR33578364",
        "SRR33578365",
        "SRR33578366",
        "SRR33578367",
        "SRR33578368",
        "SRR33578369"
      ]
    },
    "genus": {
      "samples": 152,
      "taxa": 333,
      "sample_srr_ids": [
        "ERR10295841",
        "ERR10295842",
        "ERR10295843",
        "ERR10295844",
        "ERR10295845",
        "ERR10295846",
        "ERR10295847",
        "ERR10295848",
        "ERR10295849",
        "ERR10295851",
        "ERR10295852",
        "ERR10295853",
        "ERR10295854",
        "ERR10295855",
        "ERR10295856",
        "ERR10295857",
        "ERR10295858",
        "ERR10295859",
        "ERR10295861",
        "ERR10295862",
        "ERR10295863",
        "ERR10295864",
        "ERR10295865",
        "ERR10295866",
        "ERR10295867",
        "ERR10295868",
        "ERR10295869",
        "ERR10295871",
        "ERR10295872",
        "ERR10295873",
        "SRR32947087",
        "SRR32947123",
        "SRR32947215",
        "SRR32947270",
        "SRR32947318",
        "SRR32947327",
        "SRR32947593",
        "SRR32947710",
        "SRR32947782",
        "SRR32947845",
        "SRR32947861",
        "SRR32947955",
        "SRR32947987",
        "SRR32949294",
        "SRR32949310",
        "SRR32949368",
        "SRR32949376",
        "SRR32949439",
        "SRR32949591",
        "SRR32949771",
        "SRR32949875",
        "SRR32949909",
        "SRR32949984",
        "SRR32950009",
        "SRR32950088",
        "SRR32950214",
        "SRR32950247",
        "SRR32950284",
        "SRR32953255",
        "SRR32953297",
        "SRR32953359",
        "SRR32953499",
        "SRR32953704",
        "SRR32954119",
        "SRR32954167",
        "SRR32954177",
        "SRR32954199",
        "SRR32954209",
        "SRR32954631",
        "SRR32954864",
        "SRR33578277",
        "SRR33578279",
        "SRR33578280",
        "SRR33578283",
        "SRR33578284",
        "SRR33578285",
        "SRR33578286",
        "SRR33578287",
        "SRR33578288",
        "SRR33578289",
        "SRR33578290",
        "SRR33578291",
        "SRR33578292",
        "SRR33578293",
        "SRR33578294",
        "SRR33578296",
        "SRR33578297",
        "SRR33578298",
        "SRR33578300",
        "SRR33578301",
        "SRR33578302",
        "SRR33578303",
        "SRR33578304",
        "SRR33578305",
        "SRR33578306",
        "SRR33578307",
        "SRR33578309",
        "SRR33578311",
        "SRR33578312",
        "SRR33578313",
        "SRR33578314",
        "SRR33578315",
        "SRR33578316",
        "SRR33578317",
        "SRR33578318",
        "SRR33578320",
        "SRR33578321",
        "SRR33578322",
        "SRR33578323",
        "SRR33578324",
        "SRR33578325",
        "SRR33578326",
        "SRR33578327",
        "SRR33578328",
        "SRR33578329",
        "SRR33578330",
        "SRR33578331",
        "SRR33578333",
        "SRR33578334",
        "SRR33578335",
        "SRR33578336",
        "SRR33578338",
        "SRR33578339",
        "SRR33578340",
        "SRR33578341",
        "SRR33578342",
        "SRR33578343",
        "SRR33578344",
        "SRR33578345",
        "SRR33578346",
        "SRR33578347",
        "SRR33578348",
        "SRR33578349",
        "SRR33578350",
        "SRR33578351",
        "SRR33578352",
        "SRR33578353",
        "SRR33578354",
        "SRR33578355",
        "SRR33578356",
        "SRR33578357",
        "SRR33578358",
        "SRR33578359",
        "SRR33578360",
        "SRR33578361",
        "SRR33578363",
        "SRR33578364",
        "SRR33578365",
        "SRR33578366",
        "SRR33578367",
        "SRR33578368",
        "SRR33578369"
      ]
    },
    "family": {
      "samples": 152,
      "taxa": 166,
      "sample_srr_ids": [
        "ERR10295841",
        "ERR10295842",
        "ERR10295843",
        "ERR10295844",
        "ERR10295845",
        "ERR10295846",
        "ERR10295847",
        "ERR10295848",
        "ERR10295849",
        "ERR10295851",
        "ERR10295852",
        "ERR10295853",
        "ERR10295854",
        "ERR10295855",
        "ERR10295856",
        "ERR10295857",
        "ERR10295858",
        "ERR10295859",
        "ERR10295861",
        "ERR10295862",
        "ERR10295863",
        "ERR10295864",
        "ERR10295865",
        "ERR10295866",
        "ERR10295867",
        "ERR10295868",
        "ERR10295869",
        "ERR10295871",
        "ERR10295872",
        "ERR10295873",
        "SRR32947087",
        "SRR32947123",
        "SRR32947215",
        "SRR32947270",
        "SRR32947318",
        "SRR32947327",
        "SRR32947593",
        "SRR32947710",
        "SRR32947782",
        "SRR32947845",
        "SRR32947861",
        "SRR32947955",
        "SRR32947987",
        "SRR32949294",
        "SRR32949310",
        "SRR32949368",
        "SRR32949376",
        "SRR32949439",
        "SRR32949591",
        "SRR32949771",
        "SRR32949875",
        "SRR32949909",
        "SRR32949984",
        "SRR32950009",
        "SRR32950088",
        "SRR32950214",
        "SRR32950247",
        "SRR32950284",
        "SRR32953255",
        "SRR32953297",
        "SRR32953359",
        "SRR32953499",
        "SRR32953704",
        "SRR32954119",
        "SRR32954167",
        "SRR32954177",
        "SRR32954199",
        "SRR32954209",
        "SRR32954631",
        "SRR32954864",
        "SRR33578277",
        "SRR33578279",
        "SRR33578280",
        "SRR33578283",
        "SRR33578284",
        "SRR33578285",
        "SRR33578286",
        "SRR33578287",
        "SRR33578288",
        "SRR33578289",
        "SRR33578290",
        "SRR33578291",
        "SRR33578292",
        "SRR33578293",
        "SRR33578294",
        "SRR33578296",
        "SRR33578297",
        "SRR33578298",
        "SRR33578300",
        "SRR33578301",
        "SRR33578302",
        "SRR33578303",
        "SRR33578304",
        "SRR33578305",
        "SRR33578306",
        "SRR33578307",
        "SRR33578309",
        "SRR33578311",
        "SRR33578312",
        "SRR33578313",
        "SRR33578314",
        "SRR33578315",
        "SRR33578316",
        "SRR33578317",
        "SRR33578318",
        "SRR33578320",
        "SRR33578321",
        "SRR33578322",
        "SRR33578323",
        "SRR33578324",
        "SRR33578325",
        "SRR33578326",
        "SRR33578327",
        "SRR33578328",
        "SRR33578329",
        "SRR33578330",
        "SRR33578331",
        "SRR33578333",
        "SRR33578334",
        "SRR33578335",
        "SRR33578336",
        "SRR33578338",
        "SRR33578339",
        "SRR33578340",
        "SRR33578341",
        "SRR33578342",
        "SRR33578343",
        "SRR33578344",
        "SRR33578345",
        "SRR33578346",
        "SRR33578347",
        "SRR33578348",
        "SRR33578349",
        "SRR33578350",
        "SRR33578351",
        "SRR33578352",
        "SRR33578353",
        "SRR33578354",
        "SRR33578355",
        "SRR33578356",
        "SRR33578357",
        "SRR33578358",
        "SRR33578359",
        "SRR33578360",
        "SRR33578361",
        "SRR33578363",
        "SRR33578364",
        "SRR33578365",
        "SRR33578366",
        "SRR33578367",
        "SRR33578368",
        "SRR33578369"
      ]
    },
    "order": {
      "samples": 152,
      "taxa": 94,
      "sample_srr_ids": [
        "ERR10295841",
        "ERR10295842",
        "ERR10295843",
        "ERR10295844",
        "ERR10295845",
        "ERR10295846",
        "ERR10295847",
        "ERR10295848",
        "ERR10295849",
        "ERR10295851",
        "ERR10295852",
        "ERR10295853",
        "ERR10295854",
        "ERR10295855",
        "ERR10295856",
        "ERR10295857",
        "ERR10295858",
        "ERR10295859",
        "ERR10295861",
        "ERR10295862",
        "ERR10295863",
        "ERR10295864",
        "ERR10295865",
        "ERR10295866",
        "ERR10295867",
        "ERR10295868",
        "ERR10295869",
        "ERR10295871",
        "ERR10295872",
        "ERR10295873",
        "SRR32947087",
        "SRR32947123",
        "SRR32947215",
        "SRR32947270",
        "SRR32947318",
        "SRR32947327",
        "SRR32947593",
        "SRR32947710",
        "SRR32947782",
        "SRR32947845",
        "SRR32947861",
        "SRR32947955",
        "SRR32947987",
        "SRR32949294",
        "SRR32949310",
        "SRR32949368",
        "SRR32949376",
        "SRR32949439",
        "SRR32949591",
        "SRR32949771",
        "SRR32949875",
        "SRR32949909",
        "SRR32949984",
        "SRR32950009",
        "SRR32950088",
        "SRR32950214",
        "SRR32950247",
        "SRR32950284",
        "SRR32953255",
        "SRR32953297",
        "SRR32953359",
        "SRR32953499",
        "SRR32953704",
        "SRR32954119",
        "SRR32954167",
        "SRR32954177",
        "SRR32954199",
        "SRR32954209",
        "SRR32954631",
        "SRR32954864",
        "SRR33578277",
        "SRR33578279",
        "SRR33578280",
        "SRR33578283",
        "SRR33578284",
        "SRR33578285",
        "SRR33578286",
        "SRR33578287",
        "SRR33578288",
        "SRR33578289",
        "SRR33578290",
        "SRR33578291",
        "SRR33578292",
        "SRR33578293",
        "SRR33578294",
        "SRR33578296",
        "SRR33578297",
        "SRR33578298",
        "SRR33578300",
        "SRR33578301",
        "SRR33578302",
        "SRR33578303",
        "SRR33578304",
        "SRR33578305",
        "SRR33578306",
        "SRR33578307",
        "SRR33578309",
        "SRR33578311",
        "SRR33578312",
        "SRR33578313",
        "SRR33578314",
        "SRR33578315",
        "SRR33578316",
        "SRR33578317",
        "SRR33578318",
        "SRR33578320",
        "SRR33578321",
        "SRR33578322",
        "SRR33578323",
        "SRR33578324",
        "SRR33578325",
        "SRR33578326",
        "SRR33578327",
        "SRR33578328",
        "SRR33578329",
        "SRR33578330",
        "SRR33578331",
        "SRR33578333",
        "SRR33578334",
        "SRR33578335",
        "SRR33578336",
        "SRR33578338",
        "SRR33578339",
        "SRR33578340",
        "SRR33578341",
        "SRR33578342",
        "SRR33578343",
        "SRR33578344",
        "SRR33578345",
        "SRR33578346",
        "SRR33578347",
        "SRR33578348",
        "SRR33578349",
        "SRR33578350",
        "SRR33578351",
        "SRR33578352",
        "SRR33578353",
        "SRR33578354",
        "SRR33578355",
        "SRR33578356",
        "SRR33578357",
        "SRR33578358",
        "SRR33578359",
        "SRR33578360",
        "SRR33578361",
        "SRR33578363",
        "SRR33578364",
        "SRR33578365",
        "SRR33578366",
        "SRR33578367",
        "SRR33578368",
        "SRR33578369"
      ]
    },
    "class": {
      "samples": 152,
      "taxa": 53,
      "sample_srr_ids": [
        "ERR10295841",
        "ERR10295842",
        "ERR10295843",
        "ERR10295844",
        "ERR10295845",
        "ERR10295846",
        "ERR10295847",
        "ERR10295848",
        "ERR10295849",
        "ERR10295851",
        "ERR10295852",
        "ERR10295853",
        "ERR10295854",
        "ERR10295855",
        "ERR10295856",
        "ERR10295857",
        "ERR10295858",
        "ERR10295859",
        "ERR10295861",
        "ERR10295862",
        "ERR10295863",
        "ERR10295864",
        "ERR10295865",
        "ERR10295866",
        "ERR10295867",
        "ERR10295868",
        "ERR10295869",
        "ERR10295871",
        "ERR10295872",
        "ERR10295873",
        "SRR32947087",
        "SRR32947123",
        "SRR32947215",
        "SRR32947270",
        "SRR32947318",
        "SRR32947327",
        "SRR32947593",
        "SRR32947710",
        "SRR32947782",
        "SRR32947845",
        "SRR32947861",
        "SRR32947955",
        "SRR32947987",
        "SRR32949294",
        "SRR32949310",
        "SRR32949368",
        "SRR32949376",
        "SRR32949439",
        "SRR32949591",
        "SRR32949771",
        "SRR32949875",
        "SRR32949909",
        "SRR32949984",
        "SRR32950009",
        "SRR32950088",
        "SRR32950214",
        "SRR32950247",
        "SRR32950284",
        "SRR32953255",
        "SRR32953297",
        "SRR32953359",
        "SRR32953499",
        "SRR32953704",
        "SRR32954119",
        "SRR32954167",
        "SRR32954177",
        "SRR32954199",
        "SRR32954209",
        "SRR32954631",
        "SRR32954864",
        "SRR33578277",
        "SRR33578279",
        "SRR33578280",
        "SRR33578283",
        "SRR33578284",
        "SRR33578285",
        "SRR33578286",
        "SRR33578287",
        "SRR33578288",
        "SRR33578289",
        "SRR33578290",
        "SRR33578291",
        "SRR33578292",
        "SRR33578293",
        "SRR33578294",
        "SRR33578296",
        "SRR33578297",
        "SRR33578298",
        "SRR33578300",
        "SRR33578301",
        "SRR33578302",
        "SRR33578303",
        "SRR33578304",
        "SRR33578305",
        "SRR33578306",
        "SRR33578307",
        "SRR33578309",
        "SRR33578311",
        "SRR33578312",
        "SRR33578313",
        "SRR33578314",
        "SRR33578315",
        "SRR33578316",
        "SRR33578317",
        "SRR33578318",
        "SRR33578320",
        "SRR33578321",
        "SRR33578322",
        "SRR33578323",
        "SRR33578324",
        "SRR33578325",
        "SRR33578326",
        "SRR33578327",
        "SRR33578328",
        "SRR33578329",
        "SRR33578330",
        "SRR33578331",
        "SRR33578333",
        "SRR33578334",
        "SRR33578335",
        "SRR33578336",
        "SRR33578338",
        "SRR33578339",
        "SRR33578340",
        "SRR33578341",
        "SRR33578342",
        "SRR33578343",
        "SRR33578344",
        "SRR33578345",
        "SRR33578346",
        "SRR33578347",
        "SRR33578348",
        "SRR33578349",
        "SRR33578350",
        "SRR33578351",
        "SRR33578352",
        "SRR33578353",
        "SRR33578354",
        "SRR33578355",
        "SRR33578356",
        "SRR33578357",
        "SRR33578358",
        "SRR33578359",
        "SRR33578360",
        "SRR33578361",
        "SRR33578363",
        "SRR33578364",
        "SRR33578365",
        "SRR33578366",
        "SRR33578367",
        "SRR33578368",
        "SRR33578369"
      ]
    },
    "phylum": {
      "samples": 152,
      "taxa": 33,
      "sample_srr_ids": [
        "ERR10295841",
        "ERR10295842",
        "ERR10295843",
        "ERR10295844",
        "ERR10295845",
        "ERR10295846",
        "ERR10295847",
        "ERR10295848",
        "ERR10295849",
        "ERR10295851",
        "ERR10295852",
        "ERR10295853",
        "ERR10295854",
        "ERR10295855",
        "ERR10295856",
        "ERR10295857",
        "ERR10295858",
        "ERR10295859",
        "ERR10295861",
        "ERR10295862",
        "ERR10295863",
        "ERR10295864",
        "ERR10295865",
        "ERR10295866",
        "ERR10295867",
        "ERR10295868",
        "ERR10295869",
        "ERR10295871",
        "ERR10295872",
        "ERR10295873",
        "SRR32947087",
        "SRR32947123",
        "SRR32947215",
        "SRR32947270",
        "SRR32947318",
        "SRR32947327",
        "SRR32947593",
        "SRR32947710",
        "SRR32947782",
        "SRR32947845",
        "SRR32947861",
        "SRR32947955",
        "SRR32947987",
        "SRR32949294",
        "SRR32949310",
        "SRR32949368",
        "SRR32949376",
        "SRR32949439",
        "SRR32949591",
        "SRR32949771",
        "SRR32949875",
        "SRR32949909",
        "SRR32949984",
        "SRR32950009",
        "SRR32950088",
        "SRR32950214",
        "SRR32950247",
        "SRR32950284",
        "SRR32953255",
        "SRR32953297",
        "SRR32953359",
        "SRR32953499",
        "SRR32953704",
        "SRR32954119",
        "SRR32954167",
        "SRR32954177",
        "SRR32954199",
        "SRR32954209",
        "SRR32954631",
        "SRR32954864",
        "SRR33578277",
        "SRR33578279",
        "SRR33578280",
        "SRR33578283",
        "SRR33578284",
        "SRR33578285",
        "SRR33578286",
        "SRR33578287",
        "SRR33578288",
        "SRR33578289",
        "SRR33578290",
        "SRR33578291",
        "SRR33578292",
        "SRR33578293",
        "SRR33578294",
        "SRR33578296",
        "SRR33578297",
        "SRR33578298",
        "SRR33578300",
        "SRR33578301",
        "SRR33578302",
        "SRR33578303",
        "SRR33578304",
        "SRR33578305",
        "SRR33578306",
        "SRR33578307",
        "SRR33578309",
        "SRR33578311",
        "SRR33578312",
        "SRR33578313",
        "SRR33578314",
        "SRR33578315",
        "SRR33578316",
        "SRR33578317",
        "SRR33578318",
        "SRR33578320",
        "SRR33578321",
        "SRR33578322",
        "SRR33578323",
        "SRR33578324",
        "SRR33578325",
        "SRR33578326",
        "SRR33578327",
        "SRR33578328",
        "SRR33578329",
        "SRR33578330",
        "SRR33578331",
        "SRR33578333",
        "SRR33578334",
        "SRR33578335",
        "SRR33578336",
        "SRR33578338",
        "SRR33578339",
        "SRR33578340",
        "SRR33578341",
        "SRR33578342",
        "SRR33578343",
        "SRR33578344",
        "SRR33578345",
        "SRR33578346",
        "SRR33578347",
        "SRR33578348",
        "SRR33578349",
        "SRR33578350",
        "SRR33578351",
        "SRR33578352",
        "SRR33578353",
        "SRR33578354",
        "SRR33578355",
        "SRR33578356",
        "SRR33578357",
        "SRR33578358",
        "SRR33578359",
        "SRR33578360",
        "SRR33578361",
        "SRR33578363",
        "SRR33578364",
        "SRR33578365",
        "SRR33578366",
        "SRR33578367",
        "SRR33578368",
        "SRR33578369"
      ]
    }
  }
}