Run,Assay Type,AvgSpotLen,Bases,BioProject,BioSample,BioSampleModel,Bytes,Center Name,Collection_Date,Consent,DATASTORE filetype,DATASTORE provider,DATASTORE region,Experiment,geo_loc_name_country,geo_loc_name_country_continent,geo_loc_name,HOST,Instrument,isolate,isolation_source,lat_lon,Library Name,LibraryLayout,LibrarySelection,LibrarySource,Organism,Platform,ReleaseDate,create_date,version,Sample Name,sample_type,SRA Study,strain
SRR33578277,AMPLICON,600,62022980,PRJNA1242518,SAMN47595378,Metagenome or environmental,44822620,KOOKMIN UNIVERSITY,not applicable,public,"fastq,run.zq,sra","gs,ncbi,s3","gs.us-east1,ncbi.public,s3.us-east-1",SRX28808346,South Korea,Asia,South Korea: Seoul,Homo sapiens,Illumina MiSeq,lbh3912,not applicable,missing,S96,PAIRED,PCR,METAGENOMIC,human gut metagenome,ILLUMINA,2025-05-15T00:00:00Z,2025-05-15T05:20:00Z,1,S96,Human feces,SRP585476,not applicable
SRR33578278,AMPLICON,600,67592083,PRJNA1242518,SAMN47595377,Metagenome or environmental,48807013,KOOKMIN UNIVERSITY,not applicable,public,"fastq,run.zq,sra","gs,ncbi,s3","gs.us-east1,ncbi.public,s3.us-east-1",SRX28808345,South Korea,Asia,South Korea: Seoul,Homo sapiens,Illumina MiSeq,lyl8362,not applicable,missing,S95,PAIRED,PCR,METAGENOMIC,human gut metagenome,ILLUMINA,2025-05-15T00:00:00Z,2025-05-15T05:20:00Z,1,S95,Human feces,SRP585476,not applicable
SRR33578279,AMPLICON,600,105446945,PRJNA1242518,SAMN47595376,Metagenome or environmental,76723425,KOOKMIN UNIVERSITY,not applicable,public,"fastq,run.zq,sra","gs,ncbi,s3","gs.us-east1,ncbi.public,s3.us-east-1",SRX28808344,South Korea,Asia,South Korea: Seoul,Homo sapiens,Illumina MiSeq,kkr 8296,not applicable,missing,S94,PAIRED,PCR,METAGENOMIC,human gut metagenome,ILLUMINA,2025-05-15T00:00:00Z,2025-05-15T05:21:00Z,1,S94,Human feces,SRP585476,not applicable
SRR33578280,AMPLICON,600,77530110,PRJNA1242518,SAMN47595375,Metagenome or environmental,56201126,KOOKMIN UNIVERSITY,not applicable,public,"fastq,run.zq,sra","gs,ncbi,s3","gs.us-east1,ncbi.public,s3.us-east-1",SRX28808343,South Korea,Asia,South Korea: Seoul,Homo sapiens,Illumina MiSeq,kmj 8332,not applicable,missing,S93,PAIRED,PCR,METAGENOMIC,human gut metagenome,ILLUMINA,2025-05-15T00:00:00Z,2025-05-15T05:21:00Z,1,S93,Human feces,SRP585476,not applicable
SRR33578281,AMPLICON,600,73050298,PRJNA1242518,SAMN47595294,Metagenome or environmental,53171177,KOOKMIN UNIVERSITY,not applicable,public,"fastq,run.zq,sra","gs,ncbi,s3","gs.us-east1,ncbi.public,s3.us-east-1",SRX28808342,South Korea,Asia,South Korea: Seoul,Homo sapiens,Illumina MiSeq,jmy2122,not applicable,missing,S12,PAIRED,PCR,METAGENOMIC,human gut metagenome,ILLUMINA,2025-05-15T00:00:00Z,2025-05-15T05:21:00Z,1,S12,Human feces,SRP585476,not applicable
SRR33578282,AMPLICON,600,88370228,PRJNA1242518,SAMN47595374,Metagenome or environmental,64288551,KOOKMIN UNIVERSITY,not applicable,public,"fastq,run.zq,sra","gs,ncbi,s3","gs.us-east1,ncbi.public,s3.us-east-1",SRX28808341,South Korea,Asia,South Korea: Seoul,Homo sapiens,Illumina MiSeq,KMS 7627,not applicable,missing,S92,PAIRED,PCR,METAGENOMIC,human gut metagenome,ILLUMINA,2025-05-15T00:00:00Z,2025-05-15T05:21:00Z,1,S92,Human feces,SRP585476,not applicable
SRR33578283,AMPLICON,600,95373149,PRJNA1242518,SAMN47595373,Metagenome or environmental,69122696,KOOKMIN UNIVERSITY,not applicable,public,"fastq,run.zq,sra","gs,ncbi,s3","gs.us-east1,ncbi.public,s3.us-east-1",SRX28808340,South Korea,Asia,South Korea: Seoul,Homo sapiens,Illumina MiSeq,KSO 6575,not applicable,missing,S91,PAIRED,PCR,METAGENOMIC,human gut metagenome,ILLUMINA,2025-05-15T00:00:00Z,2025-05-15T05:21:00Z,1,S91,Human feces,SRP585476,not applicable
SRR33578284,AMPLICON,600,61110469,PRJNA1242518,SAMN47595372,Metagenome or environmental,44424674,KOOKMIN UNIVERSITY,not applicable,public,"fastq,run.zq,sra","gs,ncbi,s3","gs.us-east1,ncbi.public,s3.us-east-1",SRX28808339,South Korea,Asia,South Korea: Seoul,Homo sapiens,Illumina MiSeq,PHS 0827,not applicable,missing,S90,PAIRED,PCR,METAGENOMIC,human gut metagenome,ILLUMINA,2025-05-15T00:00:00Z,2025-05-15T05:21:00Z,1,S90,Human feces,SRP585476,not applicable
SRR33578285,AMPLICON,600,79364131,PRJNA1242518,SAMN47595371,Metagenome or environmental,57763549,KOOKMIN UNIVERSITY,not applicable,public,"fastq,run.zq,sra","gs,ncbi,s3","gs.us-east1,ncbi.public,s3.us-east-1",SRX28808338,South Korea,Asia,South Korea: Seoul,Homo sapiens,Illumina MiSeq,kns 5620,not applicable,missing,S89,PAIRED,PCR,METAGENOMIC,human gut metagenome,ILLUMINA,2025-05-15T00:00:00Z,2025-05-15T05:20:00Z,1,S89,Human feces,SRP585476,not applicable
SRR33578286,AMPLICON,600,68065864,PRJNA1242518,SAMN47595370,Metagenome or environmental,49542168,KOOKMIN UNIVERSITY,not applicable,public,"fastq,run.zq,sra","gs,ncbi,s3","gs.us-east1,ncbi.public,s3.us-east-1",SRX28808337,South Korea,Asia,South Korea: Seoul,Homo sapiens,Illumina MiSeq,yjm 7531,not applicable,missing,S88,PAIRED,PCR,METAGENOMIC,human gut metagenome,ILLUMINA,2025-05-15T00:00:00Z,2025-05-15T05:21:00Z,1,S88,Human feces,SRP585476,not applicable
SRR33578287,AMPLICON,599,73083883,PRJNA1242518,SAMN47595369,Metagenome or environmental,52570041,KOOKMIN UNIVERSITY,not applicable,public,"fastq,run.zq,sra","gs,ncbi,s3","gs.us-east1,ncbi.public,s3.us-east-1",SRX28808336,South Korea,Asia,South Korea: Seoul,Homo sapiens,Illumina MiSeq,kys 2781,not applicable,missing,S87,PAIRED,PCR,METAGENOMIC,human gut metagenome,ILLUMINA,2025-05-15T00:00:00Z,2025-05-15T05:21:00Z,1,S87,Human feces,SRP585476,not applicable
SRR33578288,AMPLICON,600,230544063,PRJNA1242518,SAMN47595368,Metagenome or environmental,167310803,KOOKMIN UNIVERSITY,not applicable,public,"fastq,run.zq,sra","gs,ncbi,s3","gs.us-east1,ncbi.public,s3.us-east-1",SRX28808335,South Korea,Asia,South Korea: Seoul,Homo sapiens,Illumina MiSeq,kds 0484,not applicable,missing,S86,PAIRED,PCR,METAGENOMIC,human gut metagenome,ILLUMINA,2025-05-15T00:00:00Z,2025-05-15T05:21:00Z,1,S86,Human feces,SRP585476,not applicable
SRR33578289,AMPLICON,600,74856263,PRJNA1242518,SAMN47595367,Metagenome or environmental,54347051,KOOKMIN UNIVERSITY,not applicable,public,"fastq,run.zq,sra","gs,ncbi,s3","gs.us-east1,ncbi.public,s3.us-east-1",SRX28808334,South Korea,Asia,South Korea: Seoul,Homo sapiens,Illumina MiSeq,lmk 6003,not applicable,missing,S85,PAIRED,PCR,METAGENOMIC,human gut metagenome,ILLUMINA,2025-05-15T00:00:00Z,2025-05-15T05:20:00Z,1,S85,Human feces,SRP585476,not applicable
SRR33578290,AMPLICON,600,56229855,PRJNA1242518,SAMN47595366,Metagenome or environmental,40748295,KOOKMIN UNIVERSITY,not applicable,public,"fastq,run.zq,sra","gs,ncbi,s3","gs.us-east1,ncbi.public,s3.us-east-1",SRX28808333,South Korea,Asia,South Korea: Seoul,Homo sapiens,Illumina MiSeq,kma 9685,not applicable,missing,S84,PAIRED,PCR,METAGENOMIC,human gut metagenome,ILLUMINA,2025-05-15T00:00:00Z,2025-05-15T05:20:00Z,1,S84,Human feces,SRP585476,not applicable
SRR33578291,AMPLICON,600,70941896,PRJNA1242518,SAMN47595365,Metagenome or environmental,51424579,KOOKMIN UNIVERSITY,not applicable,public,"fastq,run.zq,sra","gs,ncbi,s3","gs.us-east1,ncbi.public,s3.us-east-1",SRX28808332,South Korea,Asia,South Korea: Seoul,Homo sapiens,Illumina MiSeq,kky 3448,not applicable,missing,S83,PAIRED,PCR,METAGENOMIC,human gut metagenome,ILLUMINA,2025-05-15T00:00:00Z,2025-05-15T05:21:00Z,1,S83,Human feces,SRP585476,not applicable
SRR33578292,AMPLICON,601,86733741,PRJNA1242518,SAMN47595293,Metagenome or environmental,63209228,KOOKMIN UNIVERSITY,not applicable,public,"fastq,run.zq,sra","gs,ncbi,s3","gs.us-east1,ncbi.public,s3.us-east-1",SRX28808331,South Korea,Asia,South Korea: Seoul,Homo sapiens,Illumina MiSeq,kjs8172,not applicable,missing,S11,PAIRED,PCR,METAGENOMIC,human gut metagenome,ILLUMINA,2025-05-15T00:00:00Z,2025-05-15T05:20:00Z,1,S11,Human feces,SRP585476,not applicable
SRR33578293,AMPLICON,600,71740947,PRJNA1242518,SAMN47595364,Metagenome or environmental,51577361,KOOKMIN UNIVERSITY,not applicable,public,"fastq,run.zq,sra","gs,ncbi,s3","gs.us-east1,ncbi.public,s3.us-east-1",SRX28808330,South Korea,Asia,South Korea: Seoul,Homo sapiens,Illumina MiSeq,kjy 4619,not applicable,missing,S82,PAIRED,PCR,METAGENOMIC,human gut metagenome,ILLUMINA,2025-05-15T00:00:00Z,2025-05-15T05:21:00Z,1,S82,Human feces,SRP585476,not applicable
SRR33578294,AMPLICON,600,69920508,PRJNA1242518,SAMN47595363,Metagenome or environmental,50148719,KOOKMIN UNIVERSITY,not applicable,public,"fastq,run.zq,sra","gs,ncbi,s3","gs.us-east1,ncbi.public,s3.us-east-1",SRX28808329,South Korea,Asia,South Korea: Seoul,Homo sapiens,Illumina MiSeq,kig 1128,not applicable,missing,S81,PAIRED,PCR,METAGENOMIC,human gut metagenome,ILLUMINA,2025-05-15T00:00:00Z,2025-05-15T05:20:00Z,1,S81,Human feces,SRP585476,not applicable
SRR33578295,AMPLICON,600,66934018,PRJNA1242518,SAMN47595362,Metagenome or environmental,48353748,KOOKMIN UNIVERSITY,not applicable,public,"fastq,run.zq,sra","gs,ncbi,s3","gs.us-east1,ncbi.public,s3.us-east-1",SRX28808328,South Korea,Asia,South Korea: Seoul,Homo sapiens,Illumina MiSeq,kjc 3719,not applicable,missing,S80,PAIRED,PCR,METAGENOMIC,human gut metagenome,ILLUMINA,2025-05-15T00:00:00Z,2025-05-15T05:21:00Z,1,S80,Human feces,SRP585476,not applicable
SRR33578296,AMPLICON,600,69858008,PRJNA1242518,SAMN47595361,Metagenome or environmental,50896400,KOOKMIN UNIVERSITY,not applicable,public,"fastq,run.zq,sra","gs,ncbi,s3","gs.us-east1,ncbi.public,s3.us-east-1",SRX28808327,South Korea,Asia,South Korea: Seoul,Homo sapiens,Illumina MiSeq,ujy 7370,not applicable,missing,S79,PAIRED,PCR,METAGENOMIC,human gut metagenome,ILLUMINA,2025-05-15T00:00:00Z,2025-05-15T05:20:00Z,1,S79,Human feces,SRP585476,not applicable
SRR33578297,AMPLICON,600,69821807,PRJNA1242518,SAMN47595360,Metagenome or environmental,51129007,KOOKMIN UNIVERSITY,not applicable,public,"fastq,run.zq,sra","gs,ncbi,s3","gs.us-east1,ncbi.public,s3.us-east-1",SRX28808326,South Korea,Asia,South Korea: Seoul,Homo sapiens,Illumina MiSeq,ojs 8036,not applicable,missing,S78,PAIRED,PCR,METAGENOMIC,human gut metagenome,ILLUMINA,2025-05-15T00:00:00Z,2025-05-15T05:20:00Z,1,S78,Human feces,SRP585476,not applicable
SRR33578298,AMPLICON,600,88511581,PRJNA1242518,SAMN47595359,Metagenome or environmental,64318573,KOOKMIN UNIVERSITY,not applicable,public,"fastq,run.zq,sra","gs,ncbi,s3","gs.us-east1,ncbi.public,s3.us-east-1",SRX28808325,South Korea,Asia,South Korea: Seoul,Homo sapiens,Illumina MiSeq,uks 3323,not applicable,missing,S77,PAIRED,PCR,METAGENOMIC,human gut metagenome,ILLUMINA,2025-05-15T00:00:00Z,2025-05-15T05:21:00Z,1,S77,Human feces,SRP585476,not applicable
SRR33578299,AMPLICON,599,87704128,PRJNA1242518,SAMN47595358,Metagenome or environmental,63928358,KOOKMIN UNIVERSITY,not applicable,public,"fastq,run.zq,sra","gs,ncbi,s3","gs.us-east1,ncbi.public,s3.us-east-1",SRX28808324,South Korea,Asia,South Korea: Seoul,Homo sapiens,Illumina MiSeq,pss 2664,not applicable,missing,S76,PAIRED,PCR,METAGENOMIC,human gut metagenome,ILLUMINA,2025-05-15T00:00:00Z,2025-05-15T05:21:00Z,1,S76,Human feces,SRP585476,not applicable
SRR33578300,AMPLICON,599,64972643,PRJNA1242518,SAMN47595357,Metagenome or environmental,47535679,KOOKMIN UNIVERSITY,not applicable,public,"fastq,run.zq,sra","gs,ncbi,s3","gs.us-east1,ncbi.public,s3.us-east-1",SRX28808323,South Korea,Asia,South Korea: Seoul,Homo sapiens,Illumina MiSeq,ejy 8748,not applicable,missing,S75,PAIRED,PCR,METAGENOMIC,human gut metagenome,ILLUMINA,2025-05-15T00:00:00Z,2025-05-15T05:21:00Z,1,S75,Human feces,SRP585476,not applicable
SRR33578301,AMPLICON,598,96330689,PRJNA1242518,SAMN47595356,Metagenome or environmental,69591029,KOOKMIN UNIVERSITY,not applicable,public,"fastq,run.zq,sra","gs,ncbi,s3","gs.us-east1,ncbi.public,s3.us-east-1",SRX28808322,South Korea,Asia,South Korea: Seoul,Homo sapiens,Illumina MiSeq,jis 2220,not applicable,missing,S74,PAIRED,PCR,METAGENOMIC,human gut metagenome,ILLUMINA,2025-05-15T00:00:00Z,2025-05-15T05:21:00Z,1,S74,Human feces,SRP585476,not applicable
SRR33578302,AMPLICON,600,78665886,PRJNA1242518,SAMN47595355,Metagenome or environmental,56698695,KOOKMIN UNIVERSITY,not applicable,public,"fastq,run.zq,sra","gs,ncbi,s3","gs.us-east1,ncbi.public,s3.us-east-1",SRX28808321,South Korea,Asia,South Korea: Seoul,Homo sapiens,Illumina MiSeq,psh 8229,not applicable,missing,S73,PAIRED,PCR,METAGENOMIC,human gut metagenome,ILLUMINA,2025-05-15T00:00:00Z,2025-05-15T05:21:00Z,1,S73,Human feces,SRP585476,not applicable
SRR33578303,AMPLICON,600,63925268,PRJNA1242518,SAMN47595292,Metagenome or environmental,46078053,KOOKMIN UNIVERSITY,not applicable,public,"fastq,run.zq,sra","gs,ncbi,s3","gs.us-east1,ncbi.public,s3.us-east-1",SRX28808320,South Korea,Asia,South Korea: Seoul,Homo sapiens,Illumina MiSeq,jgj5058,not applicable,missing,S10,PAIRED,PCR,METAGENOMIC,human gut metagenome,ILLUMINA,2025-05-15T00:00:00Z,2025-05-15T05:21:00Z,1,S10,Human feces,SRP585476,not applicable
SRR33578304,AMPLICON,600,68346206,PRJNA1242518,SAMN47595354,Metagenome or environmental,49725429,KOOKMIN UNIVERSITY,not applicable,public,"fastq,run.zq,sra","gs,ncbi,s3","gs.us-east1,ncbi.public,s3.us-east-1",SRX28808319,South Korea,Asia,South Korea: Seoul,Homo sapiens,Illumina MiSeq,bjc 8104,not applicable,missing,S72,PAIRED,PCR,METAGENOMIC,human gut metagenome,ILLUMINA,2025-05-15T00:00:00Z,2025-05-15T05:20:00Z,1,S72,Human feces,SRP585476,not applicable
SRR33578305,AMPLICON,600,78055548,PRJNA1242518,SAMN47595353,Metagenome or environmental,56431095,KOOKMIN UNIVERSITY,not applicable,public,"fastq,run.zq,sra","gs,ncbi,s3","gs.us-east1,ncbi.public,s3.us-east-1",SRX28808318,South Korea,Asia,South Korea: Seoul,Homo sapiens,Illumina MiSeq,ksh 9661,not applicable,missing,S71,PAIRED,PCR,METAGENOMIC,human gut metagenome,ILLUMINA,2025-05-15T00:00:00Z,2025-05-15T05:21:00Z,1,S71,Human feces,SRP585476,not applicable
SRR33578306,AMPLICON,599,78578600,PRJNA1242518,SAMN47595352,Metagenome or environmental,57319303,KOOKMIN UNIVERSITY,not applicable,public,"fastq,run.zq,sra","gs,ncbi,s3","gs.us-east1,ncbi.public,s3.us-east-1",SRX28808317,South Korea,Asia,South Korea: Seoul,Homo sapiens,Illumina MiSeq,kkb 7223,not applicable,missing,S70,PAIRED,PCR,METAGENOMIC,human gut metagenome,ILLUMINA,2025-05-15T00:00:00Z,2025-05-15T05:20:00Z,1,S70,Human feces,SRP585476,not applicable
SRR33578307,AMPLICON,600,97966525,PRJNA1242518,SAMN47595351,Metagenome or environmental,71599852,KOOKMIN UNIVERSITY,not applicable,public,"fastq,run.zq,sra","gs,ncbi,s3","gs.us-east1,ncbi.public,s3.us-east-1",SRX28808316,South Korea,Asia,South Korea: Seoul,Homo sapiens,Illumina MiSeq,kjh 5005,not applicable,missing,S69,PAIRED,PCR,METAGENOMIC,human gut metagenome,ILLUMINA,2025-05-15T00:00:00Z,2025-05-15T05:20:00Z,1,S69,Human feces,SRP585476,not applicable
SRR33578308,AMPLICON,599,107134573,PRJNA1242518,SAMN47595350,Metagenome or environmental,77788208,KOOKMIN UNIVERSITY,not applicable,public,"fastq,run.zq,sra","gs,ncbi,s3","gs.us-east1,ncbi.public,s3.us-east-1",SRX28808315,South Korea,Asia,South Korea: Seoul,Homo sapiens,Illumina MiSeq,phs 3636,not applicable,missing,S68,PAIRED,PCR,METAGENOMIC,human gut metagenome,ILLUMINA,2025-05-15T00:00:00Z,2025-05-15T05:21:00Z,1,S68,Human feces,SRP585476,not applicable
SRR33578309,AMPLICON,600,72318507,PRJNA1242518,SAMN47595349,Metagenome or environmental,52297045,KOOKMIN UNIVERSITY,not applicable,public,"fastq,run.zq,sra","gs,ncbi,s3","gs.us-east1,ncbi.public,s3.us-east-1",SRX28808314,South Korea,Asia,South Korea: Seoul,Homo sapiens,Illumina MiSeq,udg 2881,not applicable,missing,S67,PAIRED,PCR,METAGENOMIC,human gut metagenome,ILLUMINA,2025-05-15T00:00:00Z,2025-05-15T05:21:00Z,1,S67,Human feces,SRP585476,not applicable
SRR33578310,AMPLICON,600,65446663,PRJNA1242518,SAMN47595348,Metagenome or environmental,47231214,KOOKMIN UNIVERSITY,not applicable,public,"fastq,run.zq,sra","gs,ncbi,s3","gs.us-east1,ncbi.public,s3.us-east-1",SRX28808313,South Korea,Asia,South Korea: Seoul,Homo sapiens,Illumina MiSeq,who 1097,not applicable,missing,S66,PAIRED,PCR,METAGENOMIC,human gut metagenome,ILLUMINA,2025-05-15T00:00:00Z,2025-05-15T05:21:00Z,1,S66,Human feces,SRP585476,not applicable
SRR33578311,AMPLICON,600,80646006,PRJNA1242518,SAMN47595347,Metagenome or environmental,57696269,KOOKMIN UNIVERSITY,not applicable,public,"fastq,run.zq,sra","gs,ncbi,s3","gs.us-east1,ncbi.public,s3.us-east-1",SRX28808312,South Korea,Asia,South Korea: Seoul,Homo sapiens,Illumina MiSeq,ksl 7463,not applicable,missing,S65,PAIRED,PCR,METAGENOMIC,human gut metagenome,ILLUMINA,2025-05-15T00:00:00Z,2025-05-15T05:21:00Z,1,S65,Human feces,SRP585476,not applicable
SRR33578312,AMPLICON,600,51754005,PRJNA1242518,SAMN47595346,Metagenome or environmental,37263784,KOOKMIN UNIVERSITY,not applicable,public,"fastq,run.zq,sra","gs,ncbi,s3","gs.us-east1,ncbi.public,s3.us-east-1",SRX28808311,South Korea,Asia,South Korea: Seoul,Homo sapiens,Illumina MiSeq,khc 0195,not applicable,missing,S64,PAIRED,PCR,METAGENOMIC,human gut metagenome,ILLUMINA,2025-05-15T00:00:00Z,2025-05-15T05:21:00Z,1,S64,Human feces,SRP585476,not applicable
SRR33578313,AMPLICON,600,56468057,PRJNA1242518,SAMN47595345,Metagenome or environmental,40702349,KOOKMIN UNIVERSITY,not applicable,public,"fastq,run.zq,sra","gs,ncbi,s3","gs.us-east1,ncbi.public,s3.us-east-1",SRX28808310,South Korea,Asia,South Korea: Seoul,Homo sapiens,Illumina MiSeq,ybh 7281,not applicable,missing,S63,PAIRED,PCR,METAGENOMIC,human gut metagenome,ILLUMINA,2025-05-15T00:00:00Z,2025-05-15T05:20:00Z,1,S63,Human feces,SRP585476,not applicable
SRR33578314,AMPLICON,600,42806799,PRJNA1242518,SAMN47595291,Metagenome or environmental,30977580,KOOKMIN UNIVERSITY,not applicable,public,"fastq,run.zq,sra","gs,ncbi,s3","gs.us-east1,ncbi.public,s3.us-east-1",SRX28808309,South Korea,Asia,South Korea: Seoul,Homo sapiens,Illumina MiSeq,hsc6343,not applicable,missing,S08,PAIRED,PCR,METAGENOMIC,human gut metagenome,ILLUMINA,2025-05-15T00:00:00Z,2025-05-15T05:20:00Z,1,S08,Human feces,SRP585476,not applicable
SRR33578315,AMPLICON,600,68453148,PRJNA1242518,SAMN47595344,Metagenome or environmental,49861139,KOOKMIN UNIVERSITY,not applicable,public,"fastq,run.zq,sra","gs,ncbi,s3","gs.us-east1,ncbi.public,s3.us-east-1",SRX28808308,South Korea,Asia,South Korea: Seoul,Homo sapiens,Illumina MiSeq,jbg 2701,not applicable,missing,S62,PAIRED,PCR,METAGENOMIC,human gut metagenome,ILLUMINA,2025-05-15T00:00:00Z,2025-05-15T05:21:00Z,1,S62,Human feces,SRP585476,not applicable
SRR33578316,AMPLICON,600,71106728,PRJNA1242518,SAMN47595343,Metagenome or environmental,51211556,KOOKMIN UNIVERSITY,not applicable,public,"fastq,run.zq,sra","gs,ncbi,s3","gs.us-east1,ncbi.public,s3.us-east-1",SRX28808307,South Korea,Asia,South Korea: Seoul,Homo sapiens,Illumina MiSeq,sdw 6496,not applicable,missing,S61,PAIRED,PCR,METAGENOMIC,human gut metagenome,ILLUMINA,2025-05-15T00:00:00Z,2025-05-15T05:21:00Z,1,S61,Human feces,SRP585476,not applicable
SRR33578317,AMPLICON,600,47921594,PRJNA1242518,SAMN47595342,Metagenome or environmental,34729618,KOOKMIN UNIVERSITY,not applicable,public,"fastq,run.zq,sra","gs,ncbi,s3","gs.us-east1,ncbi.public,s3.us-east-1",SRX28808306,South Korea,Asia,South Korea: Seoul,Homo sapiens,Illumina MiSeq,ckh 7508,not applicable,missing,S60,PAIRED,PCR,METAGENOMIC,human gut metagenome,ILLUMINA,2025-05-15T00:00:00Z,2025-05-15T05:20:00Z,1,S60,Human feces,SRP585476,not applicable
SRR33578318,AMPLICON,600,76457466,PRJNA1242518,SAMN47595341,Metagenome or environmental,55530956,KOOKMIN UNIVERSITY,not applicable,public,"fastq,run.zq,sra","gs,ncbi,s3","gs.us-east1,ncbi.public,s3.us-east-1",SRX28808305,South Korea,Asia,South Korea: Seoul,Homo sapiens,Illumina MiSeq,ksy 0885,not applicable,missing,S59,PAIRED,PCR,METAGENOMIC,human gut metagenome,ILLUMINA,2025-05-15T00:00:00Z,2025-05-15T05:20:00Z,1,S59,Human feces,SRP585476,not applicable
SRR33578319,AMPLICON,600,62452995,PRJNA1242518,SAMN47595340,Metagenome or environmental,44956071,KOOKMIN UNIVERSITY,not applicable,public,"fastq,run.zq,sra","gs,ncbi,s3","gs.us-east1,ncbi.public,s3.us-east-1",SRX28808304,South Korea,Asia,South Korea: Seoul,Homo sapiens,Illumina MiSeq,kjr 2931,not applicable,missing,S58,PAIRED,PCR,METAGENOMIC,human gut metagenome,ILLUMINA,2025-05-15T00:00:00Z,2025-05-15T05:21:00Z,1,S58,Human feces,SRP585476,not applicable
SRR33578320,AMPLICON,600,67881687,PRJNA1242518,SAMN47595339,Metagenome or environmental,48672096,KOOKMIN UNIVERSITY,not applicable,public,"fastq,run.zq,sra","gs,ncbi,s3","gs.us-east1,ncbi.public,s3.us-east-1",SRX28808303,South Korea,Asia,South Korea: Seoul,Homo sapiens,Illumina MiSeq,kkj 9565,not applicable,missing,S57,PAIRED,PCR,METAGENOMIC,human gut metagenome,ILLUMINA,2025-05-15T00:00:00Z,2025-05-15T05:21:00Z,1,S57,Human feces,SRP585476,not applicable
SRR33578321,AMPLICON,600,60384938,PRJNA1242518,SAMN47595338,Metagenome or environmental,43489270,KOOKMIN UNIVERSITY,not applicable,public,"fastq,run.zq,sra","gs,ncbi,s3","gs.us-east1,ncbi.public,s3.us-east-1",SRX28808302,South Korea,Asia,South Korea: Seoul,Homo sapiens,Illumina MiSeq,knj 1111,not applicable,missing,S56,PAIRED,PCR,METAGENOMIC,human gut metagenome,ILLUMINA,2025-05-15T00:00:00Z,2025-05-15T05:21:00Z,1,S56,Human feces,SRP585476,not applicable
SRR33578322,AMPLICON,600,56686703,PRJNA1242518,SAMN47595337,Metagenome or environmental,40626266,KOOKMIN UNIVERSITY,not applicable,public,"fastq,run.zq,sra","gs,ncbi,s3","gs.us-east1,ncbi.public,s3.us-east-1",SRX28808301,South Korea,Asia,South Korea: Seoul,Homo sapiens,Illumina MiSeq,sjj 5604,not applicable,missing,S55,PAIRED,PCR,METAGENOMIC,human gut metagenome,ILLUMINA,2025-05-15T00:00:00Z,2025-05-15T05:21:00Z,1,S55,Human feces,SRP585476,not applicable
SRR33578323,AMPLICON,599,82846579,PRJNA1242518,SAMN47595336,Metagenome or environmental,60008284,KOOKMIN UNIVERSITY,not applicable,public,"fastq,run.zq,sra","gs,ncbi,s3","gs.us-east1,ncbi.public,s3.us-east-1",SRX28808300,South Korea,Asia,South Korea: Seoul,Homo sapiens,Illumina MiSeq,cwj 7550,not applicable,missing,S54,PAIRED,PCR,METAGENOMIC,human gut metagenome,ILLUMINA,2025-05-15T00:00:00Z,2025-05-15T05:21:00Z,1,S54,Human feces,SRP585476,not applicable
SRR33578324,AMPLICON,600,75925353,PRJNA1242518,SAMN47595335,Metagenome or environmental,54815614,KOOKMIN UNIVERSITY,not applicable,public,"fastq,run.zq,sra","gs,ncbi,s3","gs.us-east1,ncbi.public,s3.us-east-1",SRX28808299,South Korea,Asia,South Korea: Seoul,Homo sapiens,Illumina MiSeq,jsk 3133,not applicable,missing,S53,PAIRED,PCR,METAGENOMIC,human gut metagenome,ILLUMINA,2025-05-15T00:00:00Z,2025-05-15T05:21:00Z,1,S53,Human feces,SRP585476,not applicable
SRR33578325,AMPLICON,600,54331130,PRJNA1242518,SAMN47595290,Metagenome or environmental,39709877,KOOKMIN UNIVERSITY,not applicable,public,"fastq,run.zq,sra","gs,ncbi,s3","gs.us-east1,ncbi.public,s3.us-east-1",SRX28808298,South Korea,Asia,South Korea: Seoul,Homo sapiens,Illumina MiSeq,lyn5638,not applicable,missing,S06,PAIRED,PCR,METAGENOMIC,human gut metagenome,ILLUMINA,2025-05-15T00:00:00Z,2025-05-15T05:20:00Z,1,S06,Human feces,SRP585476,not applicable
SRR33578326,AMPLICON,599,150282521,PRJNA1242518,SAMN47595334,Metagenome or environmental,108741149,KOOKMIN UNIVERSITY,not applicable,public,"fastq,run.zq,sra","gs,ncbi,s3","gs.us-east1,ncbi.public,s3.us-east-1",SRX28808297,South Korea,Asia,South Korea: Seoul,Homo sapiens,Illumina MiSeq,jms 3899,not applicable,missing,S52,PAIRED,PCR,METAGENOMIC,human gut metagenome,ILLUMINA,2025-05-15T00:00:00Z,2025-05-15T05:21:00Z,1,S52,Human feces,SRP585476,not applicable
SRR33578327,AMPLICON,600,71845510,PRJNA1242518,SAMN47595333,Metagenome or environmental,51631068,KOOKMIN UNIVERSITY,not applicable,public,"fastq,run.zq,sra","gs,ncbi,s3","gs.us-east1,ncbi.public,s3.us-east-1",SRX28808296,South Korea,Asia,South Korea: Seoul,Homo sapiens,Illumina MiSeq,kdw 3780,not applicable,missing,S51,PAIRED,PCR,METAGENOMIC,human gut metagenome,ILLUMINA,2025-05-15T00:00:00Z,2025-05-15T05:21:00Z,1,S51,Human feces,SRP585476,not applicable
SRR33578328,AMPLICON,600,92540858,PRJNA1242518,SAMN47595332,Metagenome or environmental,66847533,KOOKMIN UNIVERSITY,not applicable,public,"fastq,run.zq,sra","gs,ncbi,s3","gs.us-east1,ncbi.public,s3.us-east-1",SRX28808295,South Korea,Asia,South Korea: Seoul,Homo sapiens,Illumina MiSeq,bsj 1604,not applicable,missing,S50,PAIRED,PCR,METAGENOMIC,human gut metagenome,ILLUMINA,2025-05-15T00:00:00Z,2025-05-15T05:21:00Z,1,S50,Human feces,SRP585476,not applicable
SRR33578329,AMPLICON,600,77014384,PRJNA1242518,SAMN47595331,Metagenome or environmental,55362200,KOOKMIN UNIVERSITY,not applicable,public,"fastq,run.zq,sra","gs,ncbi,s3","gs.us-east1,ncbi.public,s3.us-east-1",SRX28808294,South Korea,Asia,South Korea: Seoul,Homo sapiens,Illumina MiSeq,kdy 7353,not applicable,missing,S49,PAIRED,PCR,METAGENOMIC,human gut metagenome,ILLUMINA,2025-05-15T00:00:00Z,2025-05-15T05:21:00Z,1,S49,Human feces,SRP585476,not applicable
SRR33578330,AMPLICON,600,64662942,PRJNA1242518,SAMN47595330,Metagenome or environmental,46947035,KOOKMIN UNIVERSITY,not applicable,public,"fastq,run.zq,sra","gs,ncbi,s3","gs.us-east1,ncbi.public,s3.us-east-1",SRX28808293,South Korea,Asia,South Korea: Seoul,Homo sapiens,Illumina MiSeq,asd7196,not applicable,missing,S48,PAIRED,PCR,METAGENOMIC,human gut metagenome,ILLUMINA,2025-05-15T00:00:00Z,2025-05-15T05:21:00Z,1,S48,Human feces,SRP585476,not applicable
SRR33578331,AMPLICON,600,63905752,PRJNA1242518,SAMN47595329,Metagenome or environmental,46008742,KOOKMIN UNIVERSITY,not applicable,public,"fastq,run.zq,sra","gs,ncbi,s3","gs.us-east1,ncbi.public,s3.us-east-1",SRX28808292,South Korea,Asia,South Korea: Seoul,Homo sapiens,Illumina MiSeq,ees2013,not applicable,missing,S47,PAIRED,PCR,METAGENOMIC,human gut metagenome,ILLUMINA,2025-05-15T00:00:00Z,2025-05-15T05:21:00Z,1,S47,Human feces,SRP585476,not applicable
SRR33578332,AMPLICON,600,69441175,PRJNA1242518,SAMN47595328,Metagenome or environmental,50135392,KOOKMIN UNIVERSITY,not applicable,public,"fastq,run.zq,sra","gs,ncbi,s3","gs.us-east1,ncbi.public,s3.us-east-1",SRX28808291,South Korea,Asia,South Korea: Seoul,Homo sapiens,Illumina MiSeq,jyj8827,not applicable,missing,S46,PAIRED,PCR,METAGENOMIC,human gut metagenome,ILLUMINA,2025-05-15T00:00:00Z,2025-05-15T05:21:00Z,1,S46,Human feces,SRP585476,not applicable
SRR33578333,AMPLICON,600,74376749,PRJNA1242518,SAMN47595327,Metagenome or environmental,53614822,KOOKMIN UNIVERSITY,not applicable,public,"fastq,run.zq,sra","gs,ncbi,s3","gs.us-east1,ncbi.public,s3.us-east-1",SRX28808290,South Korea,Asia,South Korea: Seoul,Homo sapiens,Illumina MiSeq,psr9047,not applicable,missing,S45,PAIRED,PCR,METAGENOMIC,human gut metagenome,ILLUMINA,2025-05-15T00:00:00Z,2025-05-15T05:21:00Z,1,S45,Human feces,SRP585476,not applicable
SRR33578334,AMPLICON,600,79347505,PRJNA1242518,SAMN47595326,Metagenome or environmental,57353791,KOOKMIN UNIVERSITY,not applicable,public,"fastq,run.zq,sra","gs,ncbi,s3","gs.us-east1,ncbi.public,s3.us-east-1",SRX28808289,South Korea,Asia,South Korea: Seoul,Homo sapiens,Illumina MiSeq,phy0798,not applicable,missing,S44,PAIRED,PCR,METAGENOMIC,human gut metagenome,ILLUMINA,2025-05-15T00:00:00Z,2025-05-15T05:21:00Z,1,S44,Human feces,SRP585476,not applicable
SRR33578335,AMPLICON,600,50328099,PRJNA1242518,SAMN47595325,Metagenome or environmental,36333698,KOOKMIN UNIVERSITY,not applicable,public,"fastq,run.zq,sra","gs,ncbi,s3","gs.us-east1,ncbi.public,s3.us-east-1",SRX28808288,South Korea,Asia,South Korea: Seoul,Homo sapiens,Illumina MiSeq,psh0887,not applicable,missing,S43,PAIRED,PCR,METAGENOMIC,human gut metagenome,ILLUMINA,2025-05-15T00:00:00Z,2025-05-15T05:20:00Z,1,S43,Human feces,SRP585476,not applicable
SRR33578336,AMPLICON,600,40495932,PRJNA1242518,SAMN47595289,Metagenome or environmental,29266036,KOOKMIN UNIVERSITY,not applicable,public,"fastq,run.zq,sra","gs,ncbi,s3","gs.us-east1,ncbi.public,s3.us-east-1",SRX28808287,South Korea,Asia,South Korea: Seoul,Homo sapiens,Illumina MiSeq,kjh1250,not applicable,missing,S05,PAIRED,PCR,METAGENOMIC,human gut metagenome,ILLUMINA,2025-05-15T00:00:00Z,2025-05-15T05:21:00Z,1,S05,Human feces,SRP585476,not applicable
SRR33578337,AMPLICON,600,74824431,PRJNA1242518,SAMN47595324,Metagenome or environmental,53722985,KOOKMIN UNIVERSITY,not applicable,public,"fastq,run.zq,sra","gs,ncbi,s3","gs.us-east1,ncbi.public,s3.us-east-1",SRX28808286,South Korea,Asia,South Korea: Seoul,Homo sapiens,Illumina MiSeq,kyj0449,not applicable,missing,S42,PAIRED,PCR,METAGENOMIC,human gut metagenome,ILLUMINA,2025-05-15T00:00:00Z,2025-05-15T05:20:00Z,1,S42,Human feces,SRP585476,not applicable
SRR33578338,AMPLICON,600,142544201,PRJNA1242518,SAMN47595323,Metagenome or environmental,102481987,KOOKMIN UNIVERSITY,not applicable,public,"fastq,run.zq,sra","gs,ncbi,s3","gs.us-east1,ncbi.public,s3.us-east-1",SRX28808285,South Korea,Asia,South Korea: Seoul,Homo sapiens,Illumina MiSeq,ckk6688,not applicable,missing,S41,PAIRED,PCR,METAGENOMIC,human gut metagenome,ILLUMINA,2025-05-15T00:00:00Z,2025-05-15T05:21:00Z,1,S41,Human feces,SRP585476,not applicable
SRR33578339,AMPLICON,600,54610385,PRJNA1242518,SAMN47595322,Metagenome or environmental,39438350,KOOKMIN UNIVERSITY,not applicable,public,"fastq,run.zq,sra","gs,ncbi,s3","gs.us-east1,ncbi.public,s3.us-east-1",SRX28808284,South Korea,Asia,South Korea: Seoul,Homo sapiens,Illumina MiSeq,hyg6577,not applicable,missing,S40,PAIRED,PCR,METAGENOMIC,human gut metagenome,ILLUMINA,2025-05-15T00:00:00Z,2025-05-15T05:20:00Z,1,S40,Human feces,SRP585476,not applicable
SRR33578340,AMPLICON,600,63944947,PRJNA1242518,SAMN47595321,Metagenome or environmental,45338151,KOOKMIN UNIVERSITY,not applicable,public,"fastq,run.zq,sra","gs,ncbi,s3","gs.us-east1,ncbi.public,s3.us-east-1",SRX28808283,South Korea,Asia,South Korea: Seoul,Homo sapiens,Illumina MiSeq,lje4150,not applicable,missing,S39,PAIRED,PCR,METAGENOMIC,human gut metagenome,ILLUMINA,2025-05-15T00:00:00Z,2025-05-15T05:21:00Z,1,S39,Human feces,SRP585476,not applicable
SRR33578341,AMPLICON,600,175451646,PRJNA1242518,SAMN47595320,Metagenome or environmental,125958187,KOOKMIN UNIVERSITY,not applicable,public,"fastq,run.zq,sra","gs,ncbi,s3","gs.us-east1,ncbi.public,s3.us-east-1",SRX28808282,South Korea,Asia,South Korea: Seoul,Homo sapiens,Illumina MiSeq,kyh9213,not applicable,missing,S38,PAIRED,PCR,METAGENOMIC,human gut metagenome,ILLUMINA,2025-05-15T00:00:00Z,2025-05-15T05:21:00Z,1,S38,Human feces,SRP585476,not applicable
SRR33578342,AMPLICON,600,67717172,PRJNA1242518,SAMN47595319,Metagenome or environmental,48330181,KOOKMIN UNIVERSITY,not applicable,public,"fastq,run.zq,sra","gs,ncbi,s3","gs.us-east1,ncbi.public,s3.us-east-1",SRX28808281,South Korea,Asia,South Korea: Seoul,Homo sapiens,Illumina MiSeq,kjh1325,not applicable,missing,S37,PAIRED,PCR,METAGENOMIC,human gut metagenome,ILLUMINA,2025-05-15T00:00:00Z,2025-05-15T05:21:00Z,1,S37,Human feces,SRP585476,not applicable
SRR33578343,AMPLICON,600,54013754,PRJNA1242518,SAMN47595318,Metagenome or environmental,38201011,KOOKMIN UNIVERSITY,not applicable,public,"fastq,run.zq,sra","gs,ncbi,s3","gs.us-east1,ncbi.public,s3.us-east-1",SRX28808280,South Korea,Asia,South Korea: Seoul,Homo sapiens,Illumina MiSeq,cjo7257,not applicable,missing,S36,PAIRED,PCR,METAGENOMIC,human gut metagenome,ILLUMINA,2025-05-15T00:00:00Z,2025-05-15T05:21:00Z,1,S36,Human feces,SRP585476,not applicable
SRR33578344,AMPLICON,599,66627304,PRJNA1242518,SAMN47595317,Metagenome or environmental,47622096,KOOKMIN UNIVERSITY,not applicable,public,"fastq,run.zq,sra","gs,ncbi,s3","gs.us-east1,ncbi.public,s3.us-east-1",SRX28808279,South Korea,Asia,South Korea: Seoul,Homo sapiens,Illumina MiSeq,lej7516,not applicable,missing,S35,PAIRED,PCR,METAGENOMIC,human gut metagenome,ILLUMINA,2025-05-15T00:00:00Z,2025-05-15T05:20:00Z,1,S35,Human feces,SRP585476,not applicable
SRR33578345,AMPLICON,599,49462070,PRJNA1242518,SAMN47595316,Metagenome or environmental,35443472,KOOKMIN UNIVERSITY,not applicable,public,"fastq,run.zq,sra","gs,ncbi,s3","gs.us-east1,ncbi.public,s3.us-east-1",SRX28808278,South Korea,Asia,South Korea: Seoul,Homo sapiens,Illumina MiSeq,lhs6596,not applicable,missing,S34,PAIRED,PCR,METAGENOMIC,human gut metagenome,ILLUMINA,2025-05-15T00:00:00Z,2025-05-15T05:21:00Z,1,S34,Human feces,SRP585476,not applicable
SRR33578346,AMPLICON,600,54182129,PRJNA1242518,SAMN47595315,Metagenome or environmental,38722173,KOOKMIN UNIVERSITY,not applicable,public,"fastq,run.zq,sra","gs,ncbi,s3","gs.us-east1,ncbi.public,s3.us-east-1",SRX28808277,South Korea,Asia,South Korea: Seoul,Homo sapiens,Illumina MiSeq,gjy3441,not applicable,missing,S33,PAIRED,PCR,METAGENOMIC,human gut metagenome,ILLUMINA,2025-05-15T00:00:00Z,2025-05-15T05:20:00Z,1,S33,Human feces,SRP585476,not applicable
SRR33578347,AMPLICON,600,36595497,PRJNA1242518,SAMN47595288,Metagenome or environmental,26577807,KOOKMIN UNIVERSITY,not applicable,public,"fastq,run.zq,sra","gs,ncbi,s3","gs.us-east1,ncbi.public,s3.us-east-1",SRX28808276,South Korea,Asia,South Korea: Seoul,Homo sapiens,Illumina MiSeq,jjk3883,not applicable,missing,S04,PAIRED,PCR,METAGENOMIC,human gut metagenome,ILLUMINA,2025-05-15T00:00:00Z,2025-05-15T05:21:00Z,1,S04,Human feces,SRP585476,not applicable
SRR33578348,AMPLICON,600,41376973,PRJNA1242518,SAMN47595314,Metagenome or environmental,29717503,KOOKMIN UNIVERSITY,not applicable,public,"fastq,run.zq,sra","gs,ncbi,s3","gs.us-east1,ncbi.public,s3.us-east-1",SRX28808275,South Korea,Asia,South Korea: Seoul,Homo sapiens,Illumina MiSeq,hsh0396,not applicable,missing,S32,PAIRED,PCR,METAGENOMIC,human gut metagenome,ILLUMINA,2025-05-15T00:00:00Z,2025-05-15T05:21:00Z,1,S32,Human feces,SRP585476,not applicable
SRR33578349,AMPLICON,599,52994755,PRJNA1242518,SAMN47595313,Metagenome or environmental,38046035,KOOKMIN UNIVERSITY,not applicable,public,"fastq,run.zq,sra","gs,ncbi,s3","gs.us-east1,ncbi.public,s3.us-east-1",SRX28808274,South Korea,Asia,South Korea: Seoul,Homo sapiens,Illumina MiSeq,lsd0118,not applicable,missing,S31,PAIRED,PCR,METAGENOMIC,human gut metagenome,ILLUMINA,2025-05-15T00:00:00Z,2025-05-15T05:21:00Z,1,S31,Human feces,SRP585476,not applicable
SRR33578350,AMPLICON,597,78231405,PRJNA1242518,SAMN47595312,Metagenome or environmental,56302080,KOOKMIN UNIVERSITY,not applicable,public,"fastq,run.zq,sra","gs,ncbi,s3","gs.us-east1,ncbi.public,s3.us-east-1",SRX28808273,South Korea,Asia,South Korea: Seoul,Homo sapiens,Illumina MiSeq,kdw5534,not applicable,missing,S30,PAIRED,PCR,METAGENOMIC,human gut metagenome,ILLUMINA,2025-05-15T00:00:00Z,2025-05-15T05:21:00Z,1,S30,Human feces,SRP585476,not applicable
SRR33578351,AMPLICON,600,64669020,PRJNA1242518,SAMN47595311,Metagenome or environmental,47219336,KOOKMIN UNIVERSITY,not applicable,public,"fastq,run.zq,sra","gs,ncbi,s3","gs.us-east1,ncbi.public,s3.us-east-1",SRX28808272,South Korea,Asia,South Korea: Seoul,Homo sapiens,Illumina MiSeq,jhj9359,not applicable,missing,S29,PAIRED,PCR,METAGENOMIC,human gut metagenome,ILLUMINA,2025-05-15T00:00:00Z,2025-05-15T05:21:00Z,1,S29,Human feces,SRP585476,not applicable
SRR33578352,AMPLICON,599,55565303,PRJNA1242518,SAMN47595310,Metagenome or environmental,39910253,KOOKMIN UNIVERSITY,not applicable,public,"fastq,run.zq,sra","gs,ncbi,s3","gs.us-east1,ncbi.public,s3.us-east-1",SRX28808271,South Korea,Asia,South Korea: Seoul,Homo sapiens,Illumina MiSeq,bws0052,not applicable,missing,S28,PAIRED,PCR,METAGENOMIC,human gut metagenome,ILLUMINA,2025-05-15T00:00:00Z,2025-05-15T05:21:00Z,1,S28,Human feces,SRP585476,not applicable
SRR33578353,AMPLICON,600,75053471,PRJNA1242518,SAMN47595309,Metagenome or environmental,54255562,KOOKMIN UNIVERSITY,not applicable,public,"fastq,run.zq,sra","gs,ncbi,s3","gs.us-east1,ncbi.public,s3.us-east-1",SRX28808270,South Korea,Asia,South Korea: Seoul,Homo sapiens,Illumina MiSeq,kes0929,not applicable,missing,S27,PAIRED,PCR,METAGENOMIC,human gut metagenome,ILLUMINA,2025-05-15T00:00:00Z,2025-05-15T05:21:00Z,1,S27,Human feces,SRP585476,not applicable
SRR33578354,AMPLICON,600,58347328,PRJNA1242518,SAMN47595308,Metagenome or environmental,41917527,KOOKMIN UNIVERSITY,not applicable,public,"fastq,run.zq,sra","gs,ncbi,s3","gs.us-east1,ncbi.public,s3.us-east-1",SRX28808269,South Korea,Asia,South Korea: Seoul,Homo sapiens,Illumina MiSeq,lsh1349,not applicable,missing,S26,PAIRED,PCR,METAGENOMIC,human gut metagenome,ILLUMINA,2025-05-15T00:00:00Z,2025-05-15T05:21:00Z,1,S26,Human feces,SRP585476,not applicable
SRR33578355,AMPLICON,600,64975486,PRJNA1242518,SAMN47595307,Metagenome or environmental,46690583,KOOKMIN UNIVERSITY,not applicable,public,"fastq,run.zq,sra","gs,ncbi,s3","gs.us-east1,ncbi.public,s3.us-east-1",SRX28808268,South Korea,Asia,South Korea: Seoul,Homo sapiens,Illumina MiSeq,shs3097,not applicable,missing,S25,PAIRED,PCR,METAGENOMIC,human gut metagenome,ILLUMINA,2025-05-15T00:00:00Z,2025-05-15T05:21:00Z,1,S25,Human feces,SRP585476,not applicable
SRR33578356,AMPLICON,599,59109067,PRJNA1242518,SAMN47595306,Metagenome or environmental,43123965,KOOKMIN UNIVERSITY,not applicable,public,"fastq,run.zq,sra","gs,ncbi,s3","gs.us-east1,ncbi.public,s3.us-east-1",SRX28808267,South Korea,Asia,South Korea: Seoul,Homo sapiens,Illumina MiSeq,lky3132,not applicable,missing,S24,PAIRED,PCR,METAGENOMIC,human gut metagenome,ILLUMINA,2025-05-15T00:00:00Z,2025-05-15T05:21:00Z,1,S24,Human feces,SRP585476,not applicable
SRR33578357,AMPLICON,600,55399309,PRJNA1242518,SAMN47595305,Metagenome or environmental,40134212,KOOKMIN UNIVERSITY,not applicable,public,"fastq,run.zq,sra","gs,ncbi,s3","gs.us-east1,ncbi.public,s3.us-east-1",SRX28808266,South Korea,Asia,South Korea: Seoul,Homo sapiens,Illumina MiSeq,sbk3132,not applicable,missing,S23,PAIRED,PCR,METAGENOMIC,human gut metagenome,ILLUMINA,2025-05-15T00:00:00Z,2025-05-15T05:21:00Z,1,S23,Human feces,SRP585476,not applicable
SRR33578358,AMPLICON,600,61642629,PRJNA1242518,SAMN47595287,Metagenome or environmental,44864452,KOOKMIN UNIVERSITY,not applicable,public,"fastq,run.zq,sra","gs,ncbi,s3","gs.us-east1,ncbi.public,s3.us-east-1",SRX28808265,South Korea,Asia,South Korea: Seoul,Homo sapiens,Illumina MiSeq,phy2846,not applicable,missing,S03,PAIRED,PCR,METAGENOMIC,human gut metagenome,ILLUMINA,2025-05-15T00:00:00Z,2025-05-15T05:21:00Z,1,S03,Human feces,SRP585476,not applicable
SRR33578359,AMPLICON,600,64601598,PRJNA1242518,SAMN47595304,Metagenome or environmental,46914788,KOOKMIN UNIVERSITY,not applicable,public,"fastq,run.zq,sra","gs,ncbi,s3","gs.us-east1,ncbi.public,s3.us-east-1",SRX28808264,South Korea,Asia,South Korea: Seoul,Homo sapiens,Illumina MiSeq,lyj3086,not applicable,missing,S22,PAIRED,PCR,METAGENOMIC,human gut metagenome,ILLUMINA,2025-05-15T00:00:00Z,2025-05-15T05:21:00Z,1,S22,Human feces,SRP585476,not applicable
SRR33578360,AMPLICON,599,69537670,PRJNA1242518,SAMN47595303,Metagenome or environmental,50328693,KOOKMIN UNIVERSITY,not applicable,public,"fastq,run.zq,sra","gs,ncbi,s3","gs.us-east1,ncbi.public,s3.us-east-1",SRX28808263,South Korea,Asia,South Korea: Seoul,Homo sapiens,Illumina MiSeq,jkc9566,not applicable,missing,S21,PAIRED,PCR,METAGENOMIC,human gut metagenome,ILLUMINA,2025-05-15T00:00:00Z,2025-05-15T05:21:00Z,1,S21,Human feces,SRP585476,not applicable
SRR33578361,AMPLICON,600,62220014,PRJNA1242518,SAMN47595302,Metagenome or environmental,45381997,KOOKMIN UNIVERSITY,not applicable,public,"fastq,run.zq,sra","gs,ncbi,s3","gs.us-east1,ncbi.public,s3.us-east-1",SRX28808262,South Korea,Asia,South Korea: Seoul,Homo sapiens,Illumina MiSeq,kay7509,not applicable,missing,S20,PAIRED,PCR,METAGENOMIC,human gut metagenome,ILLUMINA,2025-05-15T00:00:00Z,2025-05-15T05:21:00Z,1,S20,Human feces,SRP585476,not applicable
SRR33578362,AMPLICON,600,58898183,PRJNA1242518,SAMN47595301,Metagenome or environmental,43055199,KOOKMIN UNIVERSITY,not applicable,public,"fastq,run.zq,sra","gs,ncbi,s3","gs.us-east1,ncbi.public,s3.us-east-1",SRX28808261,South Korea,Asia,South Korea: Seoul,Homo sapiens,Illumina MiSeq,cyh7549,not applicable,missing,S19,PAIRED,PCR,METAGENOMIC,human gut metagenome,ILLUMINA,2025-05-15T00:00:00Z,2025-05-15T05:21:00Z,1,S19,Human feces,SRP585476,not applicable
SRR33578363,AMPLICON,600,55033181,PRJNA1242518,SAMN47595300,Metagenome or environmental,39937994,KOOKMIN UNIVERSITY,not applicable,public,"fastq,run.zq,sra","gs,ncbi,s3","gs.us-east1,ncbi.public,s3.us-east-1",SRX28808260,South Korea,Asia,South Korea: Seoul,Homo sapiens,Illumina MiSeq,ehj4300,not applicable,missing,S18,PAIRED,PCR,METAGENOMIC,human gut metagenome,ILLUMINA,2025-05-15T00:00:00Z,2025-05-15T05:21:00Z,1,S18,Human feces,SRP585476,not applicable
SRR33578364,AMPLICON,600,59609682,PRJNA1242518,SAMN47595299,Metagenome or environmental,43052875,KOOKMIN UNIVERSITY,not applicable,public,"fastq,run.zq,sra","gs,ncbi,s3","gs.us-east1,ncbi.public,s3.us-east-1",SRX28808259,South Korea,Asia,South Korea: Seoul,Homo sapiens,Illumina MiSeq,knw9900,not applicable,missing,S17,PAIRED,PCR,METAGENOMIC,human gut metagenome,ILLUMINA,2025-05-15T00:00:00Z,2025-05-15T05:21:00Z,1,S17,Human feces,SRP585476,not applicable
SRR33578365,AMPLICON,600,54992686,PRJNA1242518,SAMN47595298,Metagenome or environmental,39982894,KOOKMIN UNIVERSITY,not applicable,public,"fastq,run.zq,sra","gs,ncbi,s3","gs.us-east1,ncbi.public,s3.us-east-1",SRX28808258,South Korea,Asia,South Korea: Seoul,Homo sapiens,Illumina MiSeq,lgp4455,not applicable,missing,S16,PAIRED,PCR,METAGENOMIC,human gut metagenome,ILLUMINA,2025-05-15T00:00:00Z,2025-05-15T05:21:00Z,1,S16,Human feces,SRP585476,not applicable
SRR33578366,AMPLICON,600,27206606,PRJNA1242518,SAMN47595297,Metagenome or environmental,19719171,KOOKMIN UNIVERSITY,not applicable,public,"fastq,run.zq,sra","gs,ncbi,s3","gs.us-east1,ncbi.public,s3.us-east-1",SRX28808257,South Korea,Asia,South Korea: Seoul,Homo sapiens,Illumina MiSeq,jey6680,not applicable,missing,S15,PAIRED,PCR,METAGENOMIC,human gut metagenome,ILLUMINA,2025-05-15T00:00:00Z,2025-05-15T05:21:00Z,1,S15,Human feces,SRP585476,not applicable
SRR33578367,AMPLICON,600,61609122,PRJNA1242518,SAMN47595296,Metagenome or environmental,44939485,KOOKMIN UNIVERSITY,not applicable,public,"fastq,run.zq,sra","gs,ncbi,s3","gs.us-east1,ncbi.public,s3.us-east-1",SRX28808256,South Korea,Asia,South Korea: Seoul,Homo sapiens,Illumina MiSeq,syr7085,not applicable,missing,S14,PAIRED,PCR,METAGENOMIC,human gut metagenome,ILLUMINA,2025-05-15T00:00:00Z,2025-05-15T05:21:00Z,1,S14,Human feces,SRP585476,not applicable
SRR33578368,AMPLICON,600,72236112,PRJNA1242518,SAMN47595295,Metagenome or environmental,52157844,KOOKMIN UNIVERSITY,not applicable,public,"fastq,run.zq,sra","gs,ncbi,s3","gs.us-east1,ncbi.public,s3.us-east-1",SRX28808255,South Korea,Asia,South Korea: Seoul,Homo sapiens,Illumina MiSeq,hje7187,not applicable,missing,S13,PAIRED,PCR,METAGENOMIC,human gut metagenome,ILLUMINA,2025-05-15T00:00:00Z,2025-05-15T05:21:00Z,1,S13,Human feces,SRP585476,not applicable
SRR33578369,AMPLICON,600,42029093,PRJNA1242518,SAMN47595286,Metagenome or environmental,30323561,KOOKMIN UNIVERSITY,not applicable,public,"fastq,run.zq,sra","gs,ncbi,s3","gs.us-east1,ncbi.public,s3.us-east-1",SRX28808254,South Korea,Asia,South Korea: Seoul,Homo sapiens,Illumina MiSeq,kdh3849,not applicable,missing,S02,PAIRED,PCR,METAGENOMIC,human gut metagenome,ILLUMINA,2025-05-15T00:00:00Z,2025-05-15T05:21:00Z,1,S02,Human feces,SRP585476,not applicable
SRR33578370,AMPLICON,600,133235362,PRJNA1242518,SAMN47595285,Metagenome or environmental,94926341,KOOKMIN UNIVERSITY,not applicable,public,"fastq,run.zq,sra","gs,ncbi,s3","gs.us-east1,ncbi.public,s3.us-east-1",SRX28808253,South Korea,Asia,South Korea: Seoul,Homo sapiens,Illumina MiSeq,pjh4994,not applicable,missing,S01,PAIRED,PCR,METAGENOMIC,human gut metagenome,ILLUMINA,2025-05-15T00:00:00Z,2025-05-15T05:21:00Z,1,S01,Human feces,SRP585476,not applicable
